[15Aug2026 14:33:59.445] [main/INFO] [cpw.mods.modlauncher.Launcher/MODLAUNCHER]: ModLauncher running: args [--gameDir, ., --launchTarget, fmluserdevclient, --fml.mcpVersion, 20210115.111550, --fml.mcVersion, 1.16.5, --fml.forgeGroup, net.minecraftforge, --fml.forgeVersion, 36.2.42, --assetIndex, 1.16, --assetsDir, C:\Users\ch\.gradle\caches\forge_gradle\assets, --version, MOD_DEV, --username, Dev, --accessToken, ????????, --userProperties, {}]
[15Aug2026 14:33:59.457] [main/INFO] [cpw.mods.modlauncher.Launcher/MODLAUNCHER]: ModLauncher 8.1.3+8.1.3+main-8.1.x.c94d18ec starting: java version 1.8.0_502 by Temurin
[15Aug2026 14:33:59.522] [main/DEBUG] [cpw.mods.modlauncher.LaunchServiceHandler/MODLAUNCHER]: Found launch services [minecraft,fmldevdata,fmldevclient,fmldevserver,fmluserdevserver,testharness,fmluserdevdata,fmlclient,fmluserdevclient,fmlserver]
[15Aug2026 14:33:59.575] [main/DEBUG] [cpw.mods.modlauncher.NameMappingServiceHandler/MODLAUNCHER]: Found naming services : [srgtomcp]
[15Aug2026 14:33:59.694] [main/DEBUG] [cpw.mods.modlauncher.LaunchPluginHandler/MODLAUNCHER]: Found launch plugins: [mixin,eventbus,object_holder_definalize,runtime_enum_extender,accesstransformer,capability_inject_definalize,runtimedistcleaner]
[15Aug2026 14:33:59.751] [main/DEBUG] [cpw.mods.modlauncher.TransformationServicesHandler/MODLAUNCHER]: Discovering transformation services
[15Aug2026 14:33:59.768] [main/DEBUG] [cpw.mods.modlauncher.TransformationServicesHandler/MODLAUNCHER]: Found additional transformation services from discovery services: []
[15Aug2026 14:34:00.210] [main/DEBUG] [cpw.mods.modlauncher.TransformationServicesHandler/MODLAUNCHER]: Found transformer services : [mixin,fml]
[15Aug2026 14:34:00.213] [main/DEBUG] [cpw.mods.modlauncher.TransformationServicesHandler/MODLAUNCHER]: Transformation services loading
[15Aug2026 14:34:00.215] [main/DEBUG] [cpw.mods.modlauncher.TransformationServiceDecorator/MODLAUNCHER]: Loading service mixin
[15Aug2026 14:34:00.216] [main/DEBUG] [cpw.mods.modlauncher.TransformationServiceDecorator/MODLAUNCHER]: Loaded service mixin
[15Aug2026 14:34:00.219] [main/DEBUG] [cpw.mods.modlauncher.TransformationServiceDecorator/MODLAUNCHER]: Loading service fml
[15Aug2026 14:34:00.219] [main/DEBUG] [net.minecraftforge.fml.loading.FMLServiceProvider/]: Injecting tracing printstreams for STDOUT/STDERR.
[15Aug2026 14:34:00.229] [main/DEBUG] [net.minecraftforge.fml.loading.LauncherVersion/CORE]: Found FMLLauncher version 36.2
[15Aug2026 14:34:00.230] [main/DEBUG] [net.minecraftforge.fml.loading.FMLLoader/CORE]: FML 36.2 loading
[15Aug2026 14:34:00.231] [main/DEBUG] [net.minecraftforge.fml.loading.FMLLoader/CORE]: FML found ModLauncher version : 8.1.3+8.1.3+main-8.1.x.c94d18ec
[15Aug2026 14:34:00.234] [main/DEBUG] [net.minecraftforge.fml.loading.FMLLoader/CORE]: Initializing modjar URL handler
[15Aug2026 14:34:00.236] [main/DEBUG] [net.minecraftforge.fml.loading.FMLLoader/CORE]: FML found AccessTransformer version : 3.0.1+61+master.47bca0e
[15Aug2026 14:34:00.241] [main/DEBUG] [net.minecraftforge.fml.loading.FMLLoader/CORE]: FML found EventBus version : 4.0.0+65+master.6080a3f
[15Aug2026 14:34:00.245] [main/DEBUG] [net.minecraftforge.fml.loading.FMLLoader/CORE]: Found Runtime Dist Cleaner
[15Aug2026 14:34:00.273] [main/DEBUG] [net.minecraftforge.fml.loading.FMLLoader/CORE]: FML found CoreMod version : 4.0.6+14+master.c21a551
[15Aug2026 14:34:00.276] [main/DEBUG] [net.minecraftforge.fml.loading.FMLLoader/CORE]: Found ForgeSPI package implementation version 3.2.0+13+master.8ddb2cc
[15Aug2026 14:34:00.278] [main/DEBUG] [net.minecraftforge.fml.loading.FMLLoader/CORE]: Found ForgeSPI package specification 3
[15Aug2026 14:34:00.915] [main/INFO] [net.minecraftforge.fml.loading.FixSSL/CORE]: Added Lets Encrypt root certificates as additional trust
[15Aug2026 14:34:00.917] [main/DEBUG] [cpw.mods.modlauncher.TransformationServiceDecorator/MODLAUNCHER]: Loaded service fml
[15Aug2026 14:34:00.926] [main/DEBUG] [cpw.mods.modlauncher.TransformationServicesHandler/MODLAUNCHER]: Configuring option handling for services
[15Aug2026 14:34:00.949] [main/DEBUG] [cpw.mods.modlauncher.TransformationServicesHandler/MODLAUNCHER]: Transformation services initializing
[15Aug2026 14:34:00.951] [main/DEBUG] [cpw.mods.modlauncher.TransformationServiceDecorator/MODLAUNCHER]: Initializing transformation service mixin
[15Aug2026 14:34:01.146] [main/DEBUG] [mixin/]: Mixin bootstrap service org.spongepowered.asm.service.mojang.MixinServiceLaunchWrapperBootstrap is not available: LaunchWrapper is not available
[15Aug2026 14:34:01.147] [main/DEBUG] [mixin/]: MixinService [ModLauncher] was successfully booted in sun.misc.Launcher$AppClassLoader@7852e922
[15Aug2026 14:34:01.235] [main/INFO] [mixin/]: SpongePowered MIXIN Subsystem Version=0.8.4 Source=file:/C:/Users/ch/.gradle/caches/modules-2/files-2.1/org.spongepowered/mixin/0.8.4/4ec7d77d9ab32596ca0b78bb123956734767e3a/mixin-0.8.4.jar Service=ModLauncher Env=CLIENT
[15Aug2026 14:34:01.253] [main/DEBUG] [mixin/]: Initialising Mixin Platform Manager
[15Aug2026 14:34:01.254] [main/DEBUG] [mixin/]: Adding mixin platform agents for container ModLauncher Root Container(ModLauncher:4f56a0a2)
[15Aug2026 14:34:01.256] [main/DEBUG] [mixin/]: Instancing new MixinPlatformAgentMinecraftForge for ModLauncher Root Container(ModLauncher:4f56a0a2)
[15Aug2026 14:34:01.263] [main/DEBUG] [mixin/]: MixinPlatformAgentMinecraftForge rejected container ModLauncher Root Container(ModLauncher:4f56a0a2)
[15Aug2026 14:34:01.268] [main/DEBUG] [mixin/]: Instancing new MixinPlatformAgentDefault for ModLauncher Root Container(ModLauncher:4f56a0a2)
[15Aug2026 14:34:01.271] [main/DEBUG] [mixin/]: MixinPlatformAgentDefault accepted container ModLauncher Root Container(ModLauncher:4f56a0a2)
[15Aug2026 14:34:01.279] [main/DEBUG] [cpw.mods.modlauncher.TransformationServiceDecorator/MODLAUNCHER]: Initialized transformation service mixin
[15Aug2026 14:34:01.281] [main/DEBUG] [cpw.mods.modlauncher.TransformationServiceDecorator/MODLAUNCHER]: Initializing transformation service fml
[15Aug2026 14:34:01.281] [main/DEBUG] [net.minecraftforge.fml.loading.FMLServiceProvider/CORE]: Setting up basic FML game directories
[15Aug2026 14:34:01.286] [main/DEBUG] [net.minecraftforge.fml.loading.FileUtils/CORE]: Found existing GAMEDIR directory : C:\Users\ch\Downloads\McBotAI\McBotAI\run
[15Aug2026 14:34:01.293] [main/DEBUG] [net.minecraftforge.fml.loading.FMLPaths/CORE]: Path GAMEDIR is C:\Users\ch\Downloads\McBotAI\McBotAI\run
[15Aug2026 14:34:01.295] [main/DEBUG] [net.minecraftforge.fml.loading.FileUtils/CORE]: Found existing MODSDIR directory : C:\Users\ch\Downloads\McBotAI\McBotAI\run\mods
[15Aug2026 14:34:01.295] [main/DEBUG] [net.minecraftforge.fml.loading.FMLPaths/CORE]: Path MODSDIR is C:\Users\ch\Downloads\McBotAI\McBotAI\run\mods
[15Aug2026 14:34:01.296] [main/DEBUG] [net.minecraftforge.fml.loading.FileUtils/CORE]: Found existing CONFIGDIR directory : C:\Users\ch\Downloads\McBotAI\McBotAI\run\config
[15Aug2026 14:34:01.297] [main/DEBUG] [net.minecraftforge.fml.loading.FMLPaths/CORE]: Path CONFIGDIR is C:\Users\ch\Downloads\McBotAI\McBotAI\run\config
[15Aug2026 14:34:01.297] [main/DEBUG] [net.minecraftforge.fml.loading.FMLPaths/CORE]: Path FMLCONFIG is C:\Users\ch\Downloads\McBotAI\McBotAI\run\config\fml.toml
[15Aug2026 14:34:01.298] [main/DEBUG] [net.minecraftforge.fml.loading.FMLServiceProvider/CORE]: Loading configuration
[15Aug2026 14:34:01.481] [main/DEBUG] [net.minecraftforge.fml.loading.FileUtils/CORE]: Found existing default config directory directory : C:\Users\ch\Downloads\McBotAI\McBotAI\run\defaultconfigs
[15Aug2026 14:34:01.485] [main/DEBUG] [net.minecraftforge.fml.loading.FMLServiceProvider/CORE]: Preparing ModFile
[15Aug2026 14:34:01.494] [main/DEBUG] [net.minecraftforge.fml.loading.FMLServiceProvider/CORE]: Preparing launch handler
[15Aug2026 14:34:01.496] [main/DEBUG] [net.minecraftforge.fml.loading.FMLLoader/CORE]: Using fmluserdevclient as launch service
[15Aug2026 14:34:01.519] [main/DEBUG] [net.minecraftforge.fml.loading.FMLLoader/CORE]: Received command line version data  : MC Version: '1.16.5' MCP Version: '20210115.111550' Forge Version: '36.2.42' Forge group: 'net.minecraftforge'
[15Aug2026 14:34:01.521] [main/DEBUG] [net.minecraftforge.fml.loading.LibraryFinder/CORE]: Found JAR forge at path C:\Users\ch\.gradle\caches\forge_gradle\minecraft_user_repo\net\minecraftforge\forge\1.16.5-36.2.42_mapped_official_1.16.5\forge-1.16.5-36.2.42_mapped_official_1.16.5.jar
[15Aug2026 14:34:01.522] [main/DEBUG] [net.minecraftforge.fml.loading.LibraryFinder/CORE]: Found JAR mcdata at path C:\Users\ch\.gradle\caches\forge_gradle\minecraft_repo\versions\1.16.5\client-extra.jar
[15Aug2026 14:34:01.523] [main/DEBUG] [net.minecraftforge.userdev.FMLUserdevLaunchProvider/CORE]: Injecting maven path C:\Users\ch\.gradle\caches\forge_gradle\minecraft_user_repo
[15Aug2026 14:34:01.525] [main/DEBUG] [net.minecraftforge.fml.loading.FMLCommonLaunchHandler/CORE]: Got mod coordinates examplemod%%C:\Users\ch\Downloads\McBotAI\McBotAI\build\resources\main;examplemod%%C:\Users\ch\Downloads\McBotAI\McBotAI\build\classes\java\main from env
[15Aug2026 14:34:01.548] [main/DEBUG] [net.minecraftforge.fml.loading.FMLCommonLaunchHandler/CORE]: Found supplied mod coordinates [{examplemod=[C:\Users\ch\Downloads\McBotAI\McBotAI\build\resources\main, C:\Users\ch\Downloads\McBotAI\McBotAI\build\classes\java\main]}]
[15Aug2026 14:34:01.569] [main/DEBUG] [net.minecraftforge.fml.loading.LanguageLoadingProvider/CORE]: Found 2 language providers
[15Aug2026 14:34:01.571] [main/DEBUG] [net.minecraftforge.fml.loading.LanguageLoadingProvider/CORE]: Found language provider javafml, version 36.2
[15Aug2026 14:34:01.588] [main/DEBUG] [net.minecraftforge.fml.loading.LanguageLoadingProvider/CORE]: Found language provider minecraft, version 1
[15Aug2026 14:34:01.588] [main/DEBUG] [net.minecraftforge.fml.loading.LanguageLoadingProvider/CORE]: Skipping adding forge jar - javafml is already present
[15Aug2026 14:34:01.757] [main/DEBUG] [cpw.mods.modlauncher.TransformationServiceDecorator/MODLAUNCHER]: Initialized transformation service fml
[15Aug2026 14:34:01.759] [main/DEBUG] [cpw.mods.modlauncher.NameMappingServiceHandler/MODLAUNCHER]: Current naming domain is 'mcp'
[15Aug2026 14:34:01.763] [main/DEBUG] [cpw.mods.modlauncher.NameMappingServiceHandler/MODLAUNCHER]: Identified name mapping providers {srg=srgtomcp:1234}
[15Aug2026 14:34:01.766] [main/DEBUG] [cpw.mods.modlauncher.TransformationServicesHandler/MODLAUNCHER]: Transformation services begin scanning
[15Aug2026 14:34:01.768] [main/DEBUG] [cpw.mods.modlauncher.TransformationServiceDecorator/MODLAUNCHER]: Beginning scan trigger - transformation service mixin
[15Aug2026 14:34:01.769] [main/DEBUG] [cpw.mods.modlauncher.TransformationServiceDecorator/MODLAUNCHER]: End scan trigger - transformation service mixin
[15Aug2026 14:34:01.769] [main/DEBUG] [cpw.mods.modlauncher.TransformationServiceDecorator/MODLAUNCHER]: Beginning scan trigger - transformation service fml
[15Aug2026 14:34:01.769] [main/DEBUG] [net.minecraftforge.fml.loading.FMLServiceProvider/CORE]: Initiating mod scan
[15Aug2026 14:34:01.945] [main/DEBUG] [net.minecraftforge.fml.loading.LibraryFinder/CORE]: Found JAR classpath_mod at path C:\Users\ch\Downloads\McBotAI\McBotAI\build\resources\main
[15Aug2026 14:34:01.947] [main/DEBUG] [net.minecraftforge.fml.loading.LibraryFinder/CORE]: Found JAR classpath_mod at path C:\Users\ch\.gradle\caches\forge_gradle\minecraft_user_repo\net\minecraftforge\forge\1.16.5-36.2.42_mapped_official_1.16.5\forge-1.16.5-36.2.42_mapped_official_1.16.5.jar
[15Aug2026 14:34:01.948] [main/DEBUG] [net.minecraftforge.userdev.ClasspathLocator/CORE]: Found classpath mod: C:\Users\ch\.gradle\caches\forge_gradle\minecraft_user_repo\net\minecraftforge\forge\1.16.5-36.2.42_mapped_official_1.16.5\forge-1.16.5-36.2.42_mapped_official_1.16.5.jar
[15Aug2026 14:34:01.953] [main/DEBUG] [net.minecraftforge.fml.loading.LibraryFinder/CORE]: Found JAR manifest_jar at path C:\Users\ch\.gradle\caches\forge_gradle\minecraft_user_repo\net\minecraftforge\forge\1.16.5-36.2.42_mapped_official_1.16.5\forge-1.16.5-36.2.42_mapped_official_1.16.5.jar
[15Aug2026 14:34:02.008] [main/DEBUG] [net.minecraftforge.fml.loading.LibraryFinder/CORE]: Found JAR manifest_jar at path C:\Users\ch\.gradle\caches\forge_gradle\minecraft_user_repo\net\minecraftforge\forge\1.16.5-36.2.42_mapped_official_1.16.5\forge-1.16.5-36.2.42_mapped_official_1.16.5-launcher.jar
[15Aug2026 14:34:02.017] [main/DEBUG] [net.minecraftforge.fml.loading.LibraryFinder/CORE]: Found JAR manifest_jar at path C:\Users\ch\.gradle\caches\forge_gradle\minecraft_repo\versions\1.16.5\client-extra.jar
[15Aug2026 14:34:02.338] [main/DEBUG] [net.minecraftforge.fml.loading.LibraryFinder/CORE]: Found JAR manifest_jar at path C:\Users\ch\.gradle\caches\modules-2\files-2.1\net.minecraftforge\accesstransformers\3.0.1\6d23c1b9cb0607fddc38d09730796f68db96f546\accesstransformers-3.0.1.jar
[15Aug2026 14:34:02.340] [main/DEBUG] [net.minecraftforge.fml.loading.LibraryFinder/CORE]: Found JAR manifest_jar at path C:\Users\ch\.gradle\caches\modules-2\files-2.1\net.minecraftforge\eventbus\4.0.0\260e34800723e4c098c4e247cf2b900535e01b6d\eventbus-4.0.0.jar
[15Aug2026 14:34:02.341] [main/DEBUG] [net.minecraftforge.fml.loading.LibraryFinder/CORE]: Found JAR manifest_jar at path C:\Users\ch\.gradle\caches\modules-2\files-2.1\net.minecraftforge\coremods\4.0.6\d6d761379c841e2610abebcbf70ed20b65f728f0\coremods-4.0.6.jar
[15Aug2026 14:34:02.342] [main/DEBUG] [net.minecraftforge.fml.loading.LibraryFinder/CORE]: Found JAR manifest_jar at path C:\Users\ch\.gradle\caches\modules-2\files-2.1\net.minecraftforge\forgespi\3.2.0\c6ca4e4e4a0343701407c760e642537b613b543\forgespi-3.2.0.jar
[15Aug2026 14:34:02.343] [main/DEBUG] [net.minecraftforge.fml.loading.LibraryFinder/CORE]: Found JAR manifest_jar at path C:\Users\ch\.gradle\caches\modules-2\files-2.1\cpw.mods\modlauncher\8.1.3\6d0bfd78e025a87d43985e30907aa9ecbc51b2d6\modlauncher-8.1.3.jar
[15Aug2026 14:34:02.345] [main/DEBUG] [net.minecraftforge.fml.loading.LibraryFinder/CORE]: Found JAR manifest_jar at path C:\Users\ch\.gradle\caches\modules-2\files-2.1\cpw.mods\modlauncher\8.1.3\9b48bef0af2f3e379bbe5915f5cf23bf366d8ddf\modlauncher-8.1.3-api.jar
[15Aug2026 14:34:02.346] [main/DEBUG] [net.minecraftforge.fml.loading.LibraryFinder/CORE]: Found JAR manifest_jar at path C:\Users\ch\.gradle\caches\modules-2\files-2.1\com.google.code.findbugs\jsr305\3.0.2\25ea2e8b0c338a877313bd4672d3fe056ea78f0d\jsr305-3.0.2.jar
[15Aug2026 14:34:02.349] [main/DEBUG] [net.minecraftforge.fml.loading.LibraryFinder/CORE]: Found JAR manifest_jar at path C:\Users\ch\.gradle\caches\modules-2\files-2.1\net.minecraftforge\mergetool\1.0.9\d1e1ba354a40b5703340b5cb02fdca489cff3646\mergetool-1.0.9-api.jar
[15Aug2026 14:34:02.360] [main/DEBUG] [net.minecraftforge.fml.loading.LibraryFinder/CORE]: Found JAR manifest_jar at path C:\Users\ch\.gradle\caches\modules-2\files-2.1\org.ow2.asm\asm-commons\9.6\f1a9e5508eff490744144565c47326c8648be309\asm-commons-9.6.jar
[15Aug2026 14:34:02.361] [main/DEBUG] [net.minecraftforge.fml.loading.LibraryFinder/CORE]: Found JAR manifest_jar at path C:\Users\ch\.gradle\caches\modules-2\files-2.1\org.ow2.asm\asm-util\9.6\f77caf84eb93786a749b2baa40865b9613e3eaee\asm-util-9.6.jar
[15Aug2026 14:34:02.363] [main/DEBUG] [net.minecraftforge.fml.loading.LibraryFinder/CORE]: Found JAR manifest_jar at path C:\Users\ch\.gradle\caches\modules-2\files-2.1\org.ow2.asm\asm-analysis\9.6\9ce6c7b174bd997fc2552dff47964546bd7a5ec3\asm-analysis-9.6.jar
[15Aug2026 14:34:02.365] [main/DEBUG] [net.minecraftforge.fml.loading.LibraryFinder/CORE]: Found JAR manifest_jar at path C:\Users\ch\.gradle\caches\modules-2\files-2.1\org.ow2.asm\asm-tree\9.6\c0cdda9d211e965d2a4448aa3fd86110f2f8c2de\asm-tree-9.6.jar
[15Aug2026 14:34:02.367] [main/DEBUG] [net.minecraftforge.fml.loading.LibraryFinder/CORE]: Found JAR manifest_jar at path C:\Users\ch\.gradle\caches\modules-2\files-2.1\org.ow2.asm\asm\9.6\aa205cf0a06dbd8e04ece91c0b37c3f5d567546a\asm-9.6.jar
[15Aug2026 14:34:02.368] [main/DEBUG] [net.minecraftforge.fml.loading.LibraryFinder/CORE]: Found JAR manifest_jar at path C:\Users\ch\.gradle\caches\modules-2\files-2.1\cpw.mods\grossjava9hacks\1.3.3\e49222512ea6cabdd8b49761cef1d5a207b1f0d9\grossjava9hacks-1.3.3.jar
[15Aug2026 14:34:02.380] [main/DEBUG] [net.minecraftforge.fml.loading.LibraryFinder/CORE]: Found JAR manifest_jar at path C:\Users\ch\.gradle\caches\modules-2\files-2.1\org.antlr\antlr4-runtime\4.9.1\428664f05d2b7f7b7610204b5aa7c1763f62011a\antlr4-runtime-4.9.1.jar
[15Aug2026 14:34:02.382] [main/DEBUG] [net.minecraftforge.fml.loading.LibraryFinder/CORE]: Found JAR manifest_jar at path C:\Users\ch\.gradle\caches\modules-2\files-2.1\net.minecraftforge\unsafe\0.2.0\54d7a0a5e8fdb71b973025caa46f341ae5904f39\unsafe-0.2.0.jar
[15Aug2026 14:34:02.384] [main/DEBUG] [net.minecraftforge.fml.loading.LibraryFinder/CORE]: Found JAR manifest_jar at path C:\Users\ch\.gradle\caches\modules-2\files-2.1\com.electronwill.night-config\toml\3.6.3\2b05b4d606c517da4d1a7b6d2b97d751c92887d7\toml-3.6.3.jar
[15Aug2026 14:34:02.384] [main/DEBUG] [net.minecraftforge.fml.loading.LibraryFinder/CORE]: Found JAR manifest_jar at path C:\Users\ch\.gradle\caches\modules-2\files-2.1\com.electronwill.night-config\core\3.6.3\c601bfeaeb2c0abe7aaa901b0bbe6d1beff49281\core-3.6.3.jar
[15Aug2026 14:34:02.386] [main/DEBUG] [net.minecraftforge.fml.loading.LibraryFinder/CORE]: Found JAR manifest_jar at path C:\Users\ch\.gradle\caches\modules-2\files-2.1\org.jline\jline\3.12.1\de2bd909cb9f8eaa741bd03df4a1bd3f6eb593c7\jline-3.12.1.jar
[15Aug2026 14:34:02.424] [main/DEBUG] [net.minecraftforge.fml.loading.LibraryFinder/CORE]: Found JAR manifest_jar at path C:\Users\ch\.gradle\caches\modules-2\files-2.1\org.apache.maven\maven-artifact\3.6.3\f8ff8032903882376e8d000c51e3e16d20fc7df7\maven-artifact-3.6.3.jar
[15Aug2026 14:34:02.437] [main/DEBUG] [net.minecraftforge.fml.loading.LibraryFinder/CORE]: Found JAR manifest_jar at path C:\Users\ch\.gradle\caches\modules-2\files-2.1\net.jodah\typetools\0.8.3\98f84f353457629e81cc6827224871b1a8faa7af\typetools-0.8.3.jar
[15Aug2026 14:34:02.439] [main/DEBUG] [net.minecraftforge.fml.loading.LibraryFinder/CORE]: Found JAR manifest_jar at path C:\Users\ch\.gradle\caches\modules-2\files-2.1\org.apache.logging.log4j\log4j-slf4j18-impl\2.15.0\88f72ad364bfc3a7cf43186fc17212f2b4bb8d97\log4j-slf4j18-impl-2.15.0.jar
[15Aug2026 14:34:02.441] [main/DEBUG] [net.minecraftforge.fml.loading.LibraryFinder/CORE]: Found JAR manifest_jar at path C:\Users\ch\.gradle\caches\modules-2\files-2.1\net.minecrell\terminalconsoleappender\1.2.0\96d02cd3b384ff015a8fef4223bcb4ccf1717c95\terminalconsoleappender-1.2.0.jar
[15Aug2026 14:34:02.443] [main/DEBUG] [net.minecraftforge.fml.loading.LibraryFinder/CORE]: Found JAR manifest_jar at path C:\Users\ch\.gradle\caches\modules-2\files-2.1\org.apache.logging.log4j\log4j-core\2.15.0\ba55c13d7ac2fd44df9cc8074455719a33f375b9\log4j-core-2.15.0.jar
[15Aug2026 14:34:02.451] [main/DEBUG] [net.minecraftforge.fml.loading.LibraryFinder/CORE]: Found JAR manifest_jar at path C:\Users\ch\.gradle\caches\modules-2\files-2.1\org.apache.logging.log4j\log4j-api\2.15.0\4a5aa7e55a29391c6f66e0b259d5189aa11e45d0\log4j-api-2.15.0.jar
[15Aug2026 14:34:02.453] [main/DEBUG] [net.minecraftforge.fml.loading.LibraryFinder/CORE]: Found JAR manifest_jar at path C:\Users\ch\.gradle\caches\modules-2\files-2.1\net.sf.jopt-simple\jopt-simple\5.0.4\4fdac2fbe92dfad86aa6e9301736f6b4342a3f5c\jopt-simple-5.0.4.jar
[15Aug2026 14:34:02.455] [main/DEBUG] [net.minecraftforge.fml.loading.LibraryFinder/CORE]: Found JAR manifest_jar at path C:\Users\ch\.gradle\caches\modules-2\files-2.1\org.spongepowered\mixin\0.8.4\4ec7d77d9ab32596ca0b78bb123956734767e3a\mixin-0.8.4.jar
[15Aug2026 14:34:02.476] [main/DEBUG] [net.minecraftforge.fml.loading.LibraryFinder/CORE]: Found JAR manifest_jar at path C:\Users\ch\.gradle\caches\modules-2\files-2.1\net.minecraftforge\nashorn-core-compat\15.1.1.1\1817deb38a5a8811148dca0d23161d92bdbd6184\nashorn-core-compat-15.1.1.1.jar
[15Aug2026 14:34:02.477] [main/DEBUG] [net.minecraftforge.fml.loading.LibraryFinder/CORE]: Found JAR manifest_jar at path C:\Users\ch\.gradle\caches\modules-2\files-2.1\com.mojang\patchy\1.3.9\eb8bb7b66fa0e2152b1b40b3856e82f7619439ee\patchy-1.3.9.jar
[15Aug2026 14:34:02.499] [main/DEBUG] [net.minecraftforge.fml.loading.LibraryFinder/CORE]: Found JAR manifest_jar at path C:\Users\ch\.gradle\caches\modules-2\files-2.1\oshi-project\oshi-core\1.1\9ddf7b048a8d701be231c0f4f95fd986198fd2d8\oshi-core-1.1.jar
[15Aug2026 14:34:02.500] [main/DEBUG] [net.minecraftforge.fml.loading.LibraryFinder/CORE]: Found JAR manifest_jar at path C:\Users\ch\.gradle\caches\modules-2\files-2.1\net.java.dev.jna\jna\4.4.0\cb208278274bf12ebdb56c61bd7407e6f774d65a\jna-4.4.0.jar
[15Aug2026 14:34:02.502] [main/DEBUG] [net.minecraftforge.fml.loading.LibraryFinder/CORE]: Found JAR manifest_jar at path C:\Users\ch\.gradle\caches\modules-2\files-2.1\net.java.dev.jna\platform\3.4.0\e3f70017be8100d3d6923f50b3d2ee17714e9c13\platform-3.4.0.jar
[15Aug2026 14:34:02.504] [main/DEBUG] [net.minecraftforge.fml.loading.LibraryFinder/CORE]: Found JAR manifest_jar at path C:\Users\ch\.gradle\caches\modules-2\files-2.1\com.ibm.icu\icu4j\66.1\72c7519b6d91f7a1f993bd44a99fe95d67211b27\icu4j-66.1.jar
[15Aug2026 14:34:02.506] [main/DEBUG] [net.minecraftforge.fml.loading.LibraryFinder/CORE]: Found JAR manifest_jar at path C:\Users\ch\.gradle\caches\modules-2\files-2.1\com.mojang\javabridge\1.0.22\6aa6453aa99a52a5cd91749da1af6ab70e082ab3\javabridge-1.0.22.jar
[15Aug2026 14:34:02.507] [main/DEBUG] [net.minecraftforge.fml.loading.LibraryFinder/CORE]: Found JAR manifest_jar at path C:\Users\ch\.gradle\caches\modules-2\files-2.1\io.netty\netty-all\4.1.25.Final\d0626cd3108294d1d58c05859add27b4ef21f83b\netty-all-4.1.25.Final.jar
[15Aug2026 14:34:02.508] [main/DEBUG] [net.minecraftforge.fml.loading.LibraryFinder/CORE]: Found JAR manifest_jar at path C:\Users\ch\.gradle\caches\modules-2\files-2.1\com.google.guava\guava\21.0\3a3d111be1be1b745edfa7d91678a12d7ed38709\guava-21.0.jar
[15Aug2026 14:34:02.517] [main/DEBUG] [net.minecraftforge.fml.loading.LibraryFinder/CORE]: Found JAR manifest_jar at path C:\Users\ch\.gradle\caches\modules-2\files-2.1\org.apache.commons\commons-lang3\3.8.1\6505a72a097d9270f7a9e7bf42c4238283247755\commons-lang3-3.8.1.jar
[15Aug2026 14:34:02.518] [main/DEBUG] [net.minecraftforge.fml.loading.LibraryFinder/CORE]: Found JAR manifest_jar at path C:\Users\ch\.gradle\caches\modules-2\files-2.1\commons-io\commons-io\2.5\2852e6e05fbb95076fc091f6d1780f1f8fe35e0f\commons-io-2.5.jar
[15Aug2026 14:34:02.520] [main/DEBUG] [net.minecraftforge.fml.loading.LibraryFinder/CORE]: Found JAR manifest_jar at path C:\Users\ch\.gradle\caches\modules-2\files-2.1\org.apache.httpcomponents\httpclient\4.3.3\18f4247ff4572a074444572cee34647c43e7c9c7\httpclient-4.3.3.jar
[15Aug2026 14:34:02.521] [main/DEBUG] [net.minecraftforge.fml.loading.LibraryFinder/CORE]: Found JAR manifest_jar at path C:\Users\ch\.gradle\caches\modules-2\files-2.1\commons-codec\commons-codec\1.10\4b95f4897fa13f2cd904aee711aeafc0c5295cd8\commons-codec-1.10.jar
[15Aug2026 14:34:02.523] [main/DEBUG] [net.minecraftforge.fml.loading.LibraryFinder/CORE]: Found JAR manifest_jar at path C:\Users\ch\.gradle\caches\modules-2\files-2.1\net.java.jinput\jinput\2.0.5\39c7796b469a600f72380316f6b1f11db6c2c7c4\jinput-2.0.5.jar
[15Aug2026 14:34:02.524] [main/DEBUG] [net.minecraftforge.fml.loading.LibraryFinder/CORE]: Found JAR manifest_jar at path C:\Users\ch\.gradle\caches\modules-2\files-2.1\net.java.jutils\jutils\1.0.0\e12fe1fda814bd348c1579329c86943d2cd3c6a6\jutils-1.0.0.jar
[15Aug2026 14:34:02.525] [main/DEBUG] [net.minecraftforge.fml.loading.LibraryFinder/CORE]: Found JAR manifest_jar at path C:\Users\ch\.gradle\caches\modules-2\files-2.1\com.mojang\brigadier\1.0.17\c6b7dc51dd44379cc751b7504816006e9be4b1e6\brigadier-1.0.17.jar
[15Aug2026 14:34:02.534] [main/DEBUG] [net.minecraftforge.fml.loading.LibraryFinder/CORE]: Found JAR manifest_jar at path C:\Users\ch\.gradle\caches\modules-2\files-2.1\com.mojang\datafixerupper\4.0.26\ebd6690f33871ccee9b6132c6480668ee2e35020\datafixerupper-4.0.26.jar
[15Aug2026 14:34:02.536] [main/DEBUG] [net.minecraftforge.fml.loading.LibraryFinder/CORE]: Found JAR manifest_jar at path C:\Users\ch\.gradle\caches\modules-2\files-2.1\com.google.code.gson\gson\2.8.0\c4ba5371a29ac9b2ad6129b1d39ea38750043eff\gson-2.8.0.jar
[15Aug2026 14:34:02.537] [main/DEBUG] [net.minecraftforge.fml.loading.LibraryFinder/CORE]: Found JAR manifest_jar at path C:\Users\ch\.gradle\caches\modules-2\files-2.1\com.mojang\authlib\2.1.28\ad54da276bf59983d02d5ed16fc14541354c71fd\authlib-2.1.28.jar
[15Aug2026 14:34:02.538] [main/DEBUG] [net.minecraftforge.fml.loading.LibraryFinder/CORE]: Found JAR manifest_jar at path C:\Users\ch\.gradle\caches\modules-2\files-2.1\org.apache.commons\commons-compress\1.8.1\a698750c16740fd5b3871425f4cb3bbaa87f529d\commons-compress-1.8.1.jar
[15Aug2026 14:34:02.540] [main/DEBUG] [net.minecraftforge.fml.loading.LibraryFinder/CORE]: Found JAR manifest_jar at path C:\Users\ch\.gradle\caches\modules-2\files-2.1\commons-logging\commons-logging\1.1.3\f6f66e966c70a83ffbdb6f17a0919eaf7c8aca7f\commons-logging-1.1.3.jar
[15Aug2026 14:34:02.542] [main/DEBUG] [net.minecraftforge.fml.loading.LibraryFinder/CORE]: Found JAR manifest_jar at path C:\Users\ch\.gradle\caches\modules-2\files-2.1\org.apache.httpcomponents\httpcore\4.3.2\31fbbff1ddbf98f3aa7377c94d33b0447c646b6e\httpcore-4.3.2.jar
[15Aug2026 14:34:02.552] [main/DEBUG] [net.minecraftforge.fml.loading.LibraryFinder/CORE]: Found JAR manifest_jar at path C:\Users\ch\.gradle\caches\modules-2\files-2.1\it.unimi.dsi\fastutil\8.2.1\5ad88f325e424f8dbc2be5459e21ea5cab3864e9\fastutil-8.2.1.jar
[15Aug2026 14:34:02.556] [main/DEBUG] [net.minecraftforge.fml.loading.LibraryFinder/CORE]: Found JAR manifest_jar at path C:\Users\ch\.gradle\caches\modules-2\files-2.1\org.lwjgl\lwjgl-jemalloc\3.2.2\ee8e57a79300f78294576d87c4a587f8c99402e2\lwjgl-jemalloc-3.2.2.jar
[15Aug2026 14:34:02.562] [main/DEBUG] [net.minecraftforge.fml.loading.LibraryFinder/CORE]: Found JAR manifest_jar at path C:\Users\ch\.gradle\caches\modules-2\files-2.1\org.lwjgl\lwjgl-jemalloc\3.2.2\338b25b99da3ba5f441f6492f2ce2a9c608860ed\lwjgl-jemalloc-3.2.2-natives-windows.jar
[15Aug2026 14:34:02.569] [main/DEBUG] [net.minecraftforge.fml.loading.LibraryFinder/CORE]: Found JAR manifest_jar at path C:\Users\ch\.gradle\caches\modules-2\files-2.1\org.lwjgl\lwjgl-openal\3.2.2\2b772a102b0a11ee5f2109a5b136f4dc7c630827\lwjgl-openal-3.2.2.jar
[15Aug2026 14:34:02.571] [main/DEBUG] [net.minecraftforge.fml.loading.LibraryFinder/CORE]: Found JAR manifest_jar at path C:\Users\ch\.gradle\caches\modules-2\files-2.1\org.lwjgl\lwjgl-openal\3.2.2\ec20a7d42a2438528fca87e60b1705f1e2339ddb\lwjgl-openal-3.2.2-natives-windows.jar
[15Aug2026 14:34:02.572] [main/DEBUG] [net.minecraftforge.fml.loading.LibraryFinder/CORE]: Found JAR manifest_jar at path C:\Users\ch\.gradle\caches\modules-2\files-2.1\org.lwjgl\lwjgl-opengl\3.2.2\6ac5bb88b44c43ea195a570aab059f63da004cd8\lwjgl-opengl-3.2.2.jar
[15Aug2026 14:34:02.574] [main/DEBUG] [net.minecraftforge.fml.loading.LibraryFinder/CORE]: Found JAR manifest_jar at path C:\Users\ch\.gradle\caches\modules-2\files-2.1\org.lwjgl\lwjgl-opengl\3.2.2\d8dcdc91066cae2d2d8279cb4a9f9f05d9525826\lwjgl-opengl-3.2.2-natives-windows.jar
[15Aug2026 14:34:02.576] [main/DEBUG] [net.minecraftforge.fml.loading.LibraryFinder/CORE]: Found JAR manifest_jar at path C:\Users\ch\.gradle\caches\modules-2\files-2.1\org.lwjgl\lwjgl-glfw\3.2.2\d3ad4df38e400b8afba1de63f84338809399df5b\lwjgl-glfw-3.2.2.jar
[15Aug2026 14:34:02.578] [main/DEBUG] [net.minecraftforge.fml.loading.LibraryFinder/CORE]: Found JAR manifest_jar at path C:\Users\ch\.gradle\caches\modules-2\files-2.1\org.lwjgl\lwjgl-glfw\3.2.2\dc6826d636bf796b33a49038c354210e661bfc17\lwjgl-glfw-3.2.2-natives-windows.jar
[15Aug2026 14:34:02.592] [main/DEBUG] [net.minecraftforge.fml.loading.LibraryFinder/CORE]: Found JAR manifest_jar at path C:\Users\ch\.gradle\caches\modules-2\files-2.1\org.lwjgl\lwjgl-stb\3.2.2\3b8e6ebc5851dd3d17e37e5cadce2eff2a429f0f\lwjgl-stb-3.2.2.jar
[15Aug2026 14:34:02.602] [main/DEBUG] [net.minecraftforge.fml.loading.LibraryFinder/CORE]: Found JAR manifest_jar at path C:\Users\ch\.gradle\caches\modules-2\files-2.1\org.lwjgl\lwjgl-stb\3.2.2\811f705cbb29e8ae8d60bdf8fdd38c0c123ad3ef\lwjgl-stb-3.2.2-natives-windows.jar
[15Aug2026 14:34:02.604] [main/DEBUG] [net.minecraftforge.fml.loading.LibraryFinder/CORE]: Found JAR manifest_jar at path C:\Users\ch\.gradle\caches\modules-2\files-2.1\org.lwjgl\lwjgl-tinyfd\3.2.2\fcbe606c8f8da6f8f9a05e2c540eb1ee8632b0e9\lwjgl-tinyfd-3.2.2.jar
[15Aug2026 14:34:02.610] [main/DEBUG] [net.minecraftforge.fml.loading.LibraryFinder/CORE]: Found JAR manifest_jar at path C:\Users\ch\.gradle\caches\modules-2\files-2.1\org.lwjgl\lwjgl-tinyfd\3.2.2\e9115958773644e863332a6a06488d26f9e1fc9f\lwjgl-tinyfd-3.2.2-natives-windows.jar
[15Aug2026 14:34:02.611] [main/DEBUG] [net.minecraftforge.fml.loading.LibraryFinder/CORE]: Found JAR manifest_jar at path C:\Users\ch\.gradle\caches\modules-2\files-2.1\org.lwjgl\lwjgl\3.2.2\8ad6294407e15780b43e84929c40e4c5e997972e\lwjgl-3.2.2.jar
[15Aug2026 14:34:02.616] [main/DEBUG] [net.minecraftforge.fml.loading.LibraryFinder/CORE]: Found JAR manifest_jar at path C:\Users\ch\.gradle\caches\modules-2\files-2.1\org.lwjgl\lwjgl\3.2.2\5359f3aa50d36352815fc662ea73e1c00d22170\lwjgl-3.2.2-natives-windows.jar
[15Aug2026 14:34:02.625] [main/DEBUG] [net.minecraftforge.fml.loading.LibraryFinder/CORE]: Found JAR manifest_jar at path C:\Users\ch\.gradle\caches\modules-2\files-2.1\com.mojang\text2speech\1.11.3\f378f889797edd7df8d32272c06ca80a1b6b0f58\text2speech-1.11.3.jar
[15Aug2026 14:34:02.626] [main/DEBUG] [net.minecraftforge.fml.loading.LibraryFinder/CORE]: Found JAR manifest_jar at path C:\Users\ch\.gradle\caches\modules-2\files-2.1\com.mojang\text2speech\1.11.3\c0b242c0091be5acbf303263c7eeeaedd70544c7\text2speech-1.11.3-natives-windows.jar
[15Aug2026 14:34:02.627] [main/DEBUG] [net.minecraftforge.fml.loading.LibraryFinder/CORE]: Found JAR manifest_jar at path C:\Users\ch\.gradle\caches\modules-2\files-2.1\org.codehaus.plexus\plexus-utils\3.2.1\13b015768e0d04849d2794e4c47eb02d01a0de32\plexus-utils-3.2.1.jar
[15Aug2026 14:34:02.628] [main/DEBUG] [net.minecraftforge.fml.loading.LibraryFinder/CORE]: Found JAR manifest_jar at path C:\Users\ch\.gradle\caches\modules-2\files-2.1\org.slf4j\slf4j-api\1.8.0-beta4\83b0359d847ee053d745be7ec0d8e9e8a44304b4\slf4j-api-1.8.0-beta4.jar
[15Aug2026 14:34:02.630] [main/DEBUG] [net.minecraftforge.fml.loading.LibraryFinder/CORE]: Found JAR manifest_jar at path C:\Users\ch\.gradle\caches\modules-2\files-2.1\org.jline\jline-reader\3.12.1\4382ab1382c7b6f379377ed5f665dc2f6e1218bc\jline-reader-3.12.1.jar
[15Aug2026 14:34:02.631] [main/DEBUG] [net.minecraftforge.fml.loading.LibraryFinder/CORE]: Found JAR manifest_jar at path C:\Users\ch\.gradle\caches\modules-2\files-2.1\org.jline\jline-terminal\3.12.1\c777448314e050d980a6b697c140f3bfe9eb7416\jline-terminal-3.12.1.jar
[15Aug2026 14:34:02.638] [main/DEBUG] [net.minecraftforge.fml.loading.moddiscovery.ModListHandler/CORE]: Found mod coordinates from lists: []
[15Aug2026 14:34:02.728] [main/DEBUG] [net.minecraftforge.fml.loading.moddiscovery.ModDiscoverer/CORE]: Found Mod Locators : (userdev classpath:null),(mods folder:null),(maven libs:null),(exploded directory:null),(minecraft:null)
[15Aug2026 14:34:03.907] [main/DEBUG] [net.minecraftforge.fml.loading.moddiscovery.ExplodedDirectoryLocator/LOADING]: Found exploded directory mod manifest at C:\Users\ch\Downloads\McBotAI\McBotAI\build\resources\main\META-INF\mods.toml
[15Aug2026 14:34:03.910] [main/DEBUG] [net.minecraftforge.fml.loading.moddiscovery.ModFileParser/LOADING]: Considering mod file candidate C:\Users\ch\.gradle\caches\forge_gradle\minecraft_user_repo\net\minecraftforge\forge\1.16.5-36.2.42_mapped_official_1.16.5\forge-1.16.5-36.2.42_mapped_official_1.16.5.jar
[15Aug2026 14:34:04.159] [main/DEBUG] [net.minecraftforge.fml.loading.moddiscovery.ModFileInfo/LOADING]: Found valid mod file forge-1.16.5-36.2.42_mapped_official_1.16.5.jar with {forge} mods - versions {36.2.42}
[15Aug2026 14:34:04.167] [main/DEBUG] [net.minecraftforge.fml.loading.moddiscovery.ModFile/LOADING]: Loading mod file C:\Users\ch\.gradle\caches\forge_gradle\minecraft_user_repo\net\minecraftforge\forge\1.16.5-36.2.42_mapped_official_1.16.5\forge-1.16.5-36.2.42_mapped_official_1.16.5.jar with language javafml
[15Aug2026 14:34:04.268] [main/DEBUG] [net.minecraftforge.fml.loading.moddiscovery.ModFileParser/LOADING]: Found coremod fieldtomethodtransformers with Javascript path META-INF/fieldtomethodtransformers.js
[15Aug2026 14:34:04.268] [main/DEBUG] [net.minecraftforge.fml.loading.moddiscovery.ModFileParser/LOADING]: Found coremod field_to_instanceof with Javascript path coremods/field_to_instanceof.js
[15Aug2026 14:34:04.270] [main/DEBUG] [net.minecraftforge.fml.loading.moddiscovery.ModFileParser/LOADING]: Found coremod add_bouncer_method with Javascript path coremods/add_bouncer_method.js
[15Aug2026 14:34:04.275] [main/DEBUG] [net.minecraftforge.fml.loading.moddiscovery.ModFile/LOADING]: Found coremod META-INF/fieldtomethodtransformers.js
[15Aug2026 14:34:04.277] [main/DEBUG] [net.minecraftforge.fml.loading.moddiscovery.ModFile/LOADING]: Found coremod coremods/field_to_instanceof.js
[15Aug2026 14:34:04.278] [main/DEBUG] [net.minecraftforge.fml.loading.moddiscovery.ModFile/LOADING]: Found coremod coremods/add_bouncer_method.js
[15Aug2026 14:34:04.278] [main/DEBUG] [net.minecraftforge.fml.loading.moddiscovery.ModFileParser/LOADING]: Considering mod file candidate C:\Users\ch\Downloads\McBotAI\McBotAI\build\resources\main
[15Aug2026 14:34:04.297] [main/DEBUG] [net.minecraftforge.fml.loading.moddiscovery.ModFileInfo/LOADING]: Found valid mod file main with {mcbotai} mods - versions {v0.0.1}
[15Aug2026 14:34:04.300] [main/DEBUG] [net.minecraftforge.fml.loading.moddiscovery.ModFile/LOADING]: Loading mod file C:\Users\ch\Downloads\McBotAI\McBotAI\build\resources\main with language javafml
[15Aug2026 14:34:04.309] [main/DEBUG] [net.minecraftforge.fml.loading.moddiscovery.ModFileParser/LOADING]: Considering mod file candidate C:\Users\ch\.gradle\caches\forge_gradle\minecraft_repo\versions\1.16.5\client-extra.jar
[15Aug2026 14:34:04.325] [main/DEBUG] [net.minecraftforge.fml.loading.moddiscovery.ModFileInfo/LOADING]: Found valid mod file client-extra.jar with {minecraft} mods - versions {1.16.5}
[15Aug2026 14:34:04.509] [main/DEBUG] [net.minecraftforge.fml.loading.moddiscovery.ModFile/LOADING]: Loading mod file C:\Users\ch\.gradle\caches\forge_gradle\minecraft_repo\versions\1.16.5\client-extra.jar with language minecraft
[15Aug2026 14:34:04.543] [main/DEBUG] [net.minecraftforge.fml.loading.ModSorter/LOADING]: Found 2 mod requirements (2 mandatory, 0 optional)
[15Aug2026 14:34:04.545] [main/DEBUG] [net.minecraftforge.fml.loading.ModSorter/LOADING]: Found 0 mod requirements missing (0 mandatory, 0 optional)
[15Aug2026 14:34:05.757] [main/DEBUG] [net.minecraftforge.userdev.MCPNamingService/CORE]: Loaded 23212 method mappings from methods.csv
[15Aug2026 14:34:05.856] [main/DEBUG] [net.minecraftforge.userdev.MCPNamingService/CORE]: Loaded 19841 field mappings from fields.csv
[15Aug2026 14:34:05.916] [main/DEBUG] [cpw.mods.modlauncher.TransformationServiceDecorator/MODLAUNCHER]: End scan trigger - transformation service fml
[15Aug2026 14:34:05.917] [main/DEBUG] [cpw.mods.modlauncher.TransformationServicesHandler/MODLAUNCHER]: Transformation services loading transformers
[15Aug2026 14:34:05.918] [main/DEBUG] [cpw.mods.modlauncher.TransformationServiceDecorator/MODLAUNCHER]: Initializing transformers for transformation service mixin
[15Aug2026 14:34:05.919] [main/DEBUG] [cpw.mods.modlauncher.TransformationServiceDecorator/MODLAUNCHER]: Initialized transformers for transformation service mixin
[15Aug2026 14:34:05.920] [main/DEBUG] [cpw.mods.modlauncher.TransformationServiceDecorator/MODLAUNCHER]: Initializing transformers for transformation service fml
[15Aug2026 14:34:05.920] [main/DEBUG] [net.minecraftforge.fml.loading.FMLServiceProvider/CORE]: Loading coremod transformers
[15Aug2026 14:34:05.921] [main/DEBUG] [net.minecraftforge.coremod.CoreModEngine/COREMOD]: Loading CoreMod from META-INF/fieldtomethodtransformers.js
[15Aug2026 14:34:06.638] [main/DEBUG] [net.minecraftforge.coremod.CoreModEngine/COREMOD]: CoreMod loaded successfully
[15Aug2026 14:34:06.639] [main/DEBUG] [net.minecraftforge.coremod.CoreModEngine/COREMOD]: Loading CoreMod from coremods/field_to_instanceof.js
[15Aug2026 14:34:08.117] [main/DEBUG] [net.minecraftforge.coremod.CoreModEngine/COREMOD]: CoreMod loaded successfully
[15Aug2026 14:34:08.117] [main/DEBUG] [net.minecraftforge.coremod.CoreModEngine/COREMOD]: Loading CoreMod from coremods/add_bouncer_method.js
[15Aug2026 14:34:08.363] [main/DEBUG] [net.minecraftforge.coremod.CoreModEngine/COREMOD]: CoreMod loaded successfully
[15Aug2026 14:34:08.465] [main/DEBUG] [cpw.mods.modlauncher.TransformStore/MODLAUNCHER]: Adding transformer net.minecraftforge.coremod.transformer.CoreModClassTransformer@9a7a808 to Target : CLASS {Lnet/minecraft/potion/EffectInstance;} {} {V}
[15Aug2026 14:34:08.467] [main/DEBUG] [cpw.mods.modlauncher.TransformStore/MODLAUNCHER]: Adding transformer net.minecraftforge.coremod.transformer.CoreModClassTransformer@4650a407 to Target : CLASS {Lnet/minecraft/block/FlowingFluidBlock;} {} {V}
[15Aug2026 14:34:08.469] [main/DEBUG] [cpw.mods.modlauncher.TransformStore/MODLAUNCHER]: Adding transformer net.minecraftforge.coremod.transformer.CoreModClassTransformer@30135202 to Target : CLASS {Lnet/minecraft/item/BucketItem;} {} {V}
[15Aug2026 14:34:08.470] [main/DEBUG] [cpw.mods.modlauncher.TransformStore/MODLAUNCHER]: Adding transformer net.minecraftforge.coremod.transformer.CoreModClassTransformer@6a4d7f76 to Target : CLASS {Lnet/minecraft/block/StairsBlock;} {} {V}
[15Aug2026 14:34:08.470] [main/DEBUG] [cpw.mods.modlauncher.TransformStore/MODLAUNCHER]: Adding transformer net.minecraftforge.coremod.transformer.CoreModClassTransformer@10ec523c to Target : CLASS {Lnet/minecraft/block/FlowerPotBlock;} {} {V}
[15Aug2026 14:34:08.471] [main/DEBUG] [cpw.mods.modlauncher.TransformStore/MODLAUNCHER]: Adding transformer net.minecraftforge.coremod.transformer.CoreModClassTransformer@53dfacba to Target : CLASS {Lnet/minecraft/item/FishBucketItem;} {} {V}
[15Aug2026 14:34:08.471] [main/DEBUG] [cpw.mods.modlauncher.TransformStore/MODLAUNCHER]: Adding transformer net.minecraftforge.coremod.transformer.CoreModClassTransformer@79767781 to Target : CLASS {Lnet/minecraft/item/ItemStack;} {} {V}
[15Aug2026 14:34:08.472] [main/DEBUG] [cpw.mods.modlauncher.TransformStore/MODLAUNCHER]: Adding transformer net.minecraftforge.coremod.transformer.CoreModClassTransformer@78411116 to Target : CLASS {Lnet/minecraft/network/play/client/CClientSettingsPacket;} {} {V}
[15Aug2026 14:34:08.474] [main/DEBUG] [cpw.mods.modlauncher.TransformStore/MODLAUNCHER]: Adding transformer net.minecraftforge.coremod.transformer.CoreModClassTransformer@aced190 to Target : CLASS {Lnet/minecraft/util/math/vector/TransformationMatrix;} {} {V}
[15Aug2026 14:34:08.475] [main/DEBUG] [cpw.mods.modlauncher.TransformStore/MODLAUNCHER]: Adding transformer net.minecraftforge.coremod.transformer.CoreModClassTransformer@245a060f to Target : CLASS {Lnet/minecraft/util/math/vector/TransformationMatrix;} {} {V}
[15Aug2026 14:34:08.475] [main/DEBUG] [cpw.mods.modlauncher.TransformStore/MODLAUNCHER]: Adding transformer net.minecraftforge.coremod.transformer.CoreModMethodTransformer@1e63d216 to Target : METHOD {Lnet/minecraft/client/entity/player/AbstractClientPlayerEntity;} {getFieldOfViewModifier} {()F}
[15Aug2026 14:34:08.476] [main/DEBUG] [cpw.mods.modlauncher.TransformStore/MODLAUNCHER]: Adding transformer net.minecraftforge.coremod.transformer.CoreModMethodTransformer@62ddd21b to Target : METHOD {Lnet/minecraft/client/renderer/FirstPersonRenderer;} {renderHandsWithItems} {(FLcom/mojang/blaze3d/matrix/MatrixStack;Lnet/minecraft/client/renderer/IRenderTypeBuffer$Impl;Lnet/minecraft/client/entity/player/ClientPlayerEntity;I)V}
[15Aug2026 14:34:08.477] [main/DEBUG] [cpw.mods.modlauncher.TransformStore/MODLAUNCHER]: Adding transformer net.minecraftforge.coremod.transformer.CoreModMethodTransformer@16c3ca31 to Target : METHOD {Lnet/minecraft/client/renderer/entity/model/SkeletonModel;} {prepareMobModel} {(Lnet/minecraft/entity/MobEntity;FFF)V}
[15Aug2026 14:34:08.478] [main/DEBUG] [cpw.mods.modlauncher.TransformStore/MODLAUNCHER]: Adding transformer net.minecraftforge.coremod.transformer.CoreModMethodTransformer@2d195ee4 to Target : METHOD {Lnet/minecraft/client/renderer/entity/model/SkeletonModel;} {setupAnim} {(Lnet/minecraft/entity/MobEntity;FFFFF)V}
[15Aug2026 14:34:08.479] [main/DEBUG] [cpw.mods.modlauncher.TransformStore/MODLAUNCHER]: Adding transformer net.minecraftforge.coremod.transformer.CoreModMethodTransformer@2d6aca33 to Target : METHOD {Lnet/minecraft/entity/monster/AbstractSkeletonEntity;} {canFireProjectileWeapon} {(Lnet/minecraft/item/ShootableItem;)Z}
[15Aug2026 14:34:08.479] [main/DEBUG] [cpw.mods.modlauncher.TransformStore/MODLAUNCHER]: Adding transformer net.minecraftforge.coremod.transformer.CoreModMethodTransformer@21ab988f to Target : METHOD {Lnet/minecraft/entity/monster/AbstractSkeletonEntity;} {reassessWeaponGoal} {()V}
[15Aug2026 14:34:08.479] [main/DEBUG] [cpw.mods.modlauncher.TransformStore/MODLAUNCHER]: Adding transformer net.minecraftforge.coremod.transformer.CoreModMethodTransformer@29314cc9 to Target : METHOD {Lnet/minecraft/client/renderer/FirstPersonRenderer;} {renderHandsWithItems} {(FLcom/mojang/blaze3d/matrix/MatrixStack;Lnet/minecraft/client/renderer/IRenderTypeBuffer$Impl;Lnet/minecraft/client/entity/player/ClientPlayerEntity;I)V}
[15Aug2026 14:34:08.480] [main/DEBUG] [cpw.mods.modlauncher.TransformStore/MODLAUNCHER]: Adding transformer net.minecraftforge.coremod.transformer.CoreModMethodTransformer@4e38d975 to Target : METHOD {Lnet/minecraft/client/renderer/FirstPersonRenderer;} {renderArmWithItem} {(Lnet/minecraft/client/entity/player/AbstractClientPlayerEntity;FFLnet/minecraft/util/Hand;FLnet/minecraft/item/ItemStack;FLcom/mojang/blaze3d/matrix/MatrixStack;Lnet/minecraft/client/renderer/IRenderTypeBuffer;I)V}
[15Aug2026 14:34:08.481] [main/DEBUG] [cpw.mods.modlauncher.TransformStore/MODLAUNCHER]: Adding transformer net.minecraftforge.coremod.transformer.CoreModMethodTransformer@35f8a9d3 to Target : METHOD {Lnet/minecraft/client/renderer/entity/PlayerRenderer;} {getArmPose} {(Lnet/minecraft/client/entity/player/AbstractClientPlayerEntity;Lnet/minecraft/util/Hand;)Lnet/minecraft/client/renderer/entity/model/BipedModel$ArmPose;}
[15Aug2026 14:34:08.482] [main/DEBUG] [cpw.mods.modlauncher.TransformStore/MODLAUNCHER]: Adding transformer net.minecraftforge.coremod.transformer.CoreModMethodTransformer@48ea2003 to Target : METHOD {Lnet/minecraft/entity/monster/PillagerEntity;} {canFireProjectileWeapon} {(Lnet/minecraft/item/ShootableItem;)Z}
[15Aug2026 14:34:08.482] [main/DEBUG] [cpw.mods.modlauncher.TransformStore/MODLAUNCHER]: Adding transformer net.minecraftforge.coremod.transformer.CoreModMethodTransformer@6b1e7ad3 to Target : METHOD {Lnet/minecraft/entity/monster/PillagerEntity;} {enchantSpawnedWeapon} {(F)V}
[15Aug2026 14:34:08.483] [main/DEBUG] [cpw.mods.modlauncher.TransformStore/MODLAUNCHER]: Adding transformer net.minecraftforge.coremod.transformer.CoreModMethodTransformer@63e5e5b4 to Target : METHOD {Lnet/minecraft/entity/monster/piglin/PiglinEntity;} {canReplaceCurrentItem} {(Lnet/minecraft/item/ItemStack;Lnet/minecraft/item/ItemStack;)Z}
[15Aug2026 14:34:08.483] [main/DEBUG] [cpw.mods.modlauncher.TransformStore/MODLAUNCHER]: Adding transformer net.minecraftforge.coremod.transformer.CoreModMethodTransformer@13a37e2a to Target : METHOD {Lnet/minecraft/entity/monster/piglin/PiglinEntity;} {canFireProjectileWeapon} {(Lnet/minecraft/item/ShootableItem;)Z}
[15Aug2026 14:34:08.485] [main/DEBUG] [cpw.mods.modlauncher.TransformStore/MODLAUNCHER]: Adding transformer net.minecraftforge.coremod.transformer.CoreModMethodTransformer@a50ae65 to Target : METHOD {Lnet/minecraft/item/CrossbowItem;} {getShootingPower} {(Lnet/minecraft/item/ItemStack;)F}
[15Aug2026 14:34:08.485] [main/DEBUG] [cpw.mods.modlauncher.TransformStore/MODLAUNCHER]: Adding transformer net.minecraftforge.coremod.transformer.CoreModMethodTransformer@1280851e to Target : METHOD {Lnet/minecraft/item/Item;} {useOnRelease} {(Lnet/minecraft/item/ItemStack;)Z}
[15Aug2026 14:34:08.486] [main/DEBUG] [cpw.mods.modlauncher.TransformStore/MODLAUNCHER]: Adding transformer net.minecraftforge.coremod.transformer.CoreModMethodTransformer@5e840abf to Target : METHOD {Lnet/minecraft/client/renderer/FirstPersonRenderer;} {renderArmWithItem} {(Lnet/minecraft/client/entity/player/AbstractClientPlayerEntity;FFLnet/minecraft/util/Hand;FLnet/minecraft/item/ItemStack;FLcom/mojang/blaze3d/matrix/MatrixStack;Lnet/minecraft/client/renderer/IRenderTypeBuffer;I)V}
[15Aug2026 14:34:08.487] [main/DEBUG] [cpw.mods.modlauncher.TransformStore/MODLAUNCHER]: Adding transformer net.minecraftforge.coremod.transformer.CoreModMethodTransformer@56de6d6b to Target : METHOD {Lnet/minecraft/entity/item/ItemFrameEntity;} {removeFramedMap} {(Lnet/minecraft/item/ItemStack;)V}
[15Aug2026 14:34:08.487] [main/DEBUG] [cpw.mods.modlauncher.TransformStore/MODLAUNCHER]: Adding transformer net.minecraftforge.coremod.transformer.CoreModMethodTransformer@5972d253 to Target : METHOD {Lnet/minecraft/inventory/container/CartographyContainer$3;} {mayPlace} {(Lnet/minecraft/item/ItemStack;)Z}
[15Aug2026 14:34:08.490] [main/DEBUG] [cpw.mods.modlauncher.TransformStore/MODLAUNCHER]: Adding transformer net.minecraftforge.coremod.transformer.CoreModMethodTransformer@4fcc0416 to Target : METHOD {Lnet/minecraft/inventory/container/CartographyContainer;} {quickMoveStack} {(Lnet/minecraft/entity/player/PlayerEntity;I)Lnet/minecraft/item/ItemStack;}
[15Aug2026 14:34:08.491] [main/DEBUG] [cpw.mods.modlauncher.TransformStore/MODLAUNCHER]: Adding transformer net.minecraftforge.coremod.transformer.CoreModMethodTransformer@31e32ea2 to Target : METHOD {Lnet/minecraft/item/ItemStack;} {getTooltipLines} {(Lnet/minecraft/entity/player/PlayerEntity;Lnet/minecraft/client/util/ITooltipFlag;)Ljava/util/List;}
[15Aug2026 14:34:08.493] [main/DEBUG] [cpw.mods.modlauncher.TransformStore/MODLAUNCHER]: Adding transformer net.minecraftforge.coremod.transformer.CoreModMethodTransformer@1473b8c0 to Target : METHOD {Lnet/minecraft/client/renderer/entity/FishRenderer;} {render} {(Lnet/minecraft/entity/projectile/FishingBobberEntity;FFLcom/mojang/blaze3d/matrix/MatrixStack;Lnet/minecraft/client/renderer/IRenderTypeBuffer;I)V}
[15Aug2026 14:34:08.493] [main/DEBUG] [cpw.mods.modlauncher.TransformStore/MODLAUNCHER]: Adding transformer net.minecraftforge.coremod.transformer.CoreModMethodTransformer@5b5c0057 to Target : METHOD {Lnet/minecraft/entity/projectile/FishingBobberEntity;} {shouldStopFishing} {(Lnet/minecraft/entity/player/PlayerEntity;)Z}
[15Aug2026 14:34:08.494] [main/DEBUG] [cpw.mods.modlauncher.TransformStore/MODLAUNCHER]: Adding transformer net.minecraftforge.coremod.transformer.CoreModMethodTransformer@749f539e to Target : METHOD {Lnet/minecraft/block/BeehiveBlock;} {use} {(Lnet/minecraft/block/BlockState;Lnet/minecraft/world/World;Lnet/minecraft/util/math/BlockPos;Lnet/minecraft/entity/player/PlayerEntity;Lnet/minecraft/util/Hand;Lnet/minecraft/util/math/BlockRayTraceResult;)Lnet/minecraft/util/ActionResultType;}
[15Aug2026 14:34:08.494] [main/DEBUG] [cpw.mods.modlauncher.TransformStore/MODLAUNCHER]: Adding transformer net.minecraftforge.coremod.transformer.CoreModMethodTransformer@5ca1f591 to Target : METHOD {Lnet/minecraft/block/PumpkinBlock;} {use} {(Lnet/minecraft/block/BlockState;Lnet/minecraft/world/World;Lnet/minecraft/util/math/BlockPos;Lnet/minecraft/entity/player/PlayerEntity;Lnet/minecraft/util/Hand;Lnet/minecraft/util/math/BlockRayTraceResult;)Lnet/minecraft/util/ActionResultType;}
[15Aug2026 14:34:08.496] [main/DEBUG] [cpw.mods.modlauncher.TransformStore/MODLAUNCHER]: Adding transformer net.minecraftforge.coremod.transformer.CoreModMethodTransformer@551de37d to Target : METHOD {Lnet/minecraft/block/TripWireBlock;} {playerWillDestroy} {(Lnet/minecraft/world/World;Lnet/minecraft/util/math/BlockPos;Lnet/minecraft/block/BlockState;Lnet/minecraft/entity/player/PlayerEntity;)V}
[15Aug2026 14:34:08.497] [main/DEBUG] [cpw.mods.modlauncher.TransformStore/MODLAUNCHER]: Adding transformer net.minecraftforge.coremod.transformer.CoreModMethodTransformer@6ef81f31 to Target : METHOD {Lnet/minecraft/enchantment/EfficiencyEnchantment;} {canEnchant} {(Lnet/minecraft/item/ItemStack;)Z}
[15Aug2026 14:34:08.498] [main/DEBUG] [cpw.mods.modlauncher.TransformStore/MODLAUNCHER]: Adding transformer net.minecraftforge.coremod.transformer.CoreModMethodTransformer@6075b2d3 to Target : METHOD {Lnet/minecraft/entity/passive/MooshroomEntity;} {mobInteract} {(Lnet/minecraft/entity/player/PlayerEntity;Lnet/minecraft/util/Hand;)Lnet/minecraft/util/ActionResultType;}
[15Aug2026 14:34:08.499] [main/DEBUG] [cpw.mods.modlauncher.TransformStore/MODLAUNCHER]: Adding transformer net.minecraftforge.coremod.transformer.CoreModMethodTransformer@33abde31 to Target : METHOD {Lnet/minecraft/entity/passive/SheepEntity;} {mobInteract} {(Lnet/minecraft/entity/player/PlayerEntity;Lnet/minecraft/util/Hand;)Lnet/minecraft/util/ActionResultType;}
[15Aug2026 14:34:08.499] [main/DEBUG] [cpw.mods.modlauncher.TransformStore/MODLAUNCHER]: Adding transformer net.minecraftforge.coremod.transformer.CoreModMethodTransformer@997d532 to Target : METHOD {Lnet/minecraft/entity/passive/SnowGolemEntity;} {mobInteract} {(Lnet/minecraft/entity/player/PlayerEntity;Lnet/minecraft/util/Hand;)Lnet/minecraft/util/ActionResultType;}
[15Aug2026 14:34:08.500] [main/DEBUG] [cpw.mods.modlauncher.TransformationServiceDecorator/MODLAUNCHER]: Initialized transformers for transformation service fml
[15Aug2026 14:34:08.644] [main/DEBUG] [mixin/]: Processing prepare() for PlatformAgent[MixinPlatformAgentDefault:ModLauncher Root Container(ModLauncher:4f56a0a2)]
[15Aug2026 14:34:08.646] [main/DEBUG] [mixin/]: Processing launch tasks for PlatformAgent[MixinPlatformAgentDefault:ModLauncher Root Container(ModLauncher:4f56a0a2)]
[15Aug2026 14:34:08.646] [main/DEBUG] [mixin/]: Adding mixin platform agents for container ContainerHandleModLauncher.Resource(client-extra.jar:C:\Users\ch\.gradle\caches\forge_gradle\minecraft_repo\versions\1.16.5\client-extra.jar)
[15Aug2026 14:34:08.647] [main/DEBUG] [mixin/]: Instancing new MixinPlatformAgentMinecraftForge for ContainerHandleModLauncher.Resource(client-extra.jar:C:\Users\ch\.gradle\caches\forge_gradle\minecraft_repo\versions\1.16.5\client-extra.jar)
[15Aug2026 14:34:08.647] [main/DEBUG] [mixin/]: MixinPlatformAgentMinecraftForge rejected container ContainerHandleModLauncher.Resource(client-extra.jar:C:\Users\ch\.gradle\caches\forge_gradle\minecraft_repo\versions\1.16.5\client-extra.jar)
[15Aug2026 14:34:08.647] [main/DEBUG] [mixin/]: Instancing new MixinPlatformAgentDefault for ContainerHandleModLauncher.Resource(client-extra.jar:C:\Users\ch\.gradle\caches\forge_gradle\minecraft_repo\versions\1.16.5\client-extra.jar)
[15Aug2026 14:34:08.648] [main/DEBUG] [mixin/]: MixinPlatformAgentDefault accepted container ContainerHandleModLauncher.Resource(client-extra.jar:C:\Users\ch\.gradle\caches\forge_gradle\minecraft_repo\versions\1.16.5\client-extra.jar)
[15Aug2026 14:34:08.648] [main/DEBUG] [mixin/]: Processing prepare() for PlatformAgent[MixinPlatformAgentDefault:ContainerHandleModLauncher.Resource(client-extra.jar:C:\Users\ch\.gradle\caches\forge_gradle\minecraft_repo\versions\1.16.5\client-extra.jar)]
[15Aug2026 14:34:08.648] [main/DEBUG] [mixin/]: Adding mixin platform agents for container ContainerHandleModLauncher.Resource(forge-1.16.5-36.2.42_mapped_official_1.16.5.jar:C:\Users\ch\.gradle\caches\forge_gradle\minecraft_user_repo\net\minecraftforge\forge\1.16.5-36.2.42_mapped_official_1.16.5\forge-1.16.5-36.2.42_mapped_official_1.16.5.jar)
[15Aug2026 14:34:08.649] [main/DEBUG] [mixin/]: Instancing new MixinPlatformAgentMinecraftForge for ContainerHandleModLauncher.Resource(forge-1.16.5-36.2.42_mapped_official_1.16.5.jar:C:\Users\ch\.gradle\caches\forge_gradle\minecraft_user_repo\net\minecraftforge\forge\1.16.5-36.2.42_mapped_official_1.16.5\forge-1.16.5-36.2.42_mapped_official_1.16.5.jar)
[15Aug2026 14:34:08.649] [main/DEBUG] [mixin/]: MixinPlatformAgentMinecraftForge rejected container ContainerHandleModLauncher.Resource(forge-1.16.5-36.2.42_mapped_official_1.16.5.jar:C:\Users\ch\.gradle\caches\forge_gradle\minecraft_user_repo\net\minecraftforge\forge\1.16.5-36.2.42_mapped_official_1.16.5\forge-1.16.5-36.2.42_mapped_official_1.16.5.jar)
[15Aug2026 14:34:08.650] [main/DEBUG] [mixin/]: Instancing new MixinPlatformAgentDefault for ContainerHandleModLauncher.Resource(forge-1.16.5-36.2.42_mapped_official_1.16.5.jar:C:\Users\ch\.gradle\caches\forge_gradle\minecraft_user_repo\net\minecraftforge\forge\1.16.5-36.2.42_mapped_official_1.16.5\forge-1.16.5-36.2.42_mapped_official_1.16.5.jar)
[15Aug2026 14:34:08.652] [main/DEBUG] [mixin/]: MixinPlatformAgentDefault accepted container ContainerHandleModLauncher.Resource(forge-1.16.5-36.2.42_mapped_official_1.16.5.jar:C:\Users\ch\.gradle\caches\forge_gradle\minecraft_user_repo\net\minecraftforge\forge\1.16.5-36.2.42_mapped_official_1.16.5\forge-1.16.5-36.2.42_mapped_official_1.16.5.jar)
[15Aug2026 14:34:08.652] [main/DEBUG] [mixin/]: Processing prepare() for PlatformAgent[MixinPlatformAgentDefault:ContainerHandleModLauncher.Resource(forge-1.16.5-36.2.42_mapped_official_1.16.5.jar:C:\Users\ch\.gradle\caches\forge_gradle\minecraft_user_repo\net\minecraftforge\forge\1.16.5-36.2.42_mapped_official_1.16.5\forge-1.16.5-36.2.42_mapped_official_1.16.5.jar)]
[15Aug2026 14:34:08.652] [main/DEBUG] [mixin/]: Adding mixin platform agents for container ContainerHandleModLauncher.Resource(main:C:\Users\ch\Downloads\McBotAI\McBotAI\build\resources\main)
[15Aug2026 14:34:08.654] [main/DEBUG] [mixin/]: Instancing new MixinPlatformAgentMinecraftForge for ContainerHandleModLauncher.Resource(main:C:\Users\ch\Downloads\McBotAI\McBotAI\build\resources\main)
[15Aug2026 14:34:08.655] [main/DEBUG] [mixin/]: MixinPlatformAgentMinecraftForge rejected container ContainerHandleModLauncher.Resource(main:C:\Users\ch\Downloads\McBotAI\McBotAI\build\resources\main)
[15Aug2026 14:34:08.656] [main/DEBUG] [mixin/]: Instancing new MixinPlatformAgentDefault for ContainerHandleModLauncher.Resource(main:C:\Users\ch\Downloads\McBotAI\McBotAI\build\resources\main)
[15Aug2026 14:34:08.657] [main/DEBUG] [mixin/]: MixinPlatformAgentDefault accepted container ContainerHandleModLauncher.Resource(main:C:\Users\ch\Downloads\McBotAI\McBotAI\build\resources\main)
[15Aug2026 14:34:08.658] [main/DEBUG] [mixin/]: Processing prepare() for PlatformAgent[MixinPlatformAgentDefault:ContainerHandleModLauncher.Resource(main:C:\Users\ch\Downloads\McBotAI\McBotAI\build\resources\main)]
[15Aug2026 14:34:08.659] [main/DEBUG] [mixin/]: inject() running with 4 agents
[15Aug2026 14:34:08.660] [main/DEBUG] [mixin/]: Processing inject() for PlatformAgent[MixinPlatformAgentDefault:ModLauncher Root Container(ModLauncher:4f56a0a2)]
[15Aug2026 14:34:08.661] [main/DEBUG] [mixin/]: Processing inject() for PlatformAgent[MixinPlatformAgentDefault:ContainerHandleModLauncher.Resource(client-extra.jar:C:\Users\ch\.gradle\caches\forge_gradle\minecraft_repo\versions\1.16.5\client-extra.jar)]
[15Aug2026 14:34:08.663] [main/DEBUG] [mixin/]: Processing inject() for PlatformAgent[MixinPlatformAgentDefault:ContainerHandleModLauncher.Resource(forge-1.16.5-36.2.42_mapped_official_1.16.5.jar:C:\Users\ch\.gradle\caches\forge_gradle\minecraft_user_repo\net\minecraftforge\forge\1.16.5-36.2.42_mapped_official_1.16.5\forge-1.16.5-36.2.42_mapped_official_1.16.5.jar)]
[15Aug2026 14:34:08.665] [main/DEBUG] [mixin/]: Processing inject() for PlatformAgent[MixinPlatformAgentDefault:ContainerHandleModLauncher.Resource(main:C:\Users\ch\Downloads\McBotAI\McBotAI\build\resources\main)]
[15Aug2026 14:34:08.666] [main/INFO] [cpw.mods.modlauncher.LaunchServiceHandler/MODLAUNCHER]: Launching target 'fmluserdevclient' with arguments [--version, MOD_DEV, --gameDir, ., --assetsDir, C:\Users\ch\.gradle\caches\forge_gradle\assets, --assetIndex, 1.16, --username, Dev, --accessToken, ????????, --userProperties, {}]
[15Aug2026 14:34:08.671] [main/DEBUG] [net.minecraftforge.userdev.FMLUserdevClientLaunchProvider/CORE]: Launching minecraft in cpw.mods.modlauncher.TransformingClassLoader@d1a10ac with arguments [--version, MOD_DEV, --gameDir, ., --assetsDir, C:\Users\ch\.gradle\caches\forge_gradle\assets, --assetIndex, 1.16, --username, Dev, --accessToken, DONT_CRASH, --userProperties, {}]
[15Aug2026 14:34:08.829] [main/DEBUG] [mixin/]: Error cleaning class output directory: .mixin.out
[15Aug2026 14:34:08.847] [main/DEBUG] [mixin/]: Preparing mixins for MixinEnvironment[DEFAULT]
[15Aug2026 14:34:10.801] [main/DEBUG] [io.netty.util.internal.logging.InternalLoggerFactory/]: Using SLF4J as the default logging framework
[15Aug2026 14:34:10.805] [main/DEBUG] [io.netty.util.ResourceLeakDetector/]: -Dio.netty.leakDetection.level: simple
[15Aug2026 14:34:10.812] [main/DEBUG] [io.netty.util.ResourceLeakDetector/]: -Dio.netty.leakDetection.targetRecords: 4
[15Aug2026 14:34:12.079] [pool-3-thread-1/DEBUG] [net.minecraftforge.coremod.transformer.CoreModBaseTransformer/COREMOD]: Transforming useOnRelease with desc (Lnet/minecraft/item/ItemStack;)Z
[15Aug2026 14:34:13.113] [pool-3-thread-1/DEBUG] [net.minecraftforge.coremod.transformer.CoreModBaseTransformer/COREMOD]: Transforming net/minecraft/block/FlowingFluidBlock
[15Aug2026 14:34:13.210] [pool-3-thread-1/DEBUG] [net.minecraftforge.coremod.transformer.CoreModBaseTransformer/COREMOD]: Transforming net/minecraft/block/StairsBlock
[15Aug2026 14:34:13.300] [pool-3-thread-1/DEBUG] [net.minecraftforge.coremod.transformer.CoreModBaseTransformer/COREMOD]: Transforming use with desc (Lnet/minecraft/block/BlockState;Lnet/minecraft/world/World;Lnet/minecraft/util/math/BlockPos;Lnet/minecraft/entity/player/PlayerEntity;Lnet/minecraft/util/Hand;Lnet/minecraft/util/math/BlockRayTraceResult;)Lnet/minecraft/util/ActionResultType;
[15Aug2026 14:34:13.427] [pool-3-thread-1/DEBUG] [net.minecraftforge.coremod.transformer.CoreModBaseTransformer/COREMOD]: Transforming playerWillDestroy with desc (Lnet/minecraft/world/World;Lnet/minecraft/util/math/BlockPos;Lnet/minecraft/block/BlockState;Lnet/minecraft/entity/player/PlayerEntity;)V
[15Aug2026 14:34:13.443] [pool-3-thread-1/DEBUG] [net.minecraftforge.coremod.transformer.CoreModBaseTransformer/COREMOD]: Transforming net/minecraft/block/FlowerPotBlock
[15Aug2026 14:34:13.611] [pool-3-thread-1/DEBUG] [net.minecraftforge.coremod.transformer.CoreModBaseTransformer/COREMOD]: Transforming use with desc (Lnet/minecraft/block/BlockState;Lnet/minecraft/world/World;Lnet/minecraft/util/math/BlockPos;Lnet/minecraft/entity/player/PlayerEntity;Lnet/minecraft/util/Hand;Lnet/minecraft/util/math/BlockRayTraceResult;)Lnet/minecraft/util/ActionResultType;
[15Aug2026 14:34:15.082] [pool-3-thread-1/DEBUG] [net.minecraftforge.coremod.transformer.CoreModBaseTransformer/COREMOD]: Transforming mobInteract with desc (Lnet/minecraft/entity/player/PlayerEntity;Lnet/minecraft/util/Hand;)Lnet/minecraft/util/ActionResultType;
[15Aug2026 14:34:16.054] [pool-3-thread-1/DEBUG] [net.minecraftforge.coremod.transformer.CoreModBaseTransformer/COREMOD]: Transforming quickMoveStack with desc (Lnet/minecraft/entity/player/PlayerEntity;I)Lnet/minecraft/item/ItemStack;
[15Aug2026 14:34:18.234] [pool-3-thread-1/DEBUG] [net.minecraftforge.coremod.transformer.CoreModBaseTransformer/COREMOD]: Transforming getTooltipLines with desc (Lnet/minecraft/entity/player/PlayerEntity;Lnet/minecraft/client/util/ITooltipFlag;)Ljava/util/List;
[15Aug2026 14:34:18.483] [pool-3-thread-1/DEBUG] [net.minecraftforge.coremod.transformer.CoreModBaseTransformer/COREMOD]: Transforming net/minecraft/item/ItemStack
[15Aug2026 14:34:18.518] [pool-3-thread-1/DEBUG] [net.minecraftforge.coremod.transformer.CoreModBaseTransformer/COREMOD]: Transforming removeFramedMap with desc (Lnet/minecraft/item/ItemStack;)V
[15Aug2026 14:34:18.691] [pool-3-thread-1/DEBUG] [net.minecraftforge.coremod.transformer.CoreModBaseTransformer/COREMOD]: Transforming mobInteract with desc (Lnet/minecraft/entity/player/PlayerEntity;Lnet/minecraft/util/Hand;)Lnet/minecraft/util/ActionResultType;
[15Aug2026 14:34:18.878] [pool-3-thread-1/DEBUG] [net.minecraftforge.coremod.transformer.CoreModBaseTransformer/COREMOD]: Transforming canFireProjectileWeapon with desc (Lnet/minecraft/item/ShootableItem;)Z
[15Aug2026 14:34:18.880] [pool-3-thread-1/DEBUG] [net.minecraftforge.coremod.transformer.CoreModBaseTransformer/COREMOD]: Transforming canReplaceCurrentItem with desc (Lnet/minecraft/item/ItemStack;Lnet/minecraft/item/ItemStack;)Z
[15Aug2026 14:34:18.898] [pool-3-thread-1/DEBUG] [net.minecraftforge.coremod.transformer.CoreModBaseTransformer/COREMOD]: Transforming canFireProjectileWeapon with desc (Lnet/minecraft/item/ShootableItem;)Z
[15Aug2026 14:34:18.899] [pool-3-thread-1/DEBUG] [net.minecraftforge.coremod.transformer.CoreModBaseTransformer/COREMOD]: Transforming enchantSpawnedWeapon with desc (F)V
[15Aug2026 14:34:19.016] [pool-3-thread-1/DEBUG] [net.minecraftforge.coremod.transformer.CoreModBaseTransformer/COREMOD]: Transforming mobInteract with desc (Lnet/minecraft/entity/player/PlayerEntity;Lnet/minecraft/util/Hand;)Lnet/minecraft/util/ActionResultType;
[15Aug2026 14:34:19.042] [pool-3-thread-1/DEBUG] [net.minecraftforge.coremod.transformer.CoreModBaseTransformer/COREMOD]: Transforming reassessWeaponGoal with desc ()V
[15Aug2026 14:34:19.102] [pool-3-thread-1/DEBUG] [net.minecraftforge.coremod.transformer.CoreModBaseTransformer/COREMOD]: Transforming canFireProjectileWeapon with desc (Lnet/minecraft/item/ShootableItem;)Z
[15Aug2026 14:34:21.762] [pool-3-thread-1/DEBUG] [net.minecraftforge.coremod.transformer.CoreModBaseTransformer/COREMOD]: Transforming canEnchant with desc (Lnet/minecraft/item/ItemStack;)Z
[15Aug2026 14:34:21.899] [pool-3-thread-1/DEBUG] [net.minecraftforge.coremod.transformer.CoreModBaseTransformer/COREMOD]: Transforming net/minecraft/item/BucketItem
[15Aug2026 14:34:21.915] [pool-3-thread-1/DEBUG] [net.minecraftforge.coremod.transformer.CoreModBaseTransformer/COREMOD]: Transforming net/minecraft/item/FishBucketItem
[15Aug2026 14:34:22.126] [pool-3-thread-1/DEBUG] [net.minecraftforge.coremod.transformer.CoreModBaseTransformer/COREMOD]: Transforming getShootingPower with desc (Lnet/minecraft/item/ItemStack;)F
[15Aug2026 14:34:22.441] [pool-3-thread-1/DEBUG] [net.minecraftforge.coremod.transformer.CoreModBaseTransformer/COREMOD]: Transforming net/minecraft/potion/EffectInstance
[15Aug2026 14:34:22.558] [pool-3-thread-1/DEBUG] [net.minecraftforge.coremod.transformer.CoreModBaseTransformer/COREMOD]: Transforming shouldStopFishing with desc (Lnet/minecraft/entity/player/PlayerEntity;)Z
[15Aug2026 14:34:22.923] [pool-3-thread-1/DEBUG] [net.minecraftforge.coremod.transformer.CoreModBaseTransformer/COREMOD]: Transforming mayPlace with desc (Lnet/minecraft/item/ItemStack;)Z
[15Aug2026 14:34:23.919] [pool-3-thread-1/DEBUG] [net.minecraftforge.registries.GameData/REGISTRIES]: Creating vanilla freeze snapshot
[15Aug2026 14:34:24.040] [pool-3-thread-1/DEBUG] [net.minecraftforge.registries.ForgeRegistry/REGISTRIES]: Registry minecraft:block Sync: VANILLA -> ACTIVE
[15Aug2026 14:34:24.063] [pool-3-thread-1/DEBUG] [net.minecraftforge.registries.ForgeRegistry/REGISTRIES]: Registry minecraft:fluid Sync: VANILLA -> ACTIVE
[15Aug2026 14:34:24.064] [pool-3-thread-1/DEBUG] [net.minecraftforge.registries.ForgeRegistry/REGISTRIES]: Registry minecraft:item Sync: VANILLA -> ACTIVE
[15Aug2026 14:34:24.127] [pool-3-thread-1/DEBUG] [net.minecraftforge.registries.ForgeRegistry/REGISTRIES]: Registry minecraft:mob_effect Sync: VANILLA -> ACTIVE
[15Aug2026 14:34:24.129] [pool-3-thread-1/DEBUG] [net.minecraftforge.registries.ForgeRegistry/REGISTRIES]: Registry minecraft:sound_event Sync: VANILLA -> ACTIVE
[15Aug2026 14:34:24.151] [pool-3-thread-1/DEBUG] [net.minecraftforge.registries.ForgeRegistry/REGISTRIES]: Registry minecraft:potion Sync: VANILLA -> ACTIVE
[15Aug2026 14:34:24.152] [pool-3-thread-1/DEBUG] [net.minecraftforge.registries.ForgeRegistry/REGISTRIES]: Registry minecraft:enchantment Sync: VANILLA -> ACTIVE
[15Aug2026 14:34:24.154] [pool-3-thread-1/DEBUG] [net.minecraftforge.registries.ForgeRegistry/REGISTRIES]: Registry minecraft:entity_type Sync: VANILLA -> ACTIVE
[15Aug2026 14:34:24.201] [pool-3-thread-1/DEBUG] [net.minecraftforge.registries.ForgeRegistry/REGISTRIES]: Registry minecraft:block_entity_type Sync: VANILLA -> ACTIVE
[15Aug2026 14:34:24.202] [pool-3-thread-1/DEBUG] [net.minecraftforge.registries.ForgeRegistry/REGISTRIES]: Registry minecraft:particle_type Sync: VANILLA -> ACTIVE
[15Aug2026 14:34:24.204] [pool-3-thread-1/DEBUG] [net.minecraftforge.registries.ForgeRegistry/REGISTRIES]: Registry minecraft:menu Sync: VANILLA -> ACTIVE
[15Aug2026 14:34:24.206] [pool-3-thread-1/DEBUG] [net.minecraftforge.registries.ForgeRegistry/REGISTRIES]: Registry minecraft:motive Sync: VANILLA -> ACTIVE
[15Aug2026 14:34:24.207] [pool-3-thread-1/DEBUG] [net.minecraftforge.registries.ForgeRegistry/REGISTRIES]: Registry minecraft:recipe_serializer Sync: VANILLA -> ACTIVE
[15Aug2026 14:34:24.208] [pool-3-thread-1/DEBUG] [net.minecraftforge.registries.ForgeRegistry/REGISTRIES]: Registry minecraft:attribute Sync: VANILLA -> ACTIVE
[15Aug2026 14:34:24.209] [pool-3-thread-1/DEBUG] [net.minecraftforge.registries.ForgeRegistry/REGISTRIES]: Registry minecraft:stat_type Sync: VANILLA -> ACTIVE
[15Aug2026 14:34:24.209] [pool-3-thread-1/DEBUG] [net.minecraftforge.registries.ForgeRegistry/REGISTRIES]: Registry minecraft:villager_profession Sync: VANILLA -> ACTIVE
[15Aug2026 14:34:24.209] [pool-3-thread-1/DEBUG] [net.minecraftforge.registries.ForgeRegistry/REGISTRIES]: Registry minecraft:point_of_interest_type Sync: VANILLA -> ACTIVE
[15Aug2026 14:34:24.211] [pool-3-thread-1/DEBUG] [net.minecraftforge.registries.ForgeRegistry/REGISTRIES]: Registry minecraft:memory_module_type Sync: VANILLA -> ACTIVE
[15Aug2026 14:34:24.213] [pool-3-thread-1/DEBUG] [net.minecraftforge.registries.ForgeRegistry/REGISTRIES]: Registry minecraft:sensor_type Sync: VANILLA -> ACTIVE
[15Aug2026 14:34:24.214] [pool-3-thread-1/DEBUG] [net.minecraftforge.registries.ForgeRegistry/REGISTRIES]: Registry minecraft:schedule Sync: VANILLA -> ACTIVE
[15Aug2026 14:34:24.215] [pool-3-thread-1/DEBUG] [net.minecraftforge.registries.ForgeRegistry/REGISTRIES]: Registry minecraft:activity Sync: VANILLA -> ACTIVE
[15Aug2026 14:34:24.216] [pool-3-thread-1/DEBUG] [net.minecraftforge.registries.ForgeRegistry/REGISTRIES]: Registry minecraft:worldgen/carver Sync: VANILLA -> ACTIVE
[15Aug2026 14:34:24.218] [pool-3-thread-1/DEBUG] [net.minecraftforge.registries.ForgeRegistry/REGISTRIES]: Registry minecraft:worldgen/surface_builder Sync: VANILLA -> ACTIVE
[15Aug2026 14:34:24.219] [pool-3-thread-1/DEBUG] [net.minecraftforge.registries.ForgeRegistry/REGISTRIES]: Registry minecraft:worldgen/feature Sync: VANILLA -> ACTIVE
[15Aug2026 14:34:24.221] [pool-3-thread-1/DEBUG] [net.minecraftforge.registries.ForgeRegistry/REGISTRIES]: Registry minecraft:worldgen/decorator Sync: VANILLA -> ACTIVE
[15Aug2026 14:34:24.222] [pool-3-thread-1/DEBUG] [net.minecraftforge.registries.ForgeRegistry/REGISTRIES]: Registry minecraft:chunk_status Sync: VANILLA -> ACTIVE
[15Aug2026 14:34:24.225] [pool-3-thread-1/DEBUG] [net.minecraftforge.registries.ForgeRegistry/REGISTRIES]: Registry minecraft:worldgen/structure_feature Sync: VANILLA -> ACTIVE
[15Aug2026 14:34:24.226] [pool-3-thread-1/DEBUG] [net.minecraftforge.registries.ForgeRegistry/REGISTRIES]: Registry minecraft:worldgen/block_state_provider_type Sync: VANILLA -> ACTIVE
[15Aug2026 14:34:24.226] [pool-3-thread-1/DEBUG] [net.minecraftforge.registries.ForgeRegistry/REGISTRIES]: Registry minecraft:worldgen/block_placer_type Sync: VANILLA -> ACTIVE
[15Aug2026 14:34:24.227] [pool-3-thread-1/DEBUG] [net.minecraftforge.registries.ForgeRegistry/REGISTRIES]: Registry minecraft:worldgen/foliage_placer_type Sync: VANILLA -> ACTIVE
[15Aug2026 14:34:24.227] [pool-3-thread-1/DEBUG] [net.minecraftforge.registries.ForgeRegistry/REGISTRIES]: Registry minecraft:worldgen/tree_decorator_type Sync: VANILLA -> ACTIVE
[15Aug2026 14:34:24.228] [pool-3-thread-1/DEBUG] [net.minecraftforge.registries.ForgeRegistry/REGISTRIES]: Registry minecraft:worldgen/biome Sync: VANILLA -> ACTIVE
[15Aug2026 14:34:24.230] [pool-3-thread-1/DEBUG] [net.minecraftforge.registries.ForgeRegistry/REGISTRIES]: Registry minecraft:data_serializers Sync: VANILLA -> ACTIVE
[15Aug2026 14:34:24.231] [pool-3-thread-1/DEBUG] [net.minecraftforge.registries.ForgeRegistry/REGISTRIES]: Registry forge:loot_modifier_serializers Sync: VANILLA -> ACTIVE
[15Aug2026 14:34:24.231] [pool-3-thread-1/DEBUG] [net.minecraftforge.registries.ForgeRegistry/REGISTRIES]: Registry forge:world_types Sync: VANILLA -> ACTIVE
[15Aug2026 14:34:24.294] [pool-3-thread-1/DEBUG] [net.minecraftforge.registries.GameData/REGISTRIES]: Vanilla freeze snapshot created
[15Aug2026 14:34:24.596] [Render thread/DEBUG] [net.minecraftforge.coremod.transformer.CoreModBaseTransformer/COREMOD]: Transforming getFieldOfViewModifier with desc ()F
[15Aug2026 14:34:25.299] [Render thread/INFO] [com.mojang.authlib.yggdrasil.YggdrasilAuthenticationService/]: Environment: authHost='https://authserver.mojang.com', accountsHost='https://api.mojang.com', sessionHost='https://sessionserver.mojang.com', servicesHost='https://api.minecraftservices.com', name='PROD'
[15Aug2026 14:34:26.101] [Render thread/INFO] [net.minecraft.client.Minecraft/]: Setting user: Dev
[15Aug2026 14:34:26.728] [Render thread/INFO] [net.minecraft.client.Minecraft/]: Backend library: LWJGL version 3.2.2 build 10
[15Aug2026 14:34:29.697] [Render thread/DEBUG] [net.minecraftforge.fml.ForgeI18n/CORE]: Loading I18N data entries: 4980
[15Aug2026 14:34:29.810] [Render thread/DEBUG] [io.netty.util.internal.PlatformDependent/]: Platform: Windows
[15Aug2026 14:34:29.816] [Render thread/DEBUG] [io.netty.util.internal.PlatformDependent0/]: -Dio.netty.noUnsafe: false
[15Aug2026 14:34:29.817] [Render thread/DEBUG] [io.netty.util.internal.PlatformDependent0/]: Java version: 8
[15Aug2026 14:34:29.819] [Render thread/DEBUG] [io.netty.util.internal.PlatformDependent0/]: sun.misc.Unsafe.theUnsafe: available
[15Aug2026 14:34:29.820] [Render thread/DEBUG] [io.netty.util.internal.PlatformDependent0/]: sun.misc.Unsafe.copyMemory: available
[15Aug2026 14:34:29.821] [Render thread/DEBUG] [io.netty.util.internal.PlatformDependent0/]: java.nio.Buffer.address: available
[15Aug2026 14:34:29.823] [Render thread/DEBUG] [io.netty.util.internal.PlatformDependent0/]: direct buffer constructor: available
[15Aug2026 14:34:29.824] [Render thread/DEBUG] [io.netty.util.internal.PlatformDependent0/]: java.nio.Bits.unaligned: available, true
[15Aug2026 14:34:29.824] [Render thread/DEBUG] [io.netty.util.internal.PlatformDependent0/]: jdk.internal.misc.Unsafe.allocateUninitializedArray(int): unavailable prior to Java9
[15Aug2026 14:34:29.824] [Render thread/DEBUG] [io.netty.util.internal.PlatformDependent0/]: java.nio.DirectByteBuffer.<init>(long, int): available
[15Aug2026 14:34:29.825] [Render thread/DEBUG] [io.netty.util.internal.PlatformDependent/]: sun.misc.Unsafe: available
[15Aug2026 14:34:29.825] [Render thread/DEBUG] [io.netty.util.internal.PlatformDependent/]: -Dio.netty.tmpdir: C:\Users\ch\AppData\Local\Temp (java.io.tmpdir)
[15Aug2026 14:34:29.826] [Render thread/DEBUG] [io.netty.util.internal.PlatformDependent/]: -Dio.netty.bitMode: 64 (sun.arch.data.model)
[15Aug2026 14:34:29.827] [Render thread/DEBUG] [io.netty.util.internal.PlatformDependent/]: -Dio.netty.noPreferDirect: false
[15Aug2026 14:34:29.827] [Render thread/DEBUG] [io.netty.util.internal.PlatformDependent/]: -Dio.netty.maxDirectMemory: 924844032 bytes
[15Aug2026 14:34:29.828] [Render thread/DEBUG] [io.netty.util.internal.PlatformDependent/]: -Dio.netty.uninitializedArrayAllocationThreshold: -1
[15Aug2026 14:34:29.829] [Render thread/DEBUG] [io.netty.util.internal.CleanerJava6/]: java.nio.ByteBuffer.cleaner(): available
[15Aug2026 14:34:30.097] [Render thread/DEBUG] [net.minecraftforge.fml.ModLoader/CORE]: Loading Network data for FML net version: FML2
[15Aug2026 14:34:30.114] [Render thread/DEBUG] [net.minecraftforge.fml.ModWorkManager/LOADING]: Using 2 threads for parallel mod-loading
[15Aug2026 14:34:30.530] [Render thread/DEBUG] [net.minecraftforge.fml.javafmlmod.FMLJavaModLanguageProvider/LOADING]: Loading FMLModContainer from classloader cpw.mods.modlauncher.TransformingClassLoader@d1a10ac - got cpw.mods.modlauncher.TransformingClassLoader@d1a10ac
[15Aug2026 14:34:30.531] [Render thread/DEBUG] [net.minecraftforge.fml.javafmlmod.FMLModContainer/LOADING]: Creating FMLModContainer instance for net.minecraftforge.common.ForgeMod with classLoader cpw.mods.modlauncher.TransformingClassLoader@d1a10ac & cpw.mods.modlauncher.TransformingClassLoader@d1a10ac
[15Aug2026 14:34:30.656] [Render thread/DEBUG] [net.minecraftforge.fml.javafmlmod.FMLJavaModLanguageProvider/LOADING]: Loading FMLModContainer from classloader cpw.mods.modlauncher.TransformingClassLoader@d1a10ac - got cpw.mods.modlauncher.TransformingClassLoader@d1a10ac
[15Aug2026 14:34:30.656] [Render thread/DEBUG] [net.minecraftforge.fml.javafmlmod.FMLModContainer/LOADING]: Creating FMLModContainer instance for com.mcbotai.McBotAI with classLoader cpw.mods.modlauncher.TransformingClassLoader@d1a10ac & cpw.mods.modlauncher.TransformingClassLoader@d1a10ac
[15Aug2026 14:34:31.102] [modloading-worker-1/DEBUG] [net.minecraftforge.versions.forge.ForgeVersion/CORE]: Forge Version package package net.minecraftforge.versions.forge, Forge, version 36.2 from cpw.mods.modlauncher.TransformingClassLoader@d1a10ac
[15Aug2026 14:34:31.103] [modloading-worker-1/DEBUG] [net.minecraftforge.versions.forge.ForgeVersion/CORE]: Found Forge version 36.2.42
[15Aug2026 14:34:31.103] [modloading-worker-1/DEBUG] [net.minecraftforge.versions.forge.ForgeVersion/CORE]: Found Forge spec 36.2
[15Aug2026 14:34:31.103] [modloading-worker-1/DEBUG] [net.minecraftforge.versions.forge.ForgeVersion/CORE]: Found Forge group net.minecraftforge
[15Aug2026 14:34:31.105] [modloading-worker-1/DEBUG] [net.minecraftforge.versions.mcp.MCPVersion/CORE]: Found MC version information 1.16.5
[15Aug2026 14:34:31.105] [modloading-worker-1/DEBUG] [net.minecraftforge.versions.mcp.MCPVersion/CORE]: Found MCP version information 20210115.111550
[15Aug2026 14:34:31.105] [modloading-worker-1/INFO] [net.minecraftforge.common.ForgeMod/FORGEMOD]: Forge mod loading, version 36.2.42, for MC 1.16.5 with MCP 20210115.111550
[15Aug2026 14:34:31.349] [modloading-worker-1/INFO] [net.minecraftforge.common.MinecraftForge/FORGE]: MinecraftForge v36.2.42 Initialized
[15Aug2026 14:34:31.807] [modloading-worker-0/DEBUG] [net.minecraftforge.fml.AutomaticEventSubscriber/LOADING]: Attempting to inject @EventBusSubscriber classes into the eventbus for mcbotai
[15Aug2026 14:34:31.882] [modloading-worker-0/DEBUG] [net.minecraftforge.fml.AutomaticEventSubscriber/LOADING]: Auto-subscribing com.mcbotai.client.ClientEvents to FORGE
[15Aug2026 14:34:33.065] [modloading-worker-1/DEBUG] [net.minecraftforge.fml.config.ConfigTracker/CONFIG]: Config file forge-client.toml for forge tracking
[15Aug2026 14:34:33.066] [modloading-worker-1/DEBUG] [net.minecraftforge.fml.config.ConfigTracker/CONFIG]: Config file forge-server.toml for forge tracking
[15Aug2026 14:34:33.066] [modloading-worker-1/DEBUG] [net.minecraftforge.fml.config.ConfigTracker/CONFIG]: Config file forge-common.toml for forge tracking
[15Aug2026 14:34:33.301] [modloading-worker-1/DEBUG] [net.minecraftforge.fml.AutomaticEventSubscriber/LOADING]: Attempting to inject @EventBusSubscriber classes into the eventbus for forge
[15Aug2026 14:34:33.303] [modloading-worker-1/DEBUG] [net.minecraftforge.fml.AutomaticEventSubscriber/LOADING]: Auto-subscribing net.minecraftforge.common.ForgeSpawnEggItem$CommonHandler to MOD
[15Aug2026 14:34:33.308] [modloading-worker-1/DEBUG] [net.minecraftforge.fml.AutomaticEventSubscriber/LOADING]: Auto-subscribing net.minecraftforge.common.ForgeSpawnEggItem$ColorRegisterHandler to MOD
[15Aug2026 14:34:33.310] [modloading-worker-1/DEBUG] [net.minecraftforge.fml.AutomaticEventSubscriber/LOADING]: Auto-subscribing net.minecraftforge.client.model.ModelDataManager to FORGE
[15Aug2026 14:34:33.379] [Render thread/DEBUG] [net.minecraftforge.registries.ObjectHolderRegistry/REGISTRIES]: Processing ObjectHolder annotations
[15Aug2026 14:34:33.437] [Render thread/DEBUG] [net.minecraftforge.registries.ObjectHolderRegistry/REGISTRIES]: Found 2878 ObjectHolder annotations
[15Aug2026 14:34:33.444] [Render thread/DEBUG] [net.minecraftforge.registries.GameData/REGISTRIES]: Registering custom tag type for: minecraft:potion
[15Aug2026 14:34:33.445] [Render thread/DEBUG] [net.minecraftforge.registries.GameData/REGISTRIES]: Registering custom tag type for: minecraft:enchantment
[15Aug2026 14:34:33.445] [Render thread/DEBUG] [net.minecraftforge.registries.GameData/REGISTRIES]: Registering custom tag type for: minecraft:block_entity_type
[15Aug2026 14:34:33.460] [Render thread/DEBUG] [net.minecraftforge.registries.GameData/REGISTRIES]: Applying holder lookups: minecraft:block
[15Aug2026 14:34:33.464] [Render thread/DEBUG] [net.minecraftforge.registries.GameData/REGISTRIES]: Holder lookups applied: minecraft:block
[15Aug2026 14:34:33.464] [Render thread/DEBUG] [net.minecraftforge.registries.GameData/REGISTRIES]: Applying holder lookups: minecraft:item
[15Aug2026 14:34:33.468] [Render thread/DEBUG] [net.minecraftforge.registries.GameData/REGISTRIES]: Holder lookups applied: minecraft:item
[15Aug2026 14:34:33.526] [Render thread/DEBUG] [net.minecraftforge.registries.GameData/REGISTRIES]: Applying holder lookups: forge:loot_modifier_serializers
[15Aug2026 14:34:33.528] [Render thread/DEBUG] [net.minecraftforge.registries.GameData/REGISTRIES]: Holder lookups applied: forge:loot_modifier_serializers
[15Aug2026 14:34:33.529] [Render thread/DEBUG] [net.minecraftforge.registries.GameData/REGISTRIES]: Applying holder lookups: forge:world_types
[15Aug2026 14:34:33.569] [Render thread/DEBUG] [net.minecraftforge.registries.GameData/REGISTRIES]: Holder lookups applied: forge:world_types
[15Aug2026 14:34:33.569] [Render thread/DEBUG] [net.minecraftforge.registries.GameData/REGISTRIES]: Applying holder lookups: minecraft:activity
[15Aug2026 14:34:33.570] [Render thread/DEBUG] [net.minecraftforge.registries.GameData/REGISTRIES]: Holder lookups applied: minecraft:activity
[15Aug2026 14:34:33.571] [Render thread/DEBUG] [net.minecraftforge.registries.GameData/REGISTRIES]: Applying holder lookups: minecraft:attribute
[15Aug2026 14:34:33.572] [Render thread/DEBUG] [net.minecraftforge.registries.GameData/REGISTRIES]: Holder lookups applied: minecraft:attribute
[15Aug2026 14:34:33.573] [Render thread/DEBUG] [net.minecraftforge.registries.GameData/REGISTRIES]: Applying holder lookups: minecraft:block_entity_type
[15Aug2026 14:34:33.574] [Render thread/DEBUG] [net.minecraftforge.registries.GameData/REGISTRIES]: Holder lookups applied: minecraft:block_entity_type
[15Aug2026 14:34:33.574] [Render thread/DEBUG] [net.minecraftforge.registries.GameData/REGISTRIES]: Applying holder lookups: minecraft:chunk_status
[15Aug2026 14:34:33.575] [Render thread/DEBUG] [net.minecraftforge.registries.GameData/REGISTRIES]: Holder lookups applied: minecraft:chunk_status
[15Aug2026 14:34:33.575] [Render thread/DEBUG] [net.minecraftforge.registries.GameData/REGISTRIES]: Applying holder lookups: minecraft:data_serializers
[15Aug2026 14:34:33.576] [Render thread/DEBUG] [net.minecraftforge.registries.GameData/REGISTRIES]: Holder lookups applied: minecraft:data_serializers
[15Aug2026 14:34:33.628] [Render thread/DEBUG] [net.minecraftforge.registries.GameData/REGISTRIES]: Applying holder lookups: minecraft:enchantment
[15Aug2026 14:34:33.672] [Render thread/DEBUG] [net.minecraftforge.registries.GameData/REGISTRIES]: Holder lookups applied: minecraft:enchantment
[15Aug2026 14:34:33.673] [Render thread/DEBUG] [net.minecraftforge.registries.GameData/REGISTRIES]: Applying holder lookups: minecraft:entity_type
[15Aug2026 14:34:33.674] [Render thread/DEBUG] [net.minecraftforge.registries.GameData/REGISTRIES]: Holder lookups applied: minecraft:entity_type
[15Aug2026 14:34:33.675] [Render thread/DEBUG] [net.minecraftforge.registries.GameData/REGISTRIES]: Applying holder lookups: minecraft:fluid
[15Aug2026 14:34:33.675] [Render thread/DEBUG] [net.minecraftforge.registries.GameData/REGISTRIES]: Holder lookups applied: minecraft:fluid
[15Aug2026 14:34:33.677] [Render thread/DEBUG] [net.minecraftforge.registries.GameData/REGISTRIES]: Applying holder lookups: minecraft:memory_module_type
[15Aug2026 14:34:33.677] [Render thread/DEBUG] [net.minecraftforge.registries.GameData/REGISTRIES]: Holder lookups applied: minecraft:memory_module_type
[15Aug2026 14:34:33.683] [Render thread/DEBUG] [net.minecraftforge.registries.GameData/REGISTRIES]: Applying holder lookups: minecraft:menu
[15Aug2026 14:34:33.684] [Render thread/DEBUG] [net.minecraftforge.registries.GameData/REGISTRIES]: Holder lookups applied: minecraft:menu
[15Aug2026 14:34:33.684] [Render thread/DEBUG] [net.minecraftforge.registries.GameData/REGISTRIES]: Applying holder lookups: minecraft:mob_effect
[15Aug2026 14:34:33.685] [Render thread/DEBUG] [net.minecraftforge.registries.GameData/REGISTRIES]: Holder lookups applied: minecraft:mob_effect
[15Aug2026 14:34:33.685] [Render thread/DEBUG] [net.minecraftforge.registries.GameData/REGISTRIES]: Applying holder lookups: minecraft:motive
[15Aug2026 14:34:33.686] [Render thread/DEBUG] [net.minecraftforge.registries.GameData/REGISTRIES]: Holder lookups applied: minecraft:motive
[15Aug2026 14:34:33.686] [Render thread/DEBUG] [net.minecraftforge.registries.GameData/REGISTRIES]: Applying holder lookups: minecraft:particle_type
[15Aug2026 14:34:33.687] [Render thread/DEBUG] [net.minecraftforge.registries.GameData/REGISTRIES]: Holder lookups applied: minecraft:particle_type
[15Aug2026 14:34:33.688] [Render thread/DEBUG] [net.minecraftforge.registries.GameData/REGISTRIES]: Applying holder lookups: minecraft:point_of_interest_type
[15Aug2026 14:34:33.689] [Render thread/DEBUG] [net.minecraftforge.registries.GameData/REGISTRIES]: Holder lookups applied: minecraft:point_of_interest_type
[15Aug2026 14:34:33.690] [Render thread/DEBUG] [net.minecraftforge.registries.GameData/REGISTRIES]: Applying holder lookups: minecraft:potion
[15Aug2026 14:34:33.691] [Render thread/DEBUG] [net.minecraftforge.registries.GameData/REGISTRIES]: Holder lookups applied: minecraft:potion
[15Aug2026 14:34:33.717] [Render thread/DEBUG] [net.minecraftforge.registries.GameData/REGISTRIES]: Applying holder lookups: minecraft:recipe_serializer
[15Aug2026 14:34:33.719] [Render thread/DEBUG] [net.minecraftforge.registries.GameData/REGISTRIES]: Holder lookups applied: minecraft:recipe_serializer
[15Aug2026 14:34:33.719] [Render thread/DEBUG] [net.minecraftforge.registries.GameData/REGISTRIES]: Applying holder lookups: minecraft:schedule
[15Aug2026 14:34:33.719] [Render thread/DEBUG] [net.minecraftforge.registries.GameData/REGISTRIES]: Holder lookups applied: minecraft:schedule
[15Aug2026 14:34:33.720] [Render thread/DEBUG] [net.minecraftforge.registries.GameData/REGISTRIES]: Applying holder lookups: minecraft:sensor_type
[15Aug2026 14:34:33.720] [Render thread/DEBUG] [net.minecraftforge.registries.GameData/REGISTRIES]: Holder lookups applied: minecraft:sensor_type
[15Aug2026 14:34:33.721] [Render thread/DEBUG] [net.minecraftforge.registries.GameData/REGISTRIES]: Applying holder lookups: minecraft:sound_event
[15Aug2026 14:34:33.722] [Render thread/DEBUG] [net.minecraftforge.registries.GameData/REGISTRIES]: Holder lookups applied: minecraft:sound_event
[15Aug2026 14:34:33.722] [Render thread/DEBUG] [net.minecraftforge.registries.GameData/REGISTRIES]: Applying holder lookups: minecraft:stat_type
[15Aug2026 14:34:33.722] [Render thread/DEBUG] [net.minecraftforge.registries.GameData/REGISTRIES]: Holder lookups applied: minecraft:stat_type
[15Aug2026 14:34:33.723] [Render thread/DEBUG] [net.minecraftforge.registries.GameData/REGISTRIES]: Applying holder lookups: minecraft:villager_profession
[15Aug2026 14:34:33.723] [Render thread/DEBUG] [net.minecraftforge.registries.GameData/REGISTRIES]: Holder lookups applied: minecraft:villager_profession
[15Aug2026 14:34:33.723] [Render thread/DEBUG] [net.minecraftforge.registries.GameData/REGISTRIES]: Applying holder lookups: minecraft:worldgen/biome
[15Aug2026 14:34:33.723] [Render thread/DEBUG] [net.minecraftforge.registries.GameData/REGISTRIES]: Holder lookups applied: minecraft:worldgen/biome
[15Aug2026 14:34:33.724] [Render thread/DEBUG] [net.minecraftforge.registries.GameData/REGISTRIES]: Applying holder lookups: minecraft:worldgen/block_placer_type
[15Aug2026 14:34:33.724] [Render thread/DEBUG] [net.minecraftforge.registries.GameData/REGISTRIES]: Holder lookups applied: minecraft:worldgen/block_placer_type
[15Aug2026 14:34:33.725] [Render thread/DEBUG] [net.minecraftforge.registries.GameData/REGISTRIES]: Applying holder lookups: minecraft:worldgen/block_state_provider_type
[15Aug2026 14:34:33.725] [Render thread/DEBUG] [net.minecraftforge.registries.GameData/REGISTRIES]: Holder lookups applied: minecraft:worldgen/block_state_provider_type
[15Aug2026 14:34:33.725] [Render thread/DEBUG] [net.minecraftforge.registries.GameData/REGISTRIES]: Applying holder lookups: minecraft:worldgen/carver
[15Aug2026 14:34:33.726] [Render thread/DEBUG] [net.minecraftforge.registries.GameData/REGISTRIES]: Holder lookups applied: minecraft:worldgen/carver
[15Aug2026 14:34:33.726] [Render thread/DEBUG] [net.minecraftforge.registries.GameData/REGISTRIES]: Applying holder lookups: minecraft:worldgen/decorator
[15Aug2026 14:34:33.727] [Render thread/DEBUG] [net.minecraftforge.registries.GameData/REGISTRIES]: Holder lookups applied: minecraft:worldgen/decorator
[15Aug2026 14:34:33.727] [Render thread/DEBUG] [net.minecraftforge.registries.GameData/REGISTRIES]: Applying holder lookups: minecraft:worldgen/feature
[15Aug2026 14:34:33.727] [Render thread/DEBUG] [net.minecraftforge.registries.GameData/REGISTRIES]: Holder lookups applied: minecraft:worldgen/feature
[15Aug2026 14:34:33.728] [Render thread/DEBUG] [net.minecraftforge.registries.GameData/REGISTRIES]: Applying holder lookups: minecraft:worldgen/foliage_placer_type
[15Aug2026 14:34:33.728] [Render thread/DEBUG] [net.minecraftforge.registries.GameData/REGISTRIES]: Holder lookups applied: minecraft:worldgen/foliage_placer_type
[15Aug2026 14:34:33.728] [Render thread/DEBUG] [net.minecraftforge.registries.GameData/REGISTRIES]: Applying holder lookups: minecraft:worldgen/structure_feature
[15Aug2026 14:34:33.729] [Render thread/DEBUG] [net.minecraftforge.registries.GameData/REGISTRIES]: Holder lookups applied: minecraft:worldgen/structure_feature
[15Aug2026 14:34:33.729] [Render thread/DEBUG] [net.minecraftforge.registries.GameData/REGISTRIES]: Applying holder lookups: minecraft:worldgen/surface_builder
[15Aug2026 14:34:33.729] [Render thread/DEBUG] [net.minecraftforge.registries.GameData/REGISTRIES]: Holder lookups applied: minecraft:worldgen/surface_builder
[15Aug2026 14:34:33.729] [Render thread/DEBUG] [net.minecraftforge.registries.GameData/REGISTRIES]: Applying holder lookups: minecraft:worldgen/tree_decorator_type
[15Aug2026 14:34:33.730] [Render thread/DEBUG] [net.minecraftforge.registries.GameData/REGISTRIES]: Holder lookups applied: minecraft:worldgen/tree_decorator_type
[15Aug2026 14:34:34.176] [Render thread/DEBUG] [net.minecraftforge.fml.client.ClientModLoader/CORE]: Generating PackInfo named mod:forge for mod file C:\Users\ch\.gradle\caches\forge_gradle\minecraft_user_repo\net\minecraftforge\forge\1.16.5-36.2.42_mapped_official_1.16.5\forge-1.16.5-36.2.42_mapped_official_1.16.5.jar
[15Aug2026 14:34:34.177] [Render thread/DEBUG] [net.minecraftforge.fml.client.ClientModLoader/CORE]: Generating PackInfo named mod:mcbotai for mod file C:\Users\ch\Downloads\McBotAI\McBotAI\build\resources\main
[15Aug2026 14:34:34.632] [Render thread/DEBUG] [net.minecraftforge.coremod.transformer.CoreModBaseTransformer/COREMOD]: Transforming render with desc (Lnet/minecraft/entity/projectile/FishingBobberEntity;FFLcom/mojang/blaze3d/matrix/MatrixStack;Lnet/minecraft/client/renderer/IRenderTypeBuffer;I)V
[15Aug2026 14:34:34.789] [Render thread/DEBUG] [net.minecraftforge.coremod.transformer.CoreModBaseTransformer/COREMOD]: Transforming getArmPose with desc (Lnet/minecraft/client/entity/player/AbstractClientPlayerEntity;Lnet/minecraft/util/Hand;)Lnet/minecraft/client/renderer/entity/model/BipedModel$ArmPose;
[15Aug2026 14:34:35.035] [Render thread/DEBUG] [net.minecraftforge.coremod.transformer.CoreModBaseTransformer/COREMOD]: Transforming prepareMobModel with desc (Lnet/minecraft/entity/MobEntity;FFF)V
[15Aug2026 14:34:35.038] [Render thread/DEBUG] [net.minecraftforge.coremod.transformer.CoreModBaseTransformer/COREMOD]: Transforming setupAnim with desc (Lnet/minecraft/entity/MobEntity;FFFFF)V
[15Aug2026 14:34:35.130] [Render thread/DEBUG] [net.minecraftforge.coremod.transformer.CoreModBaseTransformer/COREMOD]: Transforming renderHandsWithItems with desc (FLcom/mojang/blaze3d/matrix/MatrixStack;Lnet/minecraft/client/renderer/IRenderTypeBuffer$Impl;Lnet/minecraft/client/entity/player/ClientPlayerEntity;I)V
[15Aug2026 14:34:35.140] [Render thread/DEBUG] [net.minecraftforge.coremod.transformer.CoreModBaseTransformer/COREMOD]: Transforming renderHandsWithItems with desc (FLcom/mojang/blaze3d/matrix/MatrixStack;Lnet/minecraft/client/renderer/IRenderTypeBuffer$Impl;Lnet/minecraft/client/entity/player/ClientPlayerEntity;I)V
[15Aug2026 14:34:35.149] [Render thread/DEBUG] [net.minecraftforge.coremod.transformer.CoreModBaseTransformer/COREMOD]: Transforming renderArmWithItem with desc (Lnet/minecraft/client/entity/player/AbstractClientPlayerEntity;FFLnet/minecraft/util/Hand;FLnet/minecraft/item/ItemStack;FLcom/mojang/blaze3d/matrix/MatrixStack;Lnet/minecraft/client/renderer/IRenderTypeBuffer;I)V
[15Aug2026 14:34:35.192] [Render thread/DEBUG] [net.minecraftforge.coremod.transformer.CoreModBaseTransformer/COREMOD]: Transforming renderArmWithItem with desc (Lnet/minecraft/client/entity/player/AbstractClientPlayerEntity;FFLnet/minecraft/util/Hand;FLnet/minecraft/item/ItemStack;FLcom/mojang/blaze3d/matrix/MatrixStack;Lnet/minecraft/client/renderer/IRenderTypeBuffer;I)V
[15Aug2026 14:34:35.327] [Render thread/DEBUG] [net.minecraftforge.coremod.transformer.CoreModBaseTransformer/COREMOD]: Transforming net/minecraft/util/math/vector/TransformationMatrix
[15Aug2026 14:34:35.592] [Render thread/DEBUG] [net.minecraftforge.coremod.transformer.CoreModBaseTransformer/COREMOD]: Transforming net/minecraft/util/math/vector/TransformationMatrix
[15Aug2026 14:34:36.427] [Render thread/DEBUG] [io.netty.util.internal.InternalThreadLocalMap/]: -Dio.netty.threadLocalMap.stringBuilder.initialSize: 1024
[15Aug2026 14:34:36.428] [Render thread/DEBUG] [io.netty.util.internal.InternalThreadLocalMap/]: -Dio.netty.threadLocalMap.stringBuilder.maxSize: 4096
[15Aug2026 14:34:36.429] [Render thread/DEBUG] [io.netty.util.internal.ThreadLocalRandom/]: -Dio.netty.initialSeedUniquifier: 0xa7938ac279bec5d8
[15Aug2026 14:34:36.710] [Render thread/INFO] [com.mojang.text2speech.NarratorWindows/]: Narrator library for x64 successfully loaded
[15Aug2026 14:34:36.979] [Render thread/INFO] [net.minecraft.resources.SimpleReloadableResourceManager/]: Reloading ResourceManager: Default, Mod Resources
[15Aug2026 14:34:36.989] [modloading-worker-1/DEBUG] [net.minecraftforge.fml.config.ConfigTracker/CONFIG]: Loading configs type CLIENT
[15Aug2026 14:34:36.991] [modloading-worker-1/DEBUG] [net.minecraftforge.fml.config.ConfigFileTypeHandler/CONFIG]: Built TOML config for C:\Users\ch\Downloads\McBotAI\McBotAI\run\config\forge-client.toml
[15Aug2026 14:34:36.993] [modloading-worker-1/DEBUG] [net.minecraftforge.fml.config.ConfigFileTypeHandler/CONFIG]: Loaded TOML config file C:\Users\ch\Downloads\McBotAI\McBotAI\run\config\forge-client.toml
[15Aug2026 14:34:37.035] [modloading-worker-1/DEBUG] [net.minecraftforge.fml.config.ConfigFileTypeHandler/CONFIG]: Watching TOML config file C:\Users\ch\Downloads\McBotAI\McBotAI\run\config\forge-client.toml for changes
[15Aug2026 14:34:37.043] [modloading-worker-1/DEBUG] [net.minecraftforge.common.ForgeConfig/FORGEMOD]: Loaded forge config file forge-client.toml
[15Aug2026 14:34:37.044] [modloading-worker-1/DEBUG] [net.minecraftforge.fml.config.ConfigTracker/CONFIG]: Loading configs type COMMON
[15Aug2026 14:34:37.044] [modloading-worker-1/DEBUG] [net.minecraftforge.fml.config.ConfigFileTypeHandler/CONFIG]: Built TOML config for C:\Users\ch\Downloads\McBotAI\McBotAI\run\config\forge-common.toml
[15Aug2026 14:34:37.045] [modloading-worker-1/DEBUG] [net.minecraftforge.fml.config.ConfigFileTypeHandler/CONFIG]: Loaded TOML config file C:\Users\ch\Downloads\McBotAI\McBotAI\run\config\forge-common.toml
[15Aug2026 14:34:37.065] [modloading-worker-1/DEBUG] [net.minecraftforge.fml.config.ConfigFileTypeHandler/CONFIG]: Watching TOML config file C:\Users\ch\Downloads\McBotAI\McBotAI\run\config\forge-common.toml for changes
[15Aug2026 14:34:37.066] [modloading-worker-1/DEBUG] [net.minecraftforge.common.ForgeConfig/FORGEMOD]: Loaded forge config file forge-common.toml
[15Aug2026 14:34:37.172] [Forge Version Check/INFO] [net.minecraftforge.fml.VersionChecker/]: [forge] Starting version check at https://files.minecraftforge.net/net/minecraftforge/forge/promotions_slim.json
[15Aug2026 14:34:38.545] [Forge Version Check/DEBUG] [net.minecraftforge.fml.VersionChecker/]: [forge] Received version check data:
{
  "homepage": "https://files.minecraftforge.net/net/minecraftforge/forge/",
  "promos": {
    "1.1-latest": "1.3.4.29",
    "1.2.3-latest": "1.4.1.64",
    "1.2.4-latest": "2.0.0.68",
    "1.2.5-latest": "3.4.9.171",
    "1.3.2-latest": "4.3.5.318",
    "1.4.0-latest": "5.0.0.326",
    "1.4.1-latest": "6.0.0.329",
    "1.4.2-latest": "6.0.1.355",
    "1.4.3-latest": "6.2.1.358",
    "1.4.4-latest": "6.3.0.378",
    "1.4.5-latest": "6.4.2.448",
    "1.4.6-latest": "6.5.0.489",
    "1.4.7-latest": "6.6.2.534",
    "1.5-latest": "7.7.0.598",
    "1.5.1-latest": "7.7.2.682",
    "1.5.2-latest": "7.8.1.738",
    "1.5.2-recommended": "7.8.1.738",
    "1.6.1-latest": "8.9.0.775",
    "1.6.2-latest": "9.10.1.871",
    "1.6.2-recommended": "9.10.1.871",
    "1.6.3-latest": "9.11.0.878",
    "1.6.4-latest": "9.11.1.1345",
    "1.6.4-recommended": "9.11.1.1345",
    "1.7.2-latest": "10.12.2.1161",
    "1.7.2-recommended": "10.12.2.1161",
    "1.7.10-latest": "10.13.4.1614",
    "1.7.10-recommended": "10.13.4.1614",
    "1.8-latest": "11.14.4.1577",
    "1.8-recommended": "11.14.4.1563",
    "1.8.8-latest": "11.15.0.1655",
    "1.8.9-latest": "11.15.1.2318",
    "1.8.9-recommended": "11.15.1.2318",
    "1.9-latest": "12.16.1.1938",
    "1.9-recommended": "12.16.1.1887",
    "1.9.4-latest": "12.17.0.2317",
    "1.9.4-recommended": "12.17.0.2317",
    "1.10-latest": "12.18.0.2000",
    "1.10.2-latest": "12.18.3.2511",
    "1.10.2-recommended": "12.18.3.2511",
    "1.11-latest": "13.19.1.2199",
    "1.11-recommended": "13.19.1.2189",
    "1.11.2-latest": "13.20.1.2588",
    "1.11.2-recommended": "13.20.1.2588",
    "1.12-latest": "14.21.1.2443",
    "1.12-recommended": "14.21.1.2387",
    "1.12.1-latest": "14.22.1.2485",
    "1.12.1-recommended": "14.22.1.2478",
    "1.12.2-latest": "14.23.5.2864",
    "1.12.2-recommended": "14.23.5.2859",
    "1.13.2-latest": "25.0.223",
    "1.14.2-latest": "26.0.63",
    "1.14.3-latest": "27.0.60",
    "1.14.4-latest": "28.2.30",
    "1.14.4-recommended": "28.2.26",
    "1.15-latest": "29.0.4",
    "1.15.1-latest": "30.0.51",
    "1.15.2-latest": "31.2.62",
    "1.15.2-recommended": "31.2.57",
    "1.16.1-latest": "32.0.108",
    "1.16.2-latest": "33.0.61",
    "1.16.3-latest": "34.1.42",
    "1.16.3-recommended": "34.1.0",
    "1.16.4-latest": "35.1.37",
    "1.16.4-recommended": "35.1.4",
    "1.16.5-latest": "36.2.42",
    "1.16.5-recommended": "36.2.34",
    "1.17.1-latest": "37.1.1",
    "1.17.1-recommended": "37.1.1",
    "1.18-latest": "38.0.17",
    "1.18.1-latest": "39.1.2",
    "1.18.1-recommended": "39.1.0",
    "1.18.2-recommended": "40.3.0",
    "1.18.2-latest": "40.3.12",
    "1.19-latest": "41.1.0",
    "1.19-recommended": "41.1.0",
    "1.19.1-latest": "42.0.9",
    "1.19.2-recommended": "43.5.0",
    "1.19.2-latest": "43.5.2",
    "1.19.3-latest": "44.1.23",
    "1.19.3-recommended": "44.1.0",
    "1.19.4-recommended": "45.4.0",
    "1.19.4-latest": "45.4.3",
    "1.20-latest": "46.0.14",
    "1.20.1-recommended": "47.4.10",
    "1.20.1-latest": "47.4.22",
    "1.20.2-latest": "48.1.0",
    "1.20.2-recommended": "48.1.0",
    "1.20.3-latest": "49.0.2",
    "1.20.4-latest": "49.2.8",
    "1.20.4-recommended": "49.2.0",
    "1.20.6-latest": "50.2.10",
    "1.20.6-recommended": "50.2.0",
    "1.21-latest": "51.0.33",
    "1.21.1-latest": "52.1.16",
    "1.21.1-recommended": "52.1.0",
    "1.21.3-latest": "53.1.12",
    "1.21.3-recommended": "53.1.0",
    "1.21.4-latest": "54.1.18",
    "1.21.4-recommended": "54.1.14",
    "1.21.5-latest": "55.1.12",
    "1.21.5-recommended": "55.1.0",
    "1.21.6-latest": "56.0.9",
    "1.21.7-latest": "57.0.3",
    "1.21.8-latest": "58.1.22",
    "1.21.8-recommended": "58.1.0",
    "1.21.9-latest": "59.0.5",
    "1.21.10-latest": "60.1.15",
    "1.21.10-recommended": "60.1.0",
    "1.21.11-latest": "61.2.1",
    "1.21.11-recommended": "61.2.0",
    "26.1-latest": "62.0.9",
    "26.1.1-latest": "63.0.2",
    "26.1.2-latest": "64.1.1",
    "26.1.2-recommended": "64.1.0",
    "26.2-latest": "65.1.1",
    "26.2-recommended": "65.1.0"
  }
}
[15Aug2026 14:34:38.547] [Forge Version Check/INFO] [net.minecraftforge.fml.VersionChecker/]: [forge] Found status: AHEAD Current: 36.2.42 Target: null
[15Aug2026 14:34:53.171] [Render thread/DEBUG] [net.minecraftforge.fml.client.ClientModLoader/LOADING]: Running pre client event work
[15Aug2026 14:34:53.615] [Render thread/DEBUG] [net.minecraftforge.fml.client.ClientModLoader/LOADING]: Running post client event work
[15Aug2026 14:34:57.336] [modloading-worker-1/DEBUG] [net.minecraftforge.registries.GameData/REGISTRIES]: Freezing registries
[15Aug2026 14:34:57.337] [modloading-worker-1/DEBUG] [net.minecraftforge.registries.ForgeRegistry/REGISTRIES]: Registry minecraft:block Sync: FROZEN -> ACTIVE
[15Aug2026 14:34:57.359] [modloading-worker-1/DEBUG] [net.minecraftforge.registries.ForgeRegistry/REGISTRIES]: Registry minecraft:fluid Sync: FROZEN -> ACTIVE
[15Aug2026 14:34:57.360] [modloading-worker-1/DEBUG] [net.minecraftforge.registries.ForgeRegistry/REGISTRIES]: Registry minecraft:item Sync: FROZEN -> ACTIVE
[15Aug2026 14:34:57.375] [modloading-worker-1/DEBUG] [net.minecraftforge.registries.ForgeRegistry/REGISTRIES]: Registry minecraft:mob_effect Sync: FROZEN -> ACTIVE
[15Aug2026 14:34:57.376] [modloading-worker-1/DEBUG] [net.minecraftforge.registries.ForgeRegistry/REGISTRIES]: Registry minecraft:sound_event Sync: FROZEN -> ACTIVE
[15Aug2026 14:34:57.399] [modloading-worker-1/DEBUG] [net.minecraftforge.registries.ForgeRegistry/REGISTRIES]: Registry minecraft:potion Sync: FROZEN -> ACTIVE
[15Aug2026 14:34:57.400] [modloading-worker-1/DEBUG] [net.minecraftforge.registries.ForgeRegistry/REGISTRIES]: Registry minecraft:enchantment Sync: FROZEN -> ACTIVE
[15Aug2026 14:34:57.400] [modloading-worker-1/DEBUG] [net.minecraftforge.registries.ForgeRegistry/REGISTRIES]: Registry minecraft:entity_type Sync: FROZEN -> ACTIVE
[15Aug2026 14:34:57.402] [modloading-worker-1/DEBUG] [net.minecraftforge.registries.ForgeRegistry/REGISTRIES]: Registry minecraft:block_entity_type Sync: FROZEN -> ACTIVE
[15Aug2026 14:34:57.402] [modloading-worker-1/DEBUG] [net.minecraftforge.registries.ForgeRegistry/REGISTRIES]: Registry minecraft:particle_type Sync: FROZEN -> ACTIVE
[15Aug2026 14:34:57.403] [modloading-worker-1/DEBUG] [net.minecraftforge.registries.ForgeRegistry/REGISTRIES]: Registry minecraft:menu Sync: FROZEN -> ACTIVE
[15Aug2026 14:34:57.404] [modloading-worker-1/DEBUG] [net.minecraftforge.registries.ForgeRegistry/REGISTRIES]: Registry minecraft:motive Sync: FROZEN -> ACTIVE
[15Aug2026 14:34:57.404] [modloading-worker-1/DEBUG] [net.minecraftforge.registries.ForgeRegistry/REGISTRIES]: Registry minecraft:recipe_serializer Sync: FROZEN -> ACTIVE
[15Aug2026 14:34:57.405] [modloading-worker-1/DEBUG] [net.minecraftforge.registries.ForgeRegistry/REGISTRIES]: Registry minecraft:attribute Sync: FROZEN -> ACTIVE
[15Aug2026 14:34:57.405] [modloading-worker-1/DEBUG] [net.minecraftforge.registries.ForgeRegistry/REGISTRIES]: Registry minecraft:stat_type Sync: FROZEN -> ACTIVE
[15Aug2026 14:34:57.406] [modloading-worker-1/DEBUG] [net.minecraftforge.registries.ForgeRegistry/REGISTRIES]: Registry minecraft:villager_profession Sync: FROZEN -> ACTIVE
[15Aug2026 14:34:57.407] [modloading-worker-1/DEBUG] [net.minecraftforge.registries.ForgeRegistry/REGISTRIES]: Registry minecraft:point_of_interest_type Sync: FROZEN -> ACTIVE
[15Aug2026 14:34:57.407] [modloading-worker-1/DEBUG] [net.minecraftforge.registries.ForgeRegistry/REGISTRIES]: Registry minecraft:memory_module_type Sync: FROZEN -> ACTIVE
[15Aug2026 14:34:57.409] [modloading-worker-1/DEBUG] [net.minecraftforge.registries.ForgeRegistry/REGISTRIES]: Registry minecraft:sensor_type Sync: FROZEN -> ACTIVE
[15Aug2026 14:34:57.409] [modloading-worker-1/DEBUG] [net.minecraftforge.registries.ForgeRegistry/REGISTRIES]: Registry minecraft:schedule Sync: FROZEN -> ACTIVE
[15Aug2026 14:34:57.409] [modloading-worker-1/DEBUG] [net.minecraftforge.registries.ForgeRegistry/REGISTRIES]: Registry minecraft:activity Sync: FROZEN -> ACTIVE
[15Aug2026 14:34:57.410] [modloading-worker-1/DEBUG] [net.minecraftforge.registries.ForgeRegistry/REGISTRIES]: Registry minecraft:worldgen/carver Sync: FROZEN -> ACTIVE
[15Aug2026 14:34:57.410] [modloading-worker-1/DEBUG] [net.minecraftforge.registries.ForgeRegistry/REGISTRIES]: Registry minecraft:worldgen/surface_builder Sync: FROZEN -> ACTIVE
[15Aug2026 14:34:57.410] [modloading-worker-1/DEBUG] [net.minecraftforge.registries.ForgeRegistry/REGISTRIES]: Registry minecraft:worldgen/feature Sync: FROZEN -> ACTIVE
[15Aug2026 14:34:57.412] [modloading-worker-1/DEBUG] [net.minecraftforge.registries.ForgeRegistry/REGISTRIES]: Registry minecraft:worldgen/decorator Sync: FROZEN -> ACTIVE
[15Aug2026 14:34:57.412] [modloading-worker-1/DEBUG] [net.minecraftforge.registries.ForgeRegistry/REGISTRIES]: Registry minecraft:chunk_status Sync: FROZEN -> ACTIVE
[15Aug2026 14:34:57.413] [modloading-worker-1/DEBUG] [net.minecraftforge.registries.ForgeRegistry/REGISTRIES]: Registry minecraft:worldgen/structure_feature Sync: FROZEN -> ACTIVE
[15Aug2026 14:34:57.413] [modloading-worker-1/DEBUG] [net.minecraftforge.registries.ForgeRegistry/REGISTRIES]: Registry minecraft:worldgen/block_state_provider_type Sync: FROZEN -> ACTIVE
[15Aug2026 14:34:57.413] [modloading-worker-1/DEBUG] [net.minecraftforge.registries.ForgeRegistry/REGISTRIES]: Registry minecraft:worldgen/block_placer_type Sync: FROZEN -> ACTIVE
[15Aug2026 14:34:57.413] [modloading-worker-1/DEBUG] [net.minecraftforge.registries.ForgeRegistry/REGISTRIES]: Registry minecraft:worldgen/foliage_placer_type Sync: FROZEN -> ACTIVE
[15Aug2026 14:34:57.414] [modloading-worker-1/DEBUG] [net.minecraftforge.registries.ForgeRegistry/REGISTRIES]: Registry minecraft:worldgen/tree_decorator_type Sync: FROZEN -> ACTIVE
[15Aug2026 14:34:57.414] [modloading-worker-1/DEBUG] [net.minecraftforge.registries.ForgeRegistry/REGISTRIES]: Registry minecraft:worldgen/biome Sync: FROZEN -> ACTIVE
[15Aug2026 14:34:57.416] [modloading-worker-1/DEBUG] [net.minecraftforge.registries.ForgeRegistry/REGISTRIES]: Registry minecraft:data_serializers Sync: FROZEN -> ACTIVE
[15Aug2026 14:34:57.416] [modloading-worker-1/DEBUG] [net.minecraftforge.registries.ForgeRegistry/REGISTRIES]: Registry forge:loot_modifier_serializers Sync: FROZEN -> ACTIVE
[15Aug2026 14:34:57.416] [modloading-worker-1/DEBUG] [net.minecraftforge.registries.ForgeRegistry/REGISTRIES]: Registry forge:world_types Sync: FROZEN -> ACTIVE
[15Aug2026 14:34:59.738] [modloading-worker-1/DEBUG] [net.minecraftforge.registries.GameData/REGISTRIES]: All registries frozen
[15Aug2026 14:34:59.781] [Render thread/DEBUG] [net.minecraftforge.fml.ForgeI18n/CORE]: Loading I18N data entries: 5214
[15Aug2026 14:35:00.253] [Render thread/INFO] [net.minecraft.client.audio.SoundSystem/]: OpenAL initialized.
[15Aug2026 14:35:00.255] [Render thread/INFO] [net.minecraft.client.audio.SoundEngine/SOUNDS]: Sound engine started
[15Aug2026 14:35:00.835] [Render thread/INFO] [net.minecraft.client.renderer.texture.AtlasTexture/]: Created: 1024x512x4 minecraft:textures/atlas/blocks.png-atlas
[15Aug2026 14:35:00.950] [Render thread/INFO] [net.minecraft.client.renderer.texture.AtlasTexture/]: Created: 256x128x4 minecraft:textures/atlas/signs.png-atlas
[15Aug2026 14:35:00.950] [Render thread/INFO] [net.minecraft.client.renderer.texture.AtlasTexture/]: Created: 512x512x4 minecraft:textures/atlas/banner_patterns.png-atlas
[15Aug2026 14:35:00.953] [Render thread/INFO] [net.minecraft.client.renderer.texture.AtlasTexture/]: Created: 512x512x4 minecraft:textures/atlas/shield_patterns.png-atlas
[15Aug2026 14:35:00.954] [Render thread/INFO] [net.minecraft.client.renderer.texture.AtlasTexture/]: Created: 256x256x4 minecraft:textures/atlas/chest.png-atlas
[15Aug2026 14:35:00.955] [Render thread/INFO] [net.minecraft.client.renderer.texture.AtlasTexture/]: Created: 512x256x4 minecraft:textures/atlas/beds.png-atlas
[15Aug2026 14:35:00.956] [Render thread/INFO] [net.minecraft.client.renderer.texture.AtlasTexture/]: Created: 512x256x4 minecraft:textures/atlas/shulker_boxes.png-atlas
[15Aug2026 14:35:02.528] [Render thread/INFO] [net.minecraft.client.renderer.texture.AtlasTexture/]: Created: 256x256x0 minecraft:textures/atlas/particles.png-atlas
[15Aug2026 14:35:02.532] [Render thread/INFO] [net.minecraft.client.renderer.texture.AtlasTexture/]: Created: 256x256x0 minecraft:textures/atlas/paintings.png-atlas
[15Aug2026 14:35:02.533] [Render thread/INFO] [net.minecraft.client.renderer.texture.AtlasTexture/]: Created: 128x128x0 minecraft:textures/atlas/mob_effects.png-atlas
[15Aug2026 14:35:03.204] [Realms Notification Availability checker #1/INFO] [com.mojang.realmsclient.client.RealmsClient/]: Could not authorize you against Realms server: java.lang.RuntimeException: Failed to parse into SignedJWT: DONT_CRASH
[15Aug2026 14:35:40.749] [Render thread/DEBUG] [net.minecraftforge.common.ForgeTagHandler/]: Populated the TagCollectionManager with 3 extra types
[15Aug2026 14:35:41.616] [Render thread/DEBUG] [net.minecraftforge.fml.server.ServerLifecycleHooks/CORE]: Generating PackInfo named mod:forge for mod file C:\Users\ch\.gradle\caches\forge_gradle\minecraft_user_repo\net\minecraftforge\forge\1.16.5-36.2.42_mapped_official_1.16.5\forge-1.16.5-36.2.42_mapped_official_1.16.5.jar
[15Aug2026 14:35:41.616] [Render thread/DEBUG] [net.minecraftforge.fml.server.ServerLifecycleHooks/CORE]: Generating PackInfo named mod:mcbotai for mod file C:\Users\ch\Downloads\McBotAI\McBotAI\build\resources\main
[15Aug2026 14:35:41.629] [Render thread/DEBUG] [net.minecraftforge.common.ForgeTagHandler/]: Gathering custom tag collection reader from types.
[15Aug2026 14:35:42.163] [Render thread/WARN] [net.minecraft.command.Commands/]: Ambiguity between arguments [teleport, destination] and [teleport, targets] with inputs: [Player, 0123, @e, dd12be42-52a9-4a91-a8a1-11c01849e498]
[15Aug2026 14:35:42.165] [Render thread/WARN] [net.minecraft.command.Commands/]: Ambiguity between arguments [teleport, location] and [teleport, destination] with inputs: [0.1 -0.5 .9, 0 0 0]
[15Aug2026 14:35:42.166] [Render thread/WARN] [net.minecraft.command.Commands/]: Ambiguity between arguments [teleport, location] and [teleport, targets] with inputs: [0.1 -0.5 .9, 0 0 0]
[15Aug2026 14:35:42.167] [Render thread/WARN] [net.minecraft.command.Commands/]: Ambiguity between arguments [teleport, targets] and [teleport, destination] with inputs: [Player, 0123, dd12be42-52a9-4a91-a8a1-11c01849e498]
[15Aug2026 14:35:42.169] [Render thread/WARN] [net.minecraft.command.Commands/]: Ambiguity between arguments [teleport, targets, location] and [teleport, targets, destination] with inputs: [0.1 -0.5 .9, 0 0 0]
[15Aug2026 14:35:42.176] [Render thread/INFO] [net.minecraft.resources.SimpleReloadableResourceManager/]: Reloading ResourceManager: Default, forge-1.16.5-36.2.42_mapped_official_1.16.5.jar, main
[15Aug2026 14:35:47.578] [Render thread/INFO] [net.minecraft.item.crafting.RecipeManager/]: Loaded 7 recipes
[15Aug2026 14:35:49.629] [Render thread/INFO] [net.minecraft.advancements.AdvancementList/]: Loaded 927 advancements
[15Aug2026 14:35:49.838] [Render thread/INFO] [net.minecraftforge.registries.GameData/REGISTRIES]: Injecting existing registry data into this CLIENT instance
[15Aug2026 14:35:50.095] [Render thread/DEBUG] [net.minecraftforge.registries.ForgeRegistry/REGISTRIES]: Registry minecraft:block Sync: ACTIVE -> STAGING
[15Aug2026 14:35:50.102] [Render thread/DEBUG] [net.minecraftforge.registries.ForgeRegistry/REGISTRIES]: Registry minecraft:fluid Sync: ACTIVE -> STAGING
[15Aug2026 14:35:50.102] [Render thread/DEBUG] [net.minecraftforge.registries.ForgeRegistry/REGISTRIES]: Registry minecraft:item Sync: ACTIVE -> STAGING
[15Aug2026 14:35:50.109] [Render thread/DEBUG] [net.minecraftforge.registries.ForgeRegistry/REGISTRIES]: Registry minecraft:mob_effect Sync: ACTIVE -> STAGING
[15Aug2026 14:35:50.110] [Render thread/DEBUG] [net.minecraftforge.registries.ForgeRegistry/REGISTRIES]: Registry minecraft:sound_event Sync: ACTIVE -> STAGING
[15Aug2026 14:35:50.117] [Render thread/DEBUG] [net.minecraftforge.registries.ForgeRegistry/REGISTRIES]: Registry minecraft:potion Sync: ACTIVE -> STAGING
[15Aug2026 14:35:50.117] [Render thread/DEBUG] [net.minecraftforge.registries.ForgeRegistry/REGISTRIES]: Registry minecraft:enchantment Sync: ACTIVE -> STAGING
[15Aug2026 14:35:50.118] [Render thread/DEBUG] [net.minecraftforge.registries.ForgeRegistry/REGISTRIES]: Registry minecraft:entity_type Sync: ACTIVE -> STAGING
[15Aug2026 14:35:50.118] [Render thread/DEBUG] [net.minecraftforge.registries.ForgeRegistry/REGISTRIES]: Registry minecraft:block_entity_type Sync: ACTIVE -> STAGING
[15Aug2026 14:35:50.126] [Render thread/DEBUG] [net.minecraftforge.registries.ForgeRegistry/REGISTRIES]: Registry minecraft:particle_type Sync: ACTIVE -> STAGING
[15Aug2026 14:35:50.126] [Render thread/DEBUG] [net.minecraftforge.registries.ForgeRegistry/REGISTRIES]: Registry minecraft:menu Sync: ACTIVE -> STAGING
[15Aug2026 14:35:50.127] [Render thread/DEBUG] [net.minecraftforge.registries.ForgeRegistry/REGISTRIES]: Registry minecraft:motive Sync: ACTIVE -> STAGING
[15Aug2026 14:35:50.127] [Render thread/DEBUG] [net.minecraftforge.registries.ForgeRegistry/REGISTRIES]: Registry minecraft:recipe_serializer Sync: ACTIVE -> STAGING
[15Aug2026 14:35:50.127] [Render thread/DEBUG] [net.minecraftforge.registries.ForgeRegistry/REGISTRIES]: Registry minecraft:attribute Sync: ACTIVE -> STAGING
[15Aug2026 14:35:50.127] [Render thread/DEBUG] [net.minecraftforge.registries.ForgeRegistry/REGISTRIES]: Registry minecraft:stat_type Sync: ACTIVE -> STAGING
[15Aug2026 14:35:50.128] [Render thread/DEBUG] [net.minecraftforge.registries.ForgeRegistry/REGISTRIES]: Registry minecraft:villager_profession Sync: ACTIVE -> STAGING
[15Aug2026 14:35:50.128] [Render thread/DEBUG] [net.minecraftforge.registries.ForgeRegistry/REGISTRIES]: Registry minecraft:point_of_interest_type Sync: ACTIVE -> STAGING
[15Aug2026 14:35:50.129] [Render thread/DEBUG] [net.minecraftforge.registries.ForgeRegistry/REGISTRIES]: Registry minecraft:memory_module_type Sync: ACTIVE -> STAGING
[15Aug2026 14:35:50.130] [Render thread/DEBUG] [net.minecraftforge.registries.ForgeRegistry/REGISTRIES]: Registry minecraft:sensor_type Sync: ACTIVE -> STAGING
[15Aug2026 14:35:50.130] [Render thread/DEBUG] [net.minecraftforge.registries.ForgeRegistry/REGISTRIES]: Registry minecraft:schedule Sync: ACTIVE -> STAGING
[15Aug2026 14:35:50.130] [Render thread/DEBUG] [net.minecraftforge.registries.ForgeRegistry/REGISTRIES]: Registry minecraft:activity Sync: ACTIVE -> STAGING
[15Aug2026 14:35:50.130] [Render thread/DEBUG] [net.minecraftforge.registries.ForgeRegistry/REGISTRIES]: Registry minecraft:worldgen/carver Sync: ACTIVE -> STAGING
[15Aug2026 14:35:50.130] [Render thread/DEBUG] [net.minecraftforge.registries.ForgeRegistry/REGISTRIES]: Registry minecraft:worldgen/surface_builder Sync: ACTIVE -> STAGING
[15Aug2026 14:35:50.131] [Render thread/DEBUG] [net.minecraftforge.registries.ForgeRegistry/REGISTRIES]: Registry minecraft:worldgen/feature Sync: ACTIVE -> STAGING
[15Aug2026 14:35:50.132] [Render thread/DEBUG] [net.minecraftforge.registries.ForgeRegistry/REGISTRIES]: Registry minecraft:worldgen/decorator Sync: ACTIVE -> STAGING
[15Aug2026 14:35:50.133] [Render thread/DEBUG] [net.minecraftforge.registries.ForgeRegistry/REGISTRIES]: Registry minecraft:chunk_status Sync: ACTIVE -> STAGING
[15Aug2026 14:35:50.133] [Render thread/DEBUG] [net.minecraftforge.registries.ForgeRegistry/REGISTRIES]: Registry minecraft:worldgen/structure_feature Sync: ACTIVE -> STAGING
[15Aug2026 14:35:50.133] [Render thread/DEBUG] [net.minecraftforge.registries.ForgeRegistry/REGISTRIES]: Registry minecraft:worldgen/block_state_provider_type Sync: ACTIVE -> STAGING
[15Aug2026 14:35:50.133] [Render thread/DEBUG] [net.minecraftforge.registries.ForgeRegistry/REGISTRIES]: Registry minecraft:worldgen/block_placer_type Sync: ACTIVE -> STAGING
[15Aug2026 14:35:50.134] [Render thread/DEBUG] [net.minecraftforge.registries.ForgeRegistry/REGISTRIES]: Registry minecraft:worldgen/foliage_placer_type Sync: ACTIVE -> STAGING
[15Aug2026 14:35:50.134] [Render thread/DEBUG] [net.minecraftforge.registries.ForgeRegistry/REGISTRIES]: Registry minecraft:worldgen/tree_decorator_type Sync: ACTIVE -> STAGING
[15Aug2026 14:35:50.134] [Render thread/DEBUG] [net.minecraftforge.registries.ForgeRegistry/REGISTRIES]: Registry minecraft:worldgen/biome Sync: ACTIVE -> STAGING
[15Aug2026 14:35:50.134] [Render thread/DEBUG] [net.minecraftforge.registries.ForgeRegistry/REGISTRIES]: Registry minecraft:data_serializers Sync: ACTIVE -> STAGING
[15Aug2026 14:35:50.135] [Render thread/DEBUG] [net.minecraftforge.registries.ForgeRegistry/REGISTRIES]: Registry forge:loot_modifier_serializers Sync: ACTIVE -> STAGING
[15Aug2026 14:35:50.135] [Render thread/DEBUG] [net.minecraftforge.registries.ForgeRegistry/REGISTRIES]: Registry forge:world_types Sync: ACTIVE -> STAGING
[15Aug2026 14:35:51.146] [Render thread/DEBUG] [net.minecraftforge.registries.ObjectHolderRegistry/REGISTRIES]: Applying holder lookups
[15Aug2026 14:35:51.153] [Render thread/DEBUG] [net.minecraftforge.registries.ObjectHolderRegistry/REGISTRIES]: Holder lookups applied
[15Aug2026 14:35:51.437] [Render thread/DEBUG] [net.minecraftforge.fml.server.ServerLifecycleHooks/CORE]: Generating PackInfo named mod:forge for mod file C:\Users\ch\.gradle\caches\forge_gradle\minecraft_user_repo\net\minecraftforge\forge\1.16.5-36.2.42_mapped_official_1.16.5\forge-1.16.5-36.2.42_mapped_official_1.16.5.jar
[15Aug2026 14:35:51.438] [Render thread/DEBUG] [net.minecraftforge.fml.server.ServerLifecycleHooks/CORE]: Generating PackInfo named mod:mcbotai for mod file C:\Users\ch\Downloads\McBotAI\McBotAI\build\resources\main
[15Aug2026 14:35:51.438] [Render thread/DEBUG] [net.minecraftforge.common.ForgeTagHandler/]: Gathering custom tag collection reader from types.
[15Aug2026 14:35:51.508] [Render thread/WARN] [net.minecraft.command.Commands/]: Ambiguity between arguments [teleport, destination] and [teleport, targets] with inputs: [Player, 0123, @e, dd12be42-52a9-4a91-a8a1-11c01849e498]
[15Aug2026 14:35:51.509] [Render thread/WARN] [net.minecraft.command.Commands/]: Ambiguity between arguments [teleport, location] and [teleport, destination] with inputs: [0.1 -0.5 .9, 0 0 0]
[15Aug2026 14:35:51.510] [Render thread/WARN] [net.minecraft.command.Commands/]: Ambiguity between arguments [teleport, location] and [teleport, targets] with inputs: [0.1 -0.5 .9, 0 0 0]
[15Aug2026 14:35:51.512] [Render thread/WARN] [net.minecraft.command.Commands/]: Ambiguity between arguments [teleport, targets] and [teleport, destination] with inputs: [Player, 0123, dd12be42-52a9-4a91-a8a1-11c01849e498]
[15Aug2026 14:35:51.514] [Render thread/WARN] [net.minecraft.command.Commands/]: Ambiguity between arguments [teleport, targets, location] and [teleport, targets, destination] with inputs: [0.1 -0.5 .9, 0 0 0]
[15Aug2026 14:35:51.514] [Render thread/INFO] [net.minecraft.resources.SimpleReloadableResourceManager/]: Reloading ResourceManager: Default, forge-1.16.5-36.2.42_mapped_official_1.16.5.jar, main
[15Aug2026 14:35:56.382] [Render thread/INFO] [net.minecraft.item.crafting.RecipeManager/]: Loaded 7 recipes
[15Aug2026 14:35:58.713] [Render thread/INFO] [net.minecraft.advancements.AdvancementList/]: Loaded 927 advancements
[15Aug2026 14:35:58.855] [Render thread/INFO] [net.minecraftforge.registries.GameData/REGISTRIES]: Injecting existing registry data into this CLIENT instance
[15Aug2026 14:35:58.940] [Render thread/DEBUG] [net.minecraftforge.registries.ForgeRegistry/REGISTRIES]: Registry minecraft:block Sync: ACTIVE -> STAGING
[15Aug2026 14:35:58.953] [Render thread/DEBUG] [net.minecraftforge.registries.ForgeRegistry/REGISTRIES]: Registry minecraft:fluid Sync: ACTIVE -> STAGING
[15Aug2026 14:35:58.954] [Render thread/DEBUG] [net.minecraftforge.registries.ForgeRegistry/REGISTRIES]: Registry minecraft:item Sync: ACTIVE -> STAGING
[15Aug2026 14:35:58.961] [Render thread/DEBUG] [net.minecraftforge.registries.ForgeRegistry/REGISTRIES]: Registry minecraft:mob_effect Sync: ACTIVE -> STAGING
[15Aug2026 14:35:58.962] [Render thread/DEBUG] [net.minecraftforge.registries.ForgeRegistry/REGISTRIES]: Registry minecraft:sound_event Sync: ACTIVE -> STAGING
[15Aug2026 14:35:59.001] [Render thread/DEBUG] [net.minecraftforge.registries.ForgeRegistry/REGISTRIES]: Registry minecraft:potion Sync: ACTIVE -> STAGING
[15Aug2026 14:35:59.002] [Render thread/DEBUG] [net.minecraftforge.registries.ForgeRegistry/REGISTRIES]: Registry minecraft:enchantment Sync: ACTIVE -> STAGING
[15Aug2026 14:35:59.002] [Render thread/DEBUG] [net.minecraftforge.registries.ForgeRegistry/REGISTRIES]: Registry minecraft:entity_type Sync: ACTIVE -> STAGING
[15Aug2026 14:35:59.003] [Render thread/DEBUG] [net.minecraftforge.registries.ForgeRegistry/REGISTRIES]: Registry minecraft:block_entity_type Sync: ACTIVE -> STAGING
[15Aug2026 14:35:59.003] [Render thread/DEBUG] [net.minecraftforge.registries.ForgeRegistry/REGISTRIES]: Registry minecraft:particle_type Sync: ACTIVE -> STAGING
[15Aug2026 14:35:59.004] [Render thread/DEBUG] [net.minecraftforge.registries.ForgeRegistry/REGISTRIES]: Registry minecraft:menu Sync: ACTIVE -> STAGING
[15Aug2026 14:35:59.005] [Render thread/DEBUG] [net.minecraftforge.registries.ForgeRegistry/REGISTRIES]: Registry minecraft:motive Sync: ACTIVE -> STAGING
[15Aug2026 14:35:59.005] [Render thread/DEBUG] [net.minecraftforge.registries.ForgeRegistry/REGISTRIES]: Registry minecraft:recipe_serializer Sync: ACTIVE -> STAGING
[15Aug2026 14:35:59.006] [Render thread/DEBUG] [net.minecraftforge.registries.ForgeRegistry/REGISTRIES]: Registry minecraft:attribute Sync: ACTIVE -> STAGING
[15Aug2026 14:35:59.006] [Render thread/DEBUG] [net.minecraftforge.registries.ForgeRegistry/REGISTRIES]: Registry minecraft:stat_type Sync: ACTIVE -> STAGING
[15Aug2026 14:35:59.006] [Render thread/DEBUG] [net.minecraftforge.registries.ForgeRegistry/REGISTRIES]: Registry minecraft:villager_profession Sync: ACTIVE -> STAGING
[15Aug2026 14:35:59.007] [Render thread/DEBUG] [net.minecraftforge.registries.ForgeRegistry/REGISTRIES]: Registry minecraft:point_of_interest_type Sync: ACTIVE -> STAGING
[15Aug2026 14:35:59.008] [Render thread/DEBUG] [net.minecraftforge.registries.ForgeRegistry/REGISTRIES]: Registry minecraft:memory_module_type Sync: ACTIVE -> STAGING
[15Aug2026 14:35:59.008] [Render thread/DEBUG] [net.minecraftforge.registries.ForgeRegistry/REGISTRIES]: Registry minecraft:sensor_type Sync: ACTIVE -> STAGING
[15Aug2026 14:35:59.009] [Render thread/DEBUG] [net.minecraftforge.registries.ForgeRegistry/REGISTRIES]: Registry minecraft:schedule Sync: ACTIVE -> STAGING
[15Aug2026 14:35:59.009] [Render thread/DEBUG] [net.minecraftforge.registries.ForgeRegistry/REGISTRIES]: Registry minecraft:activity Sync: ACTIVE -> STAGING
[15Aug2026 14:35:59.009] [Render thread/DEBUG] [net.minecraftforge.registries.ForgeRegistry/REGISTRIES]: Registry minecraft:worldgen/carver Sync: ACTIVE -> STAGING
[15Aug2026 14:35:59.009] [Render thread/DEBUG] [net.minecraftforge.registries.ForgeRegistry/REGISTRIES]: Registry minecraft:worldgen/surface_builder Sync: ACTIVE -> STAGING
[15Aug2026 14:35:59.010] [Render thread/DEBUG] [net.minecraftforge.registries.ForgeRegistry/REGISTRIES]: Registry minecraft:worldgen/feature Sync: ACTIVE -> STAGING
[15Aug2026 14:35:59.010] [Render thread/DEBUG] [net.minecraftforge.registries.ForgeRegistry/REGISTRIES]: Registry minecraft:worldgen/decorator Sync: ACTIVE -> STAGING
[15Aug2026 14:35:59.010] [Render thread/DEBUG] [net.minecraftforge.registries.ForgeRegistry/REGISTRIES]: Registry minecraft:chunk_status Sync: ACTIVE -> STAGING
[15Aug2026 14:35:59.011] [Render thread/DEBUG] [net.minecraftforge.registries.ForgeRegistry/REGISTRIES]: Registry minecraft:worldgen/structure_feature Sync: ACTIVE -> STAGING
[15Aug2026 14:35:59.012] [Render thread/DEBUG] [net.minecraftforge.registries.ForgeRegistry/REGISTRIES]: Registry minecraft:worldgen/block_state_provider_type Sync: ACTIVE -> STAGING
[15Aug2026 14:35:59.012] [Render thread/DEBUG] [net.minecraftforge.registries.ForgeRegistry/REGISTRIES]: Registry minecraft:worldgen/block_placer_type Sync: ACTIVE -> STAGING
[15Aug2026 14:35:59.012] [Render thread/DEBUG] [net.minecraftforge.registries.ForgeRegistry/REGISTRIES]: Registry minecraft:worldgen/foliage_placer_type Sync: ACTIVE -> STAGING
[15Aug2026 14:35:59.012] [Render thread/DEBUG] [net.minecraftforge.registries.ForgeRegistry/REGISTRIES]: Registry minecraft:worldgen/tree_decorator_type Sync: ACTIVE -> STAGING
[15Aug2026 14:35:59.012] [Render thread/DEBUG] [net.minecraftforge.registries.ForgeRegistry/REGISTRIES]: Registry minecraft:worldgen/biome Sync: ACTIVE -> STAGING
[15Aug2026 14:35:59.013] [Render thread/DEBUG] [net.minecraftforge.registries.ForgeRegistry/REGISTRIES]: Registry minecraft:data_serializers Sync: ACTIVE -> STAGING
[15Aug2026 14:35:59.013] [Render thread/DEBUG] [net.minecraftforge.registries.ForgeRegistry/REGISTRIES]: Registry forge:loot_modifier_serializers Sync: ACTIVE -> STAGING
[15Aug2026 14:35:59.013] [Render thread/DEBUG] [net.minecraftforge.registries.ForgeRegistry/REGISTRIES]: Registry forge:world_types Sync: ACTIVE -> STAGING
[15Aug2026 14:35:59.911] [Render thread/DEBUG] [net.minecraftforge.registries.ObjectHolderRegistry/REGISTRIES]: Applying holder lookups
[15Aug2026 14:35:59.913] [Render thread/DEBUG] [net.minecraftforge.registries.ObjectHolderRegistry/REGISTRIES]: Holder lookups applied
[15Aug2026 14:35:59.997] [Render thread/DEBUG] [net.minecraftforge.fml.FMLWorldPersistenceHook/WP]: Gathering id map for writing to world save New World
[15Aug2026 14:36:00.038] [Render thread/DEBUG] [net.minecraftforge.fml.FMLWorldPersistenceHook/WP]: ID Map collection complete New World
[15Aug2026 14:36:00.967] [Render thread/INFO] [com.mojang.authlib.yggdrasil.YggdrasilAuthenticationService/]: Environment: authHost='https://authserver.mojang.com', accountsHost='https://api.mojang.com', sessionHost='https://sessionserver.mojang.com', servicesHost='https://api.minecraftservices.com', name='PROD'
[15Aug2026 14:36:01.043] [Server thread/INFO] [net.minecraft.server.integrated.IntegratedServer/]: Starting integrated minecraft server version 1.16.5
[15Aug2026 14:36:01.044] [Server thread/INFO] [net.minecraft.server.MinecraftServer/]: Generating keypair
[15Aug2026 14:36:01.242] [Server thread/DEBUG] [net.minecraftforge.fml.loading.FileUtils/CORE]: Found existing serverconfig directory : .\saves\New World\serverconfig
[15Aug2026 14:36:01.242] [Server thread/DEBUG] [net.minecraftforge.fml.config.ConfigTracker/CONFIG]: Loading configs type SERVER
[15Aug2026 14:36:01.243] [Server thread/DEBUG] [net.minecraftforge.fml.config.ConfigFileTypeHandler/CONFIG]: Built TOML config for .\saves\New World\serverconfig\forge-server.toml
[15Aug2026 14:36:01.258] [Server thread/DEBUG] [net.minecraftforge.fml.config.ConfigFileTypeHandler/CONFIG]: Loaded TOML config file .\saves\New World\serverconfig\forge-server.toml
[15Aug2026 14:36:01.262] [Server thread/DEBUG] [net.minecraftforge.fml.config.ConfigFileTypeHandler/CONFIG]: Watching TOML config file .\saves\New World\serverconfig\forge-server.toml for changes
[15Aug2026 14:36:01.266] [Server thread/DEBUG] [net.minecraftforge.common.ForgeConfig/FORGEMOD]: Loaded forge config file forge-server.toml
[15Aug2026 14:36:01.853] [Server thread/INFO] [net.minecraft.server.MinecraftServer/]: Preparing start region for dimension minecraft:overworld
[15Aug2026 14:36:05.404] [Render thread/INFO] [net.minecraft.world.chunk.listener.LoggingChunkStatusListener/]: Preparing spawn area: 0%
[15Aug2026 14:36:05.418] [Render thread/INFO] [net.minecraft.world.chunk.listener.LoggingChunkStatusListener/]: Preparing spawn area: 0%
[15Aug2026 14:36:05.418] [Render thread/INFO] [net.minecraft.world.chunk.listener.LoggingChunkStatusListener/]: Preparing spawn area: 0%
[15Aug2026 14:36:05.419] [Render thread/INFO] [net.minecraft.world.chunk.listener.LoggingChunkStatusListener/]: Preparing spawn area: 0%
[15Aug2026 14:36:05.419] [Render thread/INFO] [net.minecraft.world.chunk.listener.LoggingChunkStatusListener/]: Preparing spawn area: 0%
[15Aug2026 14:36:05.419] [Render thread/INFO] [net.minecraft.world.chunk.listener.LoggingChunkStatusListener/]: Preparing spawn area: 0%
[15Aug2026 14:36:05.419] [Render thread/INFO] [net.minecraft.world.chunk.listener.LoggingChunkStatusListener/]: Preparing spawn area: 0%
[15Aug2026 14:36:05.595] [Render thread/INFO] [net.minecraft.world.chunk.listener.LoggingChunkStatusListener/]: Preparing spawn area: 0%
[15Aug2026 14:36:06.039] [Render thread/INFO] [net.minecraft.world.chunk.listener.LoggingChunkStatusListener/]: Preparing spawn area: 0%
[15Aug2026 14:36:07.432] [Render thread/INFO] [net.minecraft.world.chunk.listener.LoggingChunkStatusListener/]: Preparing spawn area: 91%
[15Aug2026 14:36:07.432] [Render thread/INFO] [net.minecraft.world.chunk.listener.LoggingChunkStatusListener/]: Preparing spawn area: 91%
[15Aug2026 14:36:07.622] [Render thread/INFO] [net.minecraft.world.chunk.listener.LoggingChunkStatusListener/]: Preparing spawn area: 91%
[15Aug2026 14:36:08.206] [Render thread/INFO] [net.minecraft.world.chunk.listener.LoggingChunkStatusListener/]: Preparing spawn area: 91%
[15Aug2026 14:36:09.524] [Render thread/INFO] [net.minecraft.world.chunk.listener.LoggingChunkStatusListener/]: Preparing spawn area: 91%
[15Aug2026 14:36:09.524] [Render thread/INFO] [net.minecraft.world.chunk.listener.LoggingChunkStatusListener/]: Preparing spawn area: 91%
[15Aug2026 14:36:10.068] [Render thread/INFO] [net.minecraft.world.chunk.listener.LoggingChunkStatusListener/]: Preparing spawn area: 94%
[15Aug2026 14:36:10.068] [Render thread/INFO] [net.minecraft.world.chunk.listener.LoggingChunkStatusListener/]: Preparing spawn area: 94%
[15Aug2026 14:36:10.811] [Render thread/INFO] [net.minecraft.world.chunk.listener.LoggingChunkStatusListener/]: Preparing spawn area: 94%
[15Aug2026 14:36:11.476] [Render thread/INFO] [net.minecraft.world.chunk.listener.LoggingChunkStatusListener/]: Time elapsed: 9439 ms
[15Aug2026 14:36:11.749] [Server thread/DEBUG] [io.netty.buffer.AbstractByteBuf/]: -Dio.netty.buffer.bytebuf.checkAccessible: true
[15Aug2026 14:36:11.767] [Server thread/DEBUG] [io.netty.util.ResourceLeakDetectorFactory/]: Loaded default ResourceLeakDetector: io.netty.util.ResourceLeakDetector@16da377f
[15Aug2026 14:36:12.471] [Server thread/INFO] [net.minecraft.server.integrated.IntegratedServer/]: Changing view distance to 2, from 10
[15Aug2026 14:36:12.688] [Render thread/DEBUG] [io.netty.channel.MultithreadEventLoopGroup/]: -Dio.netty.eventLoopThreads: 4
[15Aug2026 14:36:12.895] [Render thread/DEBUG] [io.netty.channel.nio.NioEventLoop/]: -Dio.netty.noKeySetOptimization: false
[15Aug2026 14:36:12.895] [Render thread/DEBUG] [io.netty.channel.nio.NioEventLoop/]: -Dio.netty.selectorAutoRebuildThreshold: 512
[15Aug2026 14:36:12.916] [Render thread/DEBUG] [io.netty.util.internal.PlatformDependent/]: org.jctools-core.MpscChunkedArrayQueue: available
[15Aug2026 14:36:13.389] [Render thread/DEBUG] [io.netty.channel.DefaultChannelId/]: -Dio.netty.processId: 8968 (auto-detected)
[15Aug2026 14:36:13.394] [Render thread/DEBUG] [io.netty.util.NetUtil/]: -Djava.net.preferIPv4Stack: false
[15Aug2026 14:36:13.394] [Render thread/DEBUG] [io.netty.util.NetUtil/]: -Djava.net.preferIPv6Addresses: false
[15Aug2026 14:36:14.126] [Server thread/WARN] [net.minecraft.server.MinecraftServer/]: Can't keep up! Is the server overloaded? Running 2037ms or 40 ticks behind
[15Aug2026 14:36:14.440] [Render thread/DEBUG] [io.netty.util.NetUtil/]: Loopback interface: lo (Software Loopback Interface 1, 127.0.0.1)
[15Aug2026 14:36:14.443] [Render thread/DEBUG] [io.netty.util.NetUtil/]: Failed to get SOMAXCONN from sysctl and file \proc\sys\net\core\somaxconn. Default: 200
[15Aug2026 14:36:15.188] [Render thread/DEBUG] [io.netty.channel.DefaultChannelId/]: -Dio.netty.machineId: 4c:72:b9:ff:fe:57:7d:6a (auto-detected)
[15Aug2026 14:36:15.301] [Render thread/DEBUG] [io.netty.buffer.PooledByteBufAllocator/]: -Dio.netty.allocator.numHeapArenas: 4
[15Aug2026 14:36:15.302] [Render thread/DEBUG] [io.netty.buffer.PooledByteBufAllocator/]: -Dio.netty.allocator.numDirectArenas: 4
[15Aug2026 14:36:15.302] [Render thread/DEBUG] [io.netty.buffer.PooledByteBufAllocator/]: -Dio.netty.allocator.pageSize: 8192
[15Aug2026 14:36:15.302] [Render thread/DEBUG] [io.netty.buffer.PooledByteBufAllocator/]: -Dio.netty.allocator.maxOrder: 11
[15Aug2026 14:36:15.302] [Render thread/DEBUG] [io.netty.buffer.PooledByteBufAllocator/]: -Dio.netty.allocator.chunkSize: 16777216
[15Aug2026 14:36:15.303] [Render thread/DEBUG] [io.netty.buffer.PooledByteBufAllocator/]: -Dio.netty.allocator.tinyCacheSize: 512
[15Aug2026 14:36:15.303] [Render thread/DEBUG] [io.netty.buffer.PooledByteBufAllocator/]: -Dio.netty.allocator.smallCacheSize: 256
[15Aug2026 14:36:15.303] [Render thread/DEBUG] [io.netty.buffer.PooledByteBufAllocator/]: -Dio.netty.allocator.normalCacheSize: 64
[15Aug2026 14:36:15.303] [Render thread/DEBUG] [io.netty.buffer.PooledByteBufAllocator/]: -Dio.netty.allocator.maxCachedBufferCapacity: 32768
[15Aug2026 14:36:15.303] [Render thread/DEBUG] [io.netty.buffer.PooledByteBufAllocator/]: -Dio.netty.allocator.cacheTrimInterval: 8192
[15Aug2026 14:36:15.303] [Render thread/DEBUG] [io.netty.buffer.PooledByteBufAllocator/]: -Dio.netty.allocator.useCacheForAllThreads: true
[15Aug2026 14:36:15.319] [Render thread/DEBUG] [io.netty.buffer.ByteBufUtil/]: -Dio.netty.allocator.type: pooled
[15Aug2026 14:36:15.320] [Render thread/DEBUG] [io.netty.buffer.ByteBufUtil/]: -Dio.netty.threadLocalDirectBufferSize: 0
[15Aug2026 14:36:15.320] [Render thread/DEBUG] [io.netty.buffer.ByteBufUtil/]: -Dio.netty.maxThreadLocalCharBufferSize: 16384
[15Aug2026 14:36:17.233] [Netty Local Client IO #0/DEBUG] [net.minecraftforge.fml.network.FMLHandshakeHandler/FMLHANDSHAKE]: Starting local connection.
[15Aug2026 14:36:17.647] [Netty Server IO #1/DEBUG] [net.minecraftforge.coremod.transformer.CoreModBaseTransformer/COREMOD]: Transforming net/minecraft/network/play/client/CClientSettingsPacket
[15Aug2026 14:36:18.233] [Netty Local Client IO #0/DEBUG] [io.netty.util.Recycler/]: -Dio.netty.recycler.maxCapacityPerThread: 4096
[15Aug2026 14:36:18.234] [Netty Local Client IO #0/DEBUG] [io.netty.util.Recycler/]: -Dio.netty.recycler.maxSharedCapacityFactor: 2
[15Aug2026 14:36:18.234] [Netty Local Client IO #0/DEBUG] [io.netty.util.Recycler/]: -Dio.netty.recycler.linkCapacity: 16
[15Aug2026 14:36:18.234] [Netty Local Client IO #0/DEBUG] [io.netty.util.Recycler/]: -Dio.netty.recycler.ratio: 8
[15Aug2026 14:36:18.309] [Netty Server IO #1/DEBUG] [net.minecraftforge.fml.network.FMLHandshakeHandler/FMLHANDSHAKE]: Starting local connection.
[15Aug2026 14:36:18.488] [Server thread/DEBUG] [net.minecraftforge.fml.network.FMLHandshakeHandler/FMLHANDSHAKE]: Sending ticking packet info 'net.minecraftforge.fml.network.FMLHandshakeMessages$S2CModList' to 'fml:handshake' sequence 0
[15Aug2026 14:36:18.577] [Server thread/DEBUG] [net.minecraftforge.fml.network.FMLHandshakeHandler/FMLHANDSHAKE]: Sending ticking packet info 'Config forge-server.toml' to 'fml:handshake' sequence 1
[15Aug2026 14:36:18.632] [Netty Local Client IO #0/DEBUG] [net.minecraftforge.fml.network.FMLLoginWrapper/FMLHANDSHAKE]: Recieved login wrapper packet event for channel fml:handshake with index 0
[15Aug2026 14:36:18.641] [Netty Local Client IO #0/DEBUG] [net.minecraftforge.fml.network.FMLHandshakeHandler/FMLHANDSHAKE]: Logging into server with mod list [minecraft, forge, mcbotai]
[15Aug2026 14:36:18.642] [Netty Local Client IO #0/DEBUG] [net.minecraftforge.fml.network.NetworkRegistry/NETREGISTRY]: Channel 'fml:loginwrapper' : Version test of 'FML2' from server : ACCEPTED
[15Aug2026 14:36:18.643] [Netty Local Client IO #0/DEBUG] [net.minecraftforge.fml.network.NetworkRegistry/NETREGISTRY]: Channel 'fml:handshake' : Version test of 'FML2' from server : ACCEPTED
[15Aug2026 14:36:18.643] [Netty Local Client IO #0/DEBUG] [net.minecraftforge.fml.network.NetworkRegistry/NETREGISTRY]: Channel 'forge:split_11' : Version test of '1.1' from server : ACCEPTED
[15Aug2026 14:36:18.643] [Netty Local Client IO #0/DEBUG] [net.minecraftforge.fml.network.NetworkRegistry/NETREGISTRY]: Channel 'minecraft:unregister' : Version test of 'FML2' from server : ACCEPTED
[15Aug2026 14:36:18.643] [Netty Local Client IO #0/DEBUG] [net.minecraftforge.fml.network.NetworkRegistry/NETREGISTRY]: Channel 'fml:play' : Version test of 'FML2' from server : ACCEPTED
[15Aug2026 14:36:18.643] [Netty Local Client IO #0/DEBUG] [net.minecraftforge.fml.network.NetworkRegistry/NETREGISTRY]: Channel 'minecraft:register' : Version test of 'FML2' from server : ACCEPTED
[15Aug2026 14:36:18.644] [Netty Local Client IO #0/DEBUG] [net.minecraftforge.fml.network.NetworkRegistry/NETREGISTRY]: Channel 'forge:split' : Version test of '1.0' from server : ACCEPTED
[15Aug2026 14:36:18.645] [Netty Local Client IO #0/DEBUG] [net.minecraftforge.fml.network.NetworkRegistry/NETREGISTRY]: Accepting channel list from server
[15Aug2026 14:36:18.647] [Netty Local Client IO #0/DEBUG] [net.minecraftforge.fml.network.FMLLoginWrapper/FMLHANDSHAKE]: Dispatching wrapped packet reply for channel fml:handshake with index 0
[15Aug2026 14:36:18.649] [Netty Server IO #1/DEBUG] [net.minecraftforge.fml.network.FMLLoginWrapper/FMLHANDSHAKE]: Recieved login wrapper packet event for channel fml:handshake with index 0
[15Aug2026 14:36:18.650] [Netty Server IO #1/DEBUG] [net.minecraftforge.fml.network.FMLHandshakeHandler/FMLHANDSHAKE]: Received client indexed reply 0 of type net.minecraftforge.fml.network.FMLHandshakeMessages$C2SModListReply
[15Aug2026 14:36:18.651] [Netty Server IO #1/DEBUG] [net.minecraftforge.fml.network.FMLHandshakeHandler/FMLHANDSHAKE]: Received client connection with modlist [minecraft, forge, mcbotai]
[15Aug2026 14:36:18.652] [Netty Server IO #1/DEBUG] [net.minecraftforge.fml.network.NetworkRegistry/NETREGISTRY]: Channel 'fml:loginwrapper' : Version test of 'FML2' from client : ACCEPTED
[15Aug2026 14:36:18.652] [Netty Server IO #1/DEBUG] [net.minecraftforge.fml.network.NetworkRegistry/NETREGISTRY]: Channel 'fml:handshake' : Version test of 'FML2' from client : ACCEPTED
[15Aug2026 14:36:18.652] [Netty Server IO #1/DEBUG] [net.minecraftforge.fml.network.NetworkRegistry/NETREGISTRY]: Channel 'forge:split_11' : Version test of '1.1' from client : ACCEPTED
[15Aug2026 14:36:18.652] [Netty Server IO #1/DEBUG] [net.minecraftforge.fml.network.NetworkRegistry/NETREGISTRY]: Channel 'minecraft:unregister' : Version test of 'FML2' from client : ACCEPTED
[15Aug2026 14:36:18.652] [Netty Server IO #1/DEBUG] [net.minecraftforge.fml.network.NetworkRegistry/NETREGISTRY]: Channel 'fml:play' : Version test of 'FML2' from client : ACCEPTED
[15Aug2026 14:36:18.652] [Netty Server IO #1/DEBUG] [net.minecraftforge.fml.network.NetworkRegistry/NETREGISTRY]: Channel 'minecraft:register' : Version test of 'FML2' from client : ACCEPTED
[15Aug2026 14:36:18.652] [Netty Server IO #1/DEBUG] [net.minecraftforge.fml.network.NetworkRegistry/NETREGISTRY]: Channel 'forge:split' : Version test of '1.0' from client : ACCEPTED
[15Aug2026 14:36:18.652] [Netty Server IO #1/DEBUG] [net.minecraftforge.fml.network.NetworkRegistry/NETREGISTRY]: Accepting channel list from client
[15Aug2026 14:36:18.653] [Netty Server IO #1/DEBUG] [net.minecraftforge.fml.network.FMLHandshakeHandler/FMLHANDSHAKE]: Accepted client connection mod list
[15Aug2026 14:36:18.654] [Netty Local Client IO #0/DEBUG] [net.minecraftforge.fml.network.FMLHandshakeHandler/FMLHANDSHAKE]: Accepted server connection
[15Aug2026 14:36:18.657] [Netty Local Client IO #0/DEBUG] [net.minecraftforge.fml.network.FMLHandshakeHandler/REGISTRIES]: Expecting 16 registries: [minecraft:recipe_serializer, minecraft:sound_event, minecraft:particle_type, minecraft:villager_profession, minecraft:item, minecraft:potion, minecraft:block_entity_type, minecraft:block, minecraft:data_serializers, minecraft:mob_effect, minecraft:stat_type, minecraft:menu, minecraft:enchantment, minecraft:motive, minecraft:fluid, minecraft:entity_type]
[15Aug2026 14:36:18.658] [Netty Local Client IO #0/DEBUG] [net.minecraftforge.fml.network.FMLLoginWrapper/FMLHANDSHAKE]: Recieved login wrapper packet event for channel fml:handshake with index 1
[15Aug2026 14:36:18.658] [Netty Local Client IO #0/DEBUG] [net.minecraftforge.fml.network.FMLHandshakeHandler/FMLHANDSHAKE]: Received config sync from server
[15Aug2026 14:36:18.659] [Netty Local Client IO #0/DEBUG] [net.minecraftforge.fml.network.FMLLoginWrapper/FMLHANDSHAKE]: Dispatching wrapped packet reply for channel fml:handshake with index 1
[15Aug2026 14:36:18.660] [Netty Server IO #1/DEBUG] [net.minecraftforge.fml.network.FMLLoginWrapper/FMLHANDSHAKE]: Recieved login wrapper packet event for channel fml:handshake with index 1
[15Aug2026 14:36:18.660] [Netty Server IO #1/DEBUG] [net.minecraftforge.fml.network.FMLHandshakeHandler/FMLHANDSHAKE]: Received client indexed reply 1 of type net.minecraftforge.fml.network.FMLHandshakeMessages$C2SAcknowledge
[15Aug2026 14:36:18.660] [Netty Server IO #1/DEBUG] [net.minecraftforge.fml.network.FMLHandshakeHandler/FMLHANDSHAKE]: Received acknowledgement from client
[15Aug2026 14:36:18.681] [Server thread/DEBUG] [net.minecraftforge.fml.network.FMLHandshakeHandler/FMLHANDSHAKE]: Handshake complete!
[15Aug2026 14:36:18.704] [Netty Local Client IO #0/INFO] [net.minecraftforge.fml.network.NetworkHooks/]: Connected to a modded server.
[15Aug2026 14:36:19.050] [Server thread/INFO] [net.minecraftforge.common.AdvancementLoadFix/]: Using new advancement loading for net.minecraft.advancements.PlayerAdvancements@7477d2df
[15Aug2026 14:36:19.127] [Server thread/INFO] [net.minecraft.server.management.PlayerList/]: Dev[local:E:122dd1b7] logged in with entity id 98 at (-52.61388801781126, 4.0, -54.12300521063564)
[15Aug2026 14:36:19.448] [Server thread/INFO] [net.minecraft.server.MinecraftServer/]: Dev joined the game
[15Aug2026 14:36:20.366] [Server thread/INFO] [net.minecraft.server.integrated.IntegratedServer/]: Saving and pausing game...
[15Aug2026 14:36:20.471] [Server thread/INFO] [net.minecraft.server.MinecraftServer/]: Saving chunks for level 'ServerLevel[New World]'/minecraft:overworld
[15Aug2026 14:36:21.025] [Render thread/INFO] [net.minecraft.advancements.AdvancementList/]: Loaded 0 advancements
[15Aug2026 14:36:21.619] [Server thread/INFO] [net.minecraft.server.MinecraftServer/]: Saving chunks for level 'ServerLevel[New World]'/minecraft:the_nether
[15Aug2026 14:36:21.780] [Server thread/INFO] [net.minecraft.server.MinecraftServer/]: Saving chunks for level 'ServerLevel[New World]'/minecraft:the_end
[15Aug2026 14:36:21.798] [Server thread/DEBUG] [net.minecraftforge.fml.FMLWorldPersistenceHook/WP]: Gathering id map for writing to world save New World
[15Aug2026 14:36:21.804] [Server thread/DEBUG] [net.minecraftforge.fml.FMLWorldPersistenceHook/WP]: ID Map collection complete New World
[15Aug2026 14:39:14.769] [Render thread/INFO] [net.minecraft.client.Minecraft/]: Stopping!
[15Aug2026 14:39:14.918] [Server thread/INFO] [net.minecraft.network.play.ServerPlayNetHandler/]: Dev lost connection: Disconnected
[15Aug2026 14:39:14.918] [Server thread/INFO] [net.minecraft.server.MinecraftServer/]: Dev left the game
[15Aug2026 14:39:14.936] [Server thread/INFO] [net.minecraft.network.play.ServerPlayNetHandler/]: Stopping singleplayer server as player logged out
[15Aug2026 14:39:15.026] [Server thread/INFO] [net.minecraft.server.MinecraftServer/]: Stopping server
[15Aug2026 14:39:15.026] [Server thread/INFO] [net.minecraft.server.MinecraftServer/]: Saving players
[15Aug2026 14:39:15.026] [Server thread/INFO] [net.minecraft.server.MinecraftServer/]: Saving worlds
[15Aug2026 14:39:15.026] [Server thread/INFO] [net.minecraft.server.MinecraftServer/]: Saving chunks for level 'ServerLevel[New World]'/minecraft:overworld
[15Aug2026 14:39:15.505] [Server thread/INFO] [net.minecraft.world.server.ChunkManager/]: ThreadedAnvilChunkStorage (New World): All chunks are saved
[15Aug2026 14:39:15.505] [Server thread/INFO] [net.minecraft.server.MinecraftServer/]: Saving chunks for level 'ServerLevel[New World]'/minecraft:the_nether
[15Aug2026 14:39:15.506] [Server thread/INFO] [net.minecraft.world.server.ChunkManager/]: ThreadedAnvilChunkStorage (DIM-1): All chunks are saved
[15Aug2026 14:39:15.507] [Server thread/INFO] [net.minecraft.server.MinecraftServer/]: Saving chunks for level 'ServerLevel[New World]'/minecraft:the_end
[15Aug2026 14:39:15.509] [Server thread/INFO] [net.minecraft.world.server.ChunkManager/]: ThreadedAnvilChunkStorage (DIM1): All chunks are saved
[15Aug2026 14:39:15.511] [Server thread/DEBUG] [net.minecraftforge.fml.FMLWorldPersistenceHook/WP]: Gathering id map for writing to world save New World
[15Aug2026 14:39:15.516] [Server thread/DEBUG] [net.minecraftforge.fml.FMLWorldPersistenceHook/WP]: ID Map collection complete New World
[15Aug2026 14:39:15.550] [Server thread/INFO] [net.minecraft.world.server.ChunkManager/]: ThreadedAnvilChunkStorage (New World): All chunks are saved
[15Aug2026 14:39:15.628] [Server thread/INFO] [net.minecraft.world.server.ChunkManager/]: ThreadedAnvilChunkStorage (DIM-1): All chunks are saved
[15Aug2026 14:39:15.628] [Server thread/INFO] [net.minecraft.world.server.ChunkManager/]: ThreadedAnvilChunkStorage (DIM1): All chunks are saved
[15Aug2026 14:39:15.630] [Server thread/DEBUG] [net.minecraftforge.registries.GameData/REGISTRIES]: Reverting to FROZEN data state.
[15Aug2026 14:39:15.630] [Server thread/DEBUG] [net.minecraftforge.registries.ForgeRegistry/REGISTRIES]: Registry minecraft:block Sync: ACTIVE -> FROZEN
[15Aug2026 14:39:15.648] [Server thread/DEBUG] [net.minecraftforge.registries.ForgeRegistry/REGISTRIES]: Registry minecraft:fluid Sync: ACTIVE -> FROZEN
[15Aug2026 14:39:15.648] [Server thread/DEBUG] [net.minecraftforge.registries.ForgeRegistry/REGISTRIES]: Registry minecraft:item Sync: ACTIVE -> FROZEN
[15Aug2026 14:39:15.657] [Server thread/DEBUG] [net.minecraftforge.registries.ForgeRegistry/REGISTRIES]: Registry minecraft:mob_effect Sync: ACTIVE -> FROZEN
[15Aug2026 14:39:15.657] [Server thread/DEBUG] [net.minecraftforge.registries.ForgeRegistry/REGISTRIES]: Registry minecraft:sound_event Sync: ACTIVE -> FROZEN
[15Aug2026 14:39:15.671] [Server thread/DEBUG] [net.minecraftforge.registries.ForgeRegistry/REGISTRIES]: Registry minecraft:potion Sync: ACTIVE -> FROZEN
[15Aug2026 14:39:15.671] [Server thread/DEBUG] [net.minecraftforge.registries.ForgeRegistry/REGISTRIES]: Registry minecraft:enchantment Sync: ACTIVE -> FROZEN
[15Aug2026 14:39:15.671] [Server thread/DEBUG] [net.minecraftforge.registries.ForgeRegistry/REGISTRIES]: Registry minecraft:entity_type Sync: ACTIVE -> FROZEN
[15Aug2026 14:39:15.671] [Server thread/DEBUG] [net.minecraftforge.registries.ForgeRegistry/REGISTRIES]: Registry minecraft:block_entity_type Sync: ACTIVE -> FROZEN
[15Aug2026 14:39:15.672] [Server thread/DEBUG] [net.minecraftforge.registries.ForgeRegistry/REGISTRIES]: Registry minecraft:particle_type Sync: ACTIVE -> FROZEN
[15Aug2026 14:39:15.672] [Server thread/DEBUG] [net.minecraftforge.registries.ForgeRegistry/REGISTRIES]: Registry minecraft:menu Sync: ACTIVE -> FROZEN
[15Aug2026 14:39:15.673] [Server thread/DEBUG] [net.minecraftforge.registries.ForgeRegistry/REGISTRIES]: Registry minecraft:motive Sync: ACTIVE -> FROZEN
[15Aug2026 14:39:15.673] [Server thread/DEBUG] [net.minecraftforge.registries.ForgeRegistry/REGISTRIES]: Registry minecraft:recipe_serializer Sync: ACTIVE -> FROZEN
[15Aug2026 14:39:15.673] [Server thread/DEBUG] [net.minecraftforge.registries.ForgeRegistry/REGISTRIES]: Registry minecraft:attribute Sync: ACTIVE -> FROZEN
[15Aug2026 14:39:15.673] [Server thread/DEBUG] [net.minecraftforge.registries.ForgeRegistry/REGISTRIES]: Registry minecraft:stat_type Sync: ACTIVE -> FROZEN
[15Aug2026 14:39:15.674] [Server thread/DEBUG] [net.minecraftforge.registries.ForgeRegistry/REGISTRIES]: Registry minecraft:villager_profession Sync: ACTIVE -> FROZEN
[15Aug2026 14:39:15.674] [Server thread/DEBUG] [net.minecraftforge.registries.ForgeRegistry/REGISTRIES]: Registry minecraft:point_of_interest_type Sync: ACTIVE -> FROZEN
[15Aug2026 14:39:15.674] [Server thread/DEBUG] [net.minecraftforge.registries.ForgeRegistry/REGISTRIES]: Registry minecraft:memory_module_type Sync: ACTIVE -> FROZEN
[15Aug2026 14:39:15.679] [Server thread/DEBUG] [net.minecraftforge.registries.ForgeRegistry/REGISTRIES]: Registry minecraft:sensor_type Sync: ACTIVE -> FROZEN
[15Aug2026 14:39:15.679] [Server thread/DEBUG] [net.minecraftforge.registries.ForgeRegistry/REGISTRIES]: Registry minecraft:schedule Sync: ACTIVE -> FROZEN
[15Aug2026 14:39:15.679] [Server thread/DEBUG] [net.minecraftforge.registries.ForgeRegistry/REGISTRIES]: Registry minecraft:activity Sync: ACTIVE -> FROZEN
[15Aug2026 14:39:15.680] [Server thread/DEBUG] [net.minecraftforge.registries.ForgeRegistry/REGISTRIES]: Registry minecraft:worldgen/carver Sync: ACTIVE -> FROZEN
[15Aug2026 14:39:15.680] [Server thread/DEBUG] [net.minecraftforge.registries.ForgeRegistry/REGISTRIES]: Registry minecraft:worldgen/surface_builder Sync: ACTIVE -> FROZEN
[15Aug2026 14:39:15.680] [Server thread/DEBUG] [net.minecraftforge.registries.ForgeRegistry/REGISTRIES]: Registry minecraft:worldgen/feature Sync: ACTIVE -> FROZEN
[15Aug2026 14:39:15.711] [Server thread/DEBUG] [net.minecraftforge.registries.ForgeRegistry/REGISTRIES]: Registry minecraft:worldgen/decorator Sync: ACTIVE -> FROZEN
[15Aug2026 14:39:15.712] [Server thread/DEBUG] [net.minecraftforge.registries.ForgeRegistry/REGISTRIES]: Registry minecraft:chunk_status Sync: ACTIVE -> FROZEN
[15Aug2026 14:39:15.712] [Server thread/DEBUG] [net.minecraftforge.registries.ForgeRegistry/REGISTRIES]: Registry minecraft:worldgen/structure_feature Sync: ACTIVE -> FROZEN
[15Aug2026 14:39:15.712] [Server thread/DEBUG] [net.minecraftforge.registries.ForgeRegistry/REGISTRIES]: Registry minecraft:worldgen/block_state_provider_type Sync: ACTIVE -> FROZEN
[15Aug2026 14:39:15.712] [Server thread/DEBUG] [net.minecraftforge.registries.ForgeRegistry/REGISTRIES]: Registry minecraft:worldgen/block_placer_type Sync: ACTIVE -> FROZEN
[15Aug2026 14:39:15.712] [Server thread/DEBUG] [net.minecraftforge.registries.ForgeRegistry/REGISTRIES]: Registry minecraft:worldgen/foliage_placer_type Sync: ACTIVE -> FROZEN
[15Aug2026 14:39:15.712] [Server thread/DEBUG] [net.minecraftforge.registries.ForgeRegistry/REGISTRIES]: Registry minecraft:worldgen/tree_decorator_type Sync: ACTIVE -> FROZEN
[15Aug2026 14:39:15.713] [Server thread/DEBUG] [net.minecraftforge.registries.ForgeRegistry/REGISTRIES]: Registry minecraft:worldgen/biome Sync: ACTIVE -> FROZEN
[15Aug2026 14:39:15.713] [Server thread/DEBUG] [net.minecraftforge.registries.ForgeRegistry/REGISTRIES]: Registry minecraft:data_serializers Sync: ACTIVE -> FROZEN
[15Aug2026 14:39:15.713] [Server thread/DEBUG] [net.minecraftforge.registries.ForgeRegistry/REGISTRIES]: Registry forge:loot_modifier_serializers Sync: ACTIVE -> FROZEN
[15Aug2026 14:39:15.713] [Server thread/DEBUG] [net.minecraftforge.registries.ForgeRegistry/REGISTRIES]: Registry forge:world_types Sync: ACTIVE -> FROZEN
[15Aug2026 15:39:12.264] [main/INFO] [cpw.mods.modlauncher.Launcher/MODLAUNCHER]: ModLauncher running: args [--gameDir, ., --launchTarget, fmluserdevclient, --fml.mcpVersion, 20210115.111550, --fml.mcVersion, 1.16.5, --fml.forgeGroup, net.minecraftforge, --fml.forgeVersion, 36.2.42, --assetIndex, 1.16, --assetsDir, C:\Users\ch\.gradle\caches\forge_gradle\assets, --version, MOD_DEV, --username, Dev, --accessToken, ????????, --userProperties, {}]
[15Aug2026 15:39:12.276] [main/INFO] [cpw.mods.modlauncher.Launcher/MODLAUNCHER]: ModLauncher 8.1.3+8.1.3+main-8.1.x.c94d18ec starting: java version 1.8.0_502 by Temurin
[15Aug2026 15:39:12.328] [main/DEBUG] [cpw.mods.modlauncher.LaunchServiceHandler/MODLAUNCHER]: Found launch services [minecraft,fmldevdata,fmldevclient,fmldevserver,fmluserdevserver,testharness,fmluserdevdata,fmlclient,fmluserdevclient,fmlserver]
[15Aug2026 15:39:12.377] [main/DEBUG] [cpw.mods.modlauncher.NameMappingServiceHandler/MODLAUNCHER]: Found naming services : [srgtomcp]
[15Aug2026 15:39:12.479] [main/DEBUG] [cpw.mods.modlauncher.LaunchPluginHandler/MODLAUNCHER]: Found launch plugins: [mixin,eventbus,object_holder_definalize,runtime_enum_extender,accesstransformer,capability_inject_definalize,runtimedistcleaner]
[15Aug2026 15:39:12.531] [main/DEBUG] [cpw.mods.modlauncher.TransformationServicesHandler/MODLAUNCHER]: Discovering transformation services
[15Aug2026 15:39:12.546] [main/DEBUG] [cpw.mods.modlauncher.TransformationServicesHandler/MODLAUNCHER]: Found additional transformation services from discovery services: []
[15Aug2026 15:39:12.639] [main/DEBUG] [cpw.mods.modlauncher.TransformationServicesHandler/MODLAUNCHER]: Found transformer services : [mixin,fml]
[15Aug2026 15:39:12.640] [main/DEBUG] [cpw.mods.modlauncher.TransformationServicesHandler/MODLAUNCHER]: Transformation services loading
[15Aug2026 15:39:12.645] [main/DEBUG] [cpw.mods.modlauncher.TransformationServiceDecorator/MODLAUNCHER]: Loading service mixin
[15Aug2026 15:39:12.651] [main/DEBUG] [cpw.mods.modlauncher.TransformationServiceDecorator/MODLAUNCHER]: Loaded service mixin
[15Aug2026 15:39:12.651] [main/DEBUG] [cpw.mods.modlauncher.TransformationServiceDecorator/MODLAUNCHER]: Loading service fml
[15Aug2026 15:39:12.652] [main/DEBUG] [net.minecraftforge.fml.loading.FMLServiceProvider/]: Injecting tracing printstreams for STDOUT/STDERR.
[15Aug2026 15:39:12.659] [main/DEBUG] [net.minecraftforge.fml.loading.LauncherVersion/CORE]: Found FMLLauncher version 36.2
[15Aug2026 15:39:12.663] [main/DEBUG] [net.minecraftforge.fml.loading.FMLLoader/CORE]: FML 36.2 loading
[15Aug2026 15:39:12.663] [main/DEBUG] [net.minecraftforge.fml.loading.FMLLoader/CORE]: FML found ModLauncher version : 8.1.3+8.1.3+main-8.1.x.c94d18ec
[15Aug2026 15:39:12.664] [main/DEBUG] [net.minecraftforge.fml.loading.FMLLoader/CORE]: Initializing modjar URL handler
[15Aug2026 15:39:12.666] [main/DEBUG] [net.minecraftforge.fml.loading.FMLLoader/CORE]: FML found AccessTransformer version : 3.0.1+61+master.47bca0e
[15Aug2026 15:39:12.669] [main/DEBUG] [net.minecraftforge.fml.loading.FMLLoader/CORE]: FML found EventBus version : 4.0.0+65+master.6080a3f
[15Aug2026 15:39:12.671] [main/DEBUG] [net.minecraftforge.fml.loading.FMLLoader/CORE]: Found Runtime Dist Cleaner
[15Aug2026 15:39:12.681] [main/DEBUG] [net.minecraftforge.fml.loading.FMLLoader/CORE]: FML found CoreMod version : 4.0.6+14+master.c21a551
[15Aug2026 15:39:12.705] [main/DEBUG] [net.minecraftforge.fml.loading.FMLLoader/CORE]: Found ForgeSPI package implementation version 3.2.0+13+master.8ddb2cc
[15Aug2026 15:39:12.707] [main/DEBUG] [net.minecraftforge.fml.loading.FMLLoader/CORE]: Found ForgeSPI package specification 3
[15Aug2026 15:39:13.013] [main/INFO] [net.minecraftforge.fml.loading.FixSSL/CORE]: Added Lets Encrypt root certificates as additional trust
[15Aug2026 15:39:13.013] [main/DEBUG] [cpw.mods.modlauncher.TransformationServiceDecorator/MODLAUNCHER]: Loaded service fml
[15Aug2026 15:39:13.018] [main/DEBUG] [cpw.mods.modlauncher.TransformationServicesHandler/MODLAUNCHER]: Configuring option handling for services
[15Aug2026 15:39:13.034] [main/DEBUG] [cpw.mods.modlauncher.TransformationServicesHandler/MODLAUNCHER]: Transformation services initializing
[15Aug2026 15:39:13.036] [main/DEBUG] [cpw.mods.modlauncher.TransformationServiceDecorator/MODLAUNCHER]: Initializing transformation service mixin
[15Aug2026 15:39:13.075] [main/DEBUG] [mixin/]: Mixin bootstrap service org.spongepowered.asm.service.mojang.MixinServiceLaunchWrapperBootstrap is not available: LaunchWrapper is not available
[15Aug2026 15:39:13.076] [main/DEBUG] [mixin/]: MixinService [ModLauncher] was successfully booted in sun.misc.Launcher$AppClassLoader@7852e922
[15Aug2026 15:39:13.135] [main/INFO] [mixin/]: SpongePowered MIXIN Subsystem Version=0.8.4 Source=file:/C:/Users/ch/.gradle/caches/modules-2/files-2.1/org.spongepowered/mixin/0.8.4/4ec7d77d9ab32596ca0b78bb123956734767e3a/mixin-0.8.4.jar Service=ModLauncher Env=CLIENT
[15Aug2026 15:39:13.146] [main/DEBUG] [mixin/]: Initialising Mixin Platform Manager
[15Aug2026 15:39:13.147] [main/DEBUG] [mixin/]: Adding mixin platform agents for container ModLauncher Root Container(ModLauncher:4f56a0a2)
[15Aug2026 15:39:13.149] [main/DEBUG] [mixin/]: Instancing new MixinPlatformAgentMinecraftForge for ModLauncher Root Container(ModLauncher:4f56a0a2)
[15Aug2026 15:39:13.151] [main/DEBUG] [mixin/]: MixinPlatformAgentMinecraftForge rejected container ModLauncher Root Container(ModLauncher:4f56a0a2)
[15Aug2026 15:39:13.152] [main/DEBUG] [mixin/]: Instancing new MixinPlatformAgentDefault for ModLauncher Root Container(ModLauncher:4f56a0a2)
[15Aug2026 15:39:13.153] [main/DEBUG] [mixin/]: MixinPlatformAgentDefault accepted container ModLauncher Root Container(ModLauncher:4f56a0a2)
[15Aug2026 15:39:13.163] [main/DEBUG] [cpw.mods.modlauncher.TransformationServiceDecorator/MODLAUNCHER]: Initialized transformation service mixin
[15Aug2026 15:39:13.164] [main/DEBUG] [cpw.mods.modlauncher.TransformationServiceDecorator/MODLAUNCHER]: Initializing transformation service fml
[15Aug2026 15:39:13.164] [main/DEBUG] [net.minecraftforge.fml.loading.FMLServiceProvider/CORE]: Setting up basic FML game directories
[15Aug2026 15:39:13.166] [main/DEBUG] [net.minecraftforge.fml.loading.FileUtils/CORE]: Found existing GAMEDIR directory : C:\Users\ch\Downloads\McBotAI\run
[15Aug2026 15:39:13.172] [main/DEBUG] [net.minecraftforge.fml.loading.FMLPaths/CORE]: Path GAMEDIR is C:\Users\ch\Downloads\McBotAI\run
[15Aug2026 15:39:13.174] [main/DEBUG] [net.minecraftforge.fml.loading.FileUtils/CORE]: Found existing MODSDIR directory : C:\Users\ch\Downloads\McBotAI\run\mods
[15Aug2026 15:39:13.174] [main/DEBUG] [net.minecraftforge.fml.loading.FMLPaths/CORE]: Path MODSDIR is C:\Users\ch\Downloads\McBotAI\run\mods
[15Aug2026 15:39:13.175] [main/DEBUG] [net.minecraftforge.fml.loading.FileUtils/CORE]: Found existing CONFIGDIR directory : C:\Users\ch\Downloads\McBotAI\run\config
[15Aug2026 15:39:13.176] [main/DEBUG] [net.minecraftforge.fml.loading.FMLPaths/CORE]: Path CONFIGDIR is C:\Users\ch\Downloads\McBotAI\run\config
[15Aug2026 15:39:13.176] [main/DEBUG] [net.minecraftforge.fml.loading.FMLPaths/CORE]: Path FMLCONFIG is C:\Users\ch\Downloads\McBotAI\run\config\fml.toml
[15Aug2026 15:39:13.176] [main/DEBUG] [net.minecraftforge.fml.loading.FMLServiceProvider/CORE]: Loading configuration
[15Aug2026 15:39:13.289] [main/DEBUG] [net.minecraftforge.fml.loading.FileUtils/CORE]: Found existing default config directory directory : C:\Users\ch\Downloads\McBotAI\run\defaultconfigs
[15Aug2026 15:39:13.291] [main/DEBUG] [net.minecraftforge.fml.loading.FMLServiceProvider/CORE]: Preparing ModFile
[15Aug2026 15:39:13.302] [main/DEBUG] [net.minecraftforge.fml.loading.FMLServiceProvider/CORE]: Preparing launch handler
[15Aug2026 15:39:13.304] [main/DEBUG] [net.minecraftforge.fml.loading.FMLLoader/CORE]: Using fmluserdevclient as launch service
[15Aug2026 15:39:13.321] [main/DEBUG] [net.minecraftforge.fml.loading.FMLLoader/CORE]: Received command line version data  : MC Version: '1.16.5' MCP Version: '20210115.111550' Forge Version: '36.2.42' Forge group: 'net.minecraftforge'
[15Aug2026 15:39:13.323] [main/DEBUG] [net.minecraftforge.fml.loading.LibraryFinder/CORE]: Found JAR forge at path C:\Users\ch\.gradle\caches\forge_gradle\minecraft_user_repo\net\minecraftforge\forge\1.16.5-36.2.42_mapped_official_1.16.5\forge-1.16.5-36.2.42_mapped_official_1.16.5.jar
[15Aug2026 15:39:13.324] [main/DEBUG] [net.minecraftforge.fml.loading.LibraryFinder/CORE]: Found JAR mcdata at path C:\Users\ch\.gradle\caches\forge_gradle\minecraft_repo\versions\1.16.5\client-extra.jar
[15Aug2026 15:39:13.324] [main/DEBUG] [net.minecraftforge.userdev.FMLUserdevLaunchProvider/CORE]: Injecting maven path C:\Users\ch\.gradle\caches\forge_gradle\minecraft_user_repo
[15Aug2026 15:39:13.324] [main/DEBUG] [net.minecraftforge.fml.loading.FMLCommonLaunchHandler/CORE]: Got mod coordinates examplemod%%C:\Users\ch\Downloads\McBotAI\build\resources\main;examplemod%%C:\Users\ch\Downloads\McBotAI\build\classes\java\main from env
[15Aug2026 15:39:13.328] [main/DEBUG] [net.minecraftforge.fml.loading.FMLCommonLaunchHandler/CORE]: Found supplied mod coordinates [{examplemod=[C:\Users\ch\Downloads\McBotAI\build\resources\main, C:\Users\ch\Downloads\McBotAI\build\classes\java\main]}]
[15Aug2026 15:39:13.339] [main/DEBUG] [net.minecraftforge.fml.loading.LanguageLoadingProvider/CORE]: Found 2 language providers
[15Aug2026 15:39:13.341] [main/DEBUG] [net.minecraftforge.fml.loading.LanguageLoadingProvider/CORE]: Found language provider javafml, version 36.2
[15Aug2026 15:39:13.355] [main/DEBUG] [net.minecraftforge.fml.loading.LanguageLoadingProvider/CORE]: Found language provider minecraft, version 1
[15Aug2026 15:39:13.356] [main/DEBUG] [net.minecraftforge.fml.loading.LanguageLoadingProvider/CORE]: Skipping adding forge jar - javafml is already present
[15Aug2026 15:39:13.361] [main/DEBUG] [cpw.mods.modlauncher.TransformationServiceDecorator/MODLAUNCHER]: Initialized transformation service fml
[15Aug2026 15:39:13.361] [main/DEBUG] [cpw.mods.modlauncher.NameMappingServiceHandler/MODLAUNCHER]: Current naming domain is 'mcp'
[15Aug2026 15:39:13.363] [main/DEBUG] [cpw.mods.modlauncher.NameMappingServiceHandler/MODLAUNCHER]: Identified name mapping providers {srg=srgtomcp:1234}
[15Aug2026 15:39:13.363] [main/DEBUG] [cpw.mods.modlauncher.TransformationServicesHandler/MODLAUNCHER]: Transformation services begin scanning
[15Aug2026 15:39:13.364] [main/DEBUG] [cpw.mods.modlauncher.TransformationServiceDecorator/MODLAUNCHER]: Beginning scan trigger - transformation service mixin
[15Aug2026 15:39:13.365] [main/DEBUG] [cpw.mods.modlauncher.TransformationServiceDecorator/MODLAUNCHER]: End scan trigger - transformation service mixin
[15Aug2026 15:39:13.365] [main/DEBUG] [cpw.mods.modlauncher.TransformationServiceDecorator/MODLAUNCHER]: Beginning scan trigger - transformation service fml
[15Aug2026 15:39:13.365] [main/DEBUG] [net.minecraftforge.fml.loading.FMLServiceProvider/CORE]: Initiating mod scan
[15Aug2026 15:39:13.461] [main/DEBUG] [net.minecraftforge.fml.loading.LibraryFinder/CORE]: Found JAR classpath_mod at path C:\Users\ch\Downloads\McBotAI\build\resources\main
[15Aug2026 15:39:13.462] [main/DEBUG] [net.minecraftforge.fml.loading.LibraryFinder/CORE]: Found JAR classpath_mod at path C:\Users\ch\.gradle\caches\forge_gradle\minecraft_user_repo\net\minecraftforge\forge\1.16.5-36.2.42_mapped_official_1.16.5\forge-1.16.5-36.2.42_mapped_official_1.16.5.jar
[15Aug2026 15:39:13.463] [main/DEBUG] [net.minecraftforge.userdev.ClasspathLocator/CORE]: Found classpath mod: C:\Users\ch\.gradle\caches\forge_gradle\minecraft_user_repo\net\minecraftforge\forge\1.16.5-36.2.42_mapped_official_1.16.5\forge-1.16.5-36.2.42_mapped_official_1.16.5.jar
[15Aug2026 15:39:13.475] [main/DEBUG] [net.minecraftforge.fml.loading.LibraryFinder/CORE]: Found JAR manifest_jar at path C:\Users\ch\.gradle\caches\forge_gradle\minecraft_user_repo\net\minecraftforge\forge\1.16.5-36.2.42_mapped_official_1.16.5\forge-1.16.5-36.2.42_mapped_official_1.16.5.jar
[15Aug2026 15:39:13.486] [main/DEBUG] [net.minecraftforge.fml.loading.LibraryFinder/CORE]: Found JAR manifest_jar at path C:\Users\ch\.gradle\caches\forge_gradle\minecraft_user_repo\net\minecraftforge\forge\1.16.5-36.2.42_mapped_official_1.16.5\forge-1.16.5-36.2.42_mapped_official_1.16.5-launcher.jar
[15Aug2026 15:39:13.496] [main/DEBUG] [net.minecraftforge.fml.loading.LibraryFinder/CORE]: Found JAR manifest_jar at path C:\Users\ch\.gradle\caches\forge_gradle\minecraft_repo\versions\1.16.5\client-extra.jar
[15Aug2026 15:39:13.750] [main/DEBUG] [net.minecraftforge.fml.loading.LibraryFinder/CORE]: Found JAR manifest_jar at path C:\Users\ch\.gradle\caches\modules-2\files-2.1\net.minecraftforge\accesstransformers\3.0.1\6d23c1b9cb0607fddc38d09730796f68db96f546\accesstransformers-3.0.1.jar
[15Aug2026 15:39:13.754] [main/DEBUG] [net.minecraftforge.fml.loading.LibraryFinder/CORE]: Found JAR manifest_jar at path C:\Users\ch\.gradle\caches\modules-2\files-2.1\net.minecraftforge\eventbus\4.0.0\260e34800723e4c098c4e247cf2b900535e01b6d\eventbus-4.0.0.jar
[15Aug2026 15:39:13.759] [main/DEBUG] [net.minecraftforge.fml.loading.LibraryFinder/CORE]: Found JAR manifest_jar at path C:\Users\ch\.gradle\caches\modules-2\files-2.1\net.minecraftforge\coremods\4.0.6\d6d761379c841e2610abebcbf70ed20b65f728f0\coremods-4.0.6.jar
[15Aug2026 15:39:13.762] [main/DEBUG] [net.minecraftforge.fml.loading.LibraryFinder/CORE]: Found JAR manifest_jar at path C:\Users\ch\.gradle\caches\modules-2\files-2.1\net.minecraftforge\forgespi\3.2.0\c6ca4e4e4a0343701407c760e642537b613b543\forgespi-3.2.0.jar
[15Aug2026 15:39:13.764] [main/DEBUG] [net.minecraftforge.fml.loading.LibraryFinder/CORE]: Found JAR manifest_jar at path C:\Users\ch\.gradle\caches\modules-2\files-2.1\cpw.mods\modlauncher\8.1.3\6d0bfd78e025a87d43985e30907aa9ecbc51b2d6\modlauncher-8.1.3.jar
[15Aug2026 15:39:13.766] [main/DEBUG] [net.minecraftforge.fml.loading.LibraryFinder/CORE]: Found JAR manifest_jar at path C:\Users\ch\.gradle\caches\modules-2\files-2.1\cpw.mods\modlauncher\8.1.3\9b48bef0af2f3e379bbe5915f5cf23bf366d8ddf\modlauncher-8.1.3-api.jar
[15Aug2026 15:39:13.774] [main/DEBUG] [net.minecraftforge.fml.loading.LibraryFinder/CORE]: Found JAR manifest_jar at path C:\Users\ch\.gradle\caches\modules-2\files-2.1\com.google.code.findbugs\jsr305\3.0.2\25ea2e8b0c338a877313bd4672d3fe056ea78f0d\jsr305-3.0.2.jar
[15Aug2026 15:39:13.776] [main/DEBUG] [net.minecraftforge.fml.loading.LibraryFinder/CORE]: Found JAR manifest_jar at path C:\Users\ch\.gradle\caches\modules-2\files-2.1\net.minecraftforge\mergetool\1.0.9\d1e1ba354a40b5703340b5cb02fdca489cff3646\mergetool-1.0.9-api.jar
[15Aug2026 15:39:13.785] [main/DEBUG] [net.minecraftforge.fml.loading.LibraryFinder/CORE]: Found JAR manifest_jar at path C:\Users\ch\.gradle\caches\modules-2\files-2.1\org.ow2.asm\asm-commons\9.6\f1a9e5508eff490744144565c47326c8648be309\asm-commons-9.6.jar
[15Aug2026 15:39:13.787] [main/DEBUG] [net.minecraftforge.fml.loading.LibraryFinder/CORE]: Found JAR manifest_jar at path C:\Users\ch\.gradle\caches\modules-2\files-2.1\org.ow2.asm\asm-util\9.6\f77caf84eb93786a749b2baa40865b9613e3eaee\asm-util-9.6.jar
[15Aug2026 15:39:13.789] [main/DEBUG] [net.minecraftforge.fml.loading.LibraryFinder/CORE]: Found JAR manifest_jar at path C:\Users\ch\.gradle\caches\modules-2\files-2.1\org.ow2.asm\asm-analysis\9.6\9ce6c7b174bd997fc2552dff47964546bd7a5ec3\asm-analysis-9.6.jar
[15Aug2026 15:39:13.790] [main/DEBUG] [net.minecraftforge.fml.loading.LibraryFinder/CORE]: Found JAR manifest_jar at path C:\Users\ch\.gradle\caches\modules-2\files-2.1\org.ow2.asm\asm-tree\9.6\c0cdda9d211e965d2a4448aa3fd86110f2f8c2de\asm-tree-9.6.jar
[15Aug2026 15:39:13.791] [main/DEBUG] [net.minecraftforge.fml.loading.LibraryFinder/CORE]: Found JAR manifest_jar at path C:\Users\ch\.gradle\caches\modules-2\files-2.1\org.ow2.asm\asm\9.6\aa205cf0a06dbd8e04ece91c0b37c3f5d567546a\asm-9.6.jar
[15Aug2026 15:39:13.792] [main/DEBUG] [net.minecraftforge.fml.loading.LibraryFinder/CORE]: Found JAR manifest_jar at path C:\Users\ch\.gradle\caches\modules-2\files-2.1\cpw.mods\grossjava9hacks\1.3.3\e49222512ea6cabdd8b49761cef1d5a207b1f0d9\grossjava9hacks-1.3.3.jar
[15Aug2026 15:39:13.793] [main/DEBUG] [net.minecraftforge.fml.loading.LibraryFinder/CORE]: Found JAR manifest_jar at path C:\Users\ch\.gradle\caches\modules-2\files-2.1\org.antlr\antlr4-runtime\4.9.1\428664f05d2b7f7b7610204b5aa7c1763f62011a\antlr4-runtime-4.9.1.jar
[15Aug2026 15:39:13.794] [main/DEBUG] [net.minecraftforge.fml.loading.LibraryFinder/CORE]: Found JAR manifest_jar at path C:\Users\ch\.gradle\caches\modules-2\files-2.1\net.minecraftforge\unsafe\0.2.0\54d7a0a5e8fdb71b973025caa46f341ae5904f39\unsafe-0.2.0.jar
[15Aug2026 15:39:13.796] [main/DEBUG] [net.minecraftforge.fml.loading.LibraryFinder/CORE]: Found JAR manifest_jar at path C:\Users\ch\.gradle\caches\modules-2\files-2.1\com.electronwill.night-config\toml\3.6.3\2b05b4d606c517da4d1a7b6d2b97d751c92887d7\toml-3.6.3.jar
[15Aug2026 15:39:13.799] [main/DEBUG] [net.minecraftforge.fml.loading.LibraryFinder/CORE]: Found JAR manifest_jar at path C:\Users\ch\.gradle\caches\modules-2\files-2.1\com.electronwill.night-config\core\3.6.3\c601bfeaeb2c0abe7aaa901b0bbe6d1beff49281\core-3.6.3.jar
[15Aug2026 15:39:13.804] [main/DEBUG] [net.minecraftforge.fml.loading.LibraryFinder/CORE]: Found JAR manifest_jar at path C:\Users\ch\.gradle\caches\modules-2\files-2.1\org.jline\jline\3.12.1\de2bd909cb9f8eaa741bd03df4a1bd3f6eb593c7\jline-3.12.1.jar
[15Aug2026 15:39:13.812] [main/DEBUG] [net.minecraftforge.fml.loading.LibraryFinder/CORE]: Found JAR manifest_jar at path C:\Users\ch\.gradle\caches\modules-2\files-2.1\org.apache.maven\maven-artifact\3.6.3\f8ff8032903882376e8d000c51e3e16d20fc7df7\maven-artifact-3.6.3.jar
[15Aug2026 15:39:13.814] [main/DEBUG] [net.minecraftforge.fml.loading.LibraryFinder/CORE]: Found JAR manifest_jar at path C:\Users\ch\.gradle\caches\modules-2\files-2.1\net.jodah\typetools\0.8.3\98f84f353457629e81cc6827224871b1a8faa7af\typetools-0.8.3.jar
[15Aug2026 15:39:13.815] [main/DEBUG] [net.minecraftforge.fml.loading.LibraryFinder/CORE]: Found JAR manifest_jar at path C:\Users\ch\.gradle\caches\modules-2\files-2.1\org.apache.logging.log4j\log4j-slf4j18-impl\2.15.0\88f72ad364bfc3a7cf43186fc17212f2b4bb8d97\log4j-slf4j18-impl-2.15.0.jar
[15Aug2026 15:39:13.816] [main/DEBUG] [net.minecraftforge.fml.loading.LibraryFinder/CORE]: Found JAR manifest_jar at path C:\Users\ch\.gradle\caches\modules-2\files-2.1\net.minecrell\terminalconsoleappender\1.2.0\96d02cd3b384ff015a8fef4223bcb4ccf1717c95\terminalconsoleappender-1.2.0.jar
[15Aug2026 15:39:13.819] [main/DEBUG] [net.minecraftforge.fml.loading.LibraryFinder/CORE]: Found JAR manifest_jar at path C:\Users\ch\.gradle\caches\modules-2\files-2.1\org.apache.logging.log4j\log4j-core\2.15.0\ba55c13d7ac2fd44df9cc8074455719a33f375b9\log4j-core-2.15.0.jar
[15Aug2026 15:39:13.823] [main/DEBUG] [net.minecraftforge.fml.loading.LibraryFinder/CORE]: Found JAR manifest_jar at path C:\Users\ch\.gradle\caches\modules-2\files-2.1\org.apache.logging.log4j\log4j-api\2.15.0\4a5aa7e55a29391c6f66e0b259d5189aa11e45d0\log4j-api-2.15.0.jar
[15Aug2026 15:39:13.824] [main/DEBUG] [net.minecraftforge.fml.loading.LibraryFinder/CORE]: Found JAR manifest_jar at path C:\Users\ch\.gradle\caches\modules-2\files-2.1\net.sf.jopt-simple\jopt-simple\5.0.4\4fdac2fbe92dfad86aa6e9301736f6b4342a3f5c\jopt-simple-5.0.4.jar
[15Aug2026 15:39:13.825] [main/DEBUG] [net.minecraftforge.fml.loading.LibraryFinder/CORE]: Found JAR manifest_jar at path C:\Users\ch\.gradle\caches\modules-2\files-2.1\org.spongepowered\mixin\0.8.4\4ec7d77d9ab32596ca0b78bb123956734767e3a\mixin-0.8.4.jar
[15Aug2026 15:39:13.845] [main/DEBUG] [net.minecraftforge.fml.loading.LibraryFinder/CORE]: Found JAR manifest_jar at path C:\Users\ch\.gradle\caches\modules-2\files-2.1\net.minecraftforge\nashorn-core-compat\15.1.1.1\1817deb38a5a8811148dca0d23161d92bdbd6184\nashorn-core-compat-15.1.1.1.jar
[15Aug2026 15:39:13.847] [main/DEBUG] [net.minecraftforge.fml.loading.LibraryFinder/CORE]: Found JAR manifest_jar at path C:\Users\ch\.gradle\caches\modules-2\files-2.1\com.mojang\patchy\1.3.9\eb8bb7b66fa0e2152b1b40b3856e82f7619439ee\patchy-1.3.9.jar
[15Aug2026 15:39:13.848] [main/DEBUG] [net.minecraftforge.fml.loading.LibraryFinder/CORE]: Found JAR manifest_jar at path C:\Users\ch\.gradle\caches\modules-2\files-2.1\oshi-project\oshi-core\1.1\9ddf7b048a8d701be231c0f4f95fd986198fd2d8\oshi-core-1.1.jar
[15Aug2026 15:39:13.852] [main/DEBUG] [net.minecraftforge.fml.loading.LibraryFinder/CORE]: Found JAR manifest_jar at path C:\Users\ch\.gradle\caches\modules-2\files-2.1\net.java.dev.jna\jna\4.4.0\cb208278274bf12ebdb56c61bd7407e6f774d65a\jna-4.4.0.jar
[15Aug2026 15:39:13.854] [main/DEBUG] [net.minecraftforge.fml.loading.LibraryFinder/CORE]: Found JAR manifest_jar at path C:\Users\ch\.gradle\caches\modules-2\files-2.1\net.java.dev.jna\platform\3.4.0\e3f70017be8100d3d6923f50b3d2ee17714e9c13\platform-3.4.0.jar
[15Aug2026 15:39:13.860] [main/DEBUG] [net.minecraftforge.fml.loading.LibraryFinder/CORE]: Found JAR manifest_jar at path C:\Users\ch\.gradle\caches\modules-2\files-2.1\com.ibm.icu\icu4j\66.1\72c7519b6d91f7a1f993bd44a99fe95d67211b27\icu4j-66.1.jar
[15Aug2026 15:39:13.862] [main/DEBUG] [net.minecraftforge.fml.loading.LibraryFinder/CORE]: Found JAR manifest_jar at path C:\Users\ch\.gradle\caches\modules-2\files-2.1\com.mojang\javabridge\1.0.22\6aa6453aa99a52a5cd91749da1af6ab70e082ab3\javabridge-1.0.22.jar
[15Aug2026 15:39:13.863] [main/DEBUG] [net.minecraftforge.fml.loading.LibraryFinder/CORE]: Found JAR manifest_jar at path C:\Users\ch\.gradle\caches\modules-2\files-2.1\io.netty\netty-all\4.1.25.Final\d0626cd3108294d1d58c05859add27b4ef21f83b\netty-all-4.1.25.Final.jar
[15Aug2026 15:39:13.865] [main/DEBUG] [net.minecraftforge.fml.loading.LibraryFinder/CORE]: Found JAR manifest_jar at path C:\Users\ch\.gradle\caches\modules-2\files-2.1\com.google.guava\guava\21.0\3a3d111be1be1b745edfa7d91678a12d7ed38709\guava-21.0.jar
[15Aug2026 15:39:13.866] [main/DEBUG] [net.minecraftforge.fml.loading.LibraryFinder/CORE]: Found JAR manifest_jar at path C:\Users\ch\.gradle\caches\modules-2\files-2.1\org.apache.commons\commons-lang3\3.8.1\6505a72a097d9270f7a9e7bf42c4238283247755\commons-lang3-3.8.1.jar
[15Aug2026 15:39:13.868] [main/DEBUG] [net.minecraftforge.fml.loading.LibraryFinder/CORE]: Found JAR manifest_jar at path C:\Users\ch\.gradle\caches\modules-2\files-2.1\commons-io\commons-io\2.5\2852e6e05fbb95076fc091f6d1780f1f8fe35e0f\commons-io-2.5.jar
[15Aug2026 15:39:13.870] [main/DEBUG] [net.minecraftforge.fml.loading.LibraryFinder/CORE]: Found JAR manifest_jar at path C:\Users\ch\.gradle\caches\modules-2\files-2.1\org.apache.httpcomponents\httpclient\4.3.3\18f4247ff4572a074444572cee34647c43e7c9c7\httpclient-4.3.3.jar
[15Aug2026 15:39:13.871] [main/DEBUG] [net.minecraftforge.fml.loading.LibraryFinder/CORE]: Found JAR manifest_jar at path C:\Users\ch\.gradle\caches\modules-2\files-2.1\commons-codec\commons-codec\1.10\4b95f4897fa13f2cd904aee711aeafc0c5295cd8\commons-codec-1.10.jar
[15Aug2026 15:39:13.873] [main/DEBUG] [net.minecraftforge.fml.loading.LibraryFinder/CORE]: Found JAR manifest_jar at path C:\Users\ch\.gradle\caches\modules-2\files-2.1\net.java.jinput\jinput\2.0.5\39c7796b469a600f72380316f6b1f11db6c2c7c4\jinput-2.0.5.jar
[15Aug2026 15:39:13.873] [main/DEBUG] [net.minecraftforge.fml.loading.LibraryFinder/CORE]: Found JAR manifest_jar at path C:\Users\ch\.gradle\caches\modules-2\files-2.1\net.java.jutils\jutils\1.0.0\e12fe1fda814bd348c1579329c86943d2cd3c6a6\jutils-1.0.0.jar
[15Aug2026 15:39:13.873] [main/DEBUG] [net.minecraftforge.fml.loading.LibraryFinder/CORE]: Found JAR manifest_jar at path C:\Users\ch\.gradle\caches\modules-2\files-2.1\com.mojang\brigadier\1.0.17\c6b7dc51dd44379cc751b7504816006e9be4b1e6\brigadier-1.0.17.jar
[15Aug2026 15:39:13.874] [main/DEBUG] [net.minecraftforge.fml.loading.LibraryFinder/CORE]: Found JAR manifest_jar at path C:\Users\ch\.gradle\caches\modules-2\files-2.1\com.mojang\datafixerupper\4.0.26\ebd6690f33871ccee9b6132c6480668ee2e35020\datafixerupper-4.0.26.jar
[15Aug2026 15:39:13.875] [main/DEBUG] [net.minecraftforge.fml.loading.LibraryFinder/CORE]: Found JAR manifest_jar at path C:\Users\ch\.gradle\caches\modules-2\files-2.1\com.google.code.gson\gson\2.8.0\c4ba5371a29ac9b2ad6129b1d39ea38750043eff\gson-2.8.0.jar
[15Aug2026 15:39:13.880] [main/DEBUG] [net.minecraftforge.fml.loading.LibraryFinder/CORE]: Found JAR manifest_jar at path C:\Users\ch\.gradle\caches\modules-2\files-2.1\com.mojang\authlib\2.1.28\ad54da276bf59983d02d5ed16fc14541354c71fd\authlib-2.1.28.jar
[15Aug2026 15:39:13.881] [main/DEBUG] [net.minecraftforge.fml.loading.LibraryFinder/CORE]: Found JAR manifest_jar at path C:\Users\ch\.gradle\caches\modules-2\files-2.1\org.apache.commons\commons-compress\1.8.1\a698750c16740fd5b3871425f4cb3bbaa87f529d\commons-compress-1.8.1.jar
[15Aug2026 15:39:13.883] [main/DEBUG] [net.minecraftforge.fml.loading.LibraryFinder/CORE]: Found JAR manifest_jar at path C:\Users\ch\.gradle\caches\modules-2\files-2.1\commons-logging\commons-logging\1.1.3\f6f66e966c70a83ffbdb6f17a0919eaf7c8aca7f\commons-logging-1.1.3.jar
[15Aug2026 15:39:13.884] [main/DEBUG] [net.minecraftforge.fml.loading.LibraryFinder/CORE]: Found JAR manifest_jar at path C:\Users\ch\.gradle\caches\modules-2\files-2.1\org.apache.httpcomponents\httpcore\4.3.2\31fbbff1ddbf98f3aa7377c94d33b0447c646b6e\httpcore-4.3.2.jar
[15Aug2026 15:39:13.886] [main/DEBUG] [net.minecraftforge.fml.loading.LibraryFinder/CORE]: Found JAR manifest_jar at path C:\Users\ch\.gradle\caches\modules-2\files-2.1\it.unimi.dsi\fastutil\8.2.1\5ad88f325e424f8dbc2be5459e21ea5cab3864e9\fastutil-8.2.1.jar
[15Aug2026 15:39:13.887] [main/DEBUG] [net.minecraftforge.fml.loading.LibraryFinder/CORE]: Found JAR manifest_jar at path C:\Users\ch\.gradle\caches\modules-2\files-2.1\org.lwjgl\lwjgl-jemalloc\3.2.2\ee8e57a79300f78294576d87c4a587f8c99402e2\lwjgl-jemalloc-3.2.2.jar
[15Aug2026 15:39:13.889] [main/DEBUG] [net.minecraftforge.fml.loading.LibraryFinder/CORE]: Found JAR manifest_jar at path C:\Users\ch\.gradle\caches\modules-2\files-2.1\org.lwjgl\lwjgl-jemalloc\3.2.2\338b25b99da3ba5f441f6492f2ce2a9c608860ed\lwjgl-jemalloc-3.2.2-natives-windows.jar
[15Aug2026 15:39:13.890] [main/DEBUG] [net.minecraftforge.fml.loading.LibraryFinder/CORE]: Found JAR manifest_jar at path C:\Users\ch\.gradle\caches\modules-2\files-2.1\org.lwjgl\lwjgl-openal\3.2.2\2b772a102b0a11ee5f2109a5b136f4dc7c630827\lwjgl-openal-3.2.2.jar
[15Aug2026 15:39:13.894] [main/DEBUG] [net.minecraftforge.fml.loading.LibraryFinder/CORE]: Found JAR manifest_jar at path C:\Users\ch\.gradle\caches\modules-2\files-2.1\org.lwjgl\lwjgl-openal\3.2.2\ec20a7d42a2438528fca87e60b1705f1e2339ddb\lwjgl-openal-3.2.2-natives-windows.jar
[15Aug2026 15:39:13.895] [main/DEBUG] [net.minecraftforge.fml.loading.LibraryFinder/CORE]: Found JAR manifest_jar at path C:\Users\ch\.gradle\caches\modules-2\files-2.1\org.lwjgl\lwjgl-opengl\3.2.2\6ac5bb88b44c43ea195a570aab059f63da004cd8\lwjgl-opengl-3.2.2.jar
[15Aug2026 15:39:13.896] [main/DEBUG] [net.minecraftforge.fml.loading.LibraryFinder/CORE]: Found JAR manifest_jar at path C:\Users\ch\.gradle\caches\modules-2\files-2.1\org.lwjgl\lwjgl-opengl\3.2.2\d8dcdc91066cae2d2d8279cb4a9f9f05d9525826\lwjgl-opengl-3.2.2-natives-windows.jar
[15Aug2026 15:39:13.898] [main/DEBUG] [net.minecraftforge.fml.loading.LibraryFinder/CORE]: Found JAR manifest_jar at path C:\Users\ch\.gradle\caches\modules-2\files-2.1\org.lwjgl\lwjgl-glfw\3.2.2\d3ad4df38e400b8afba1de63f84338809399df5b\lwjgl-glfw-3.2.2.jar
[15Aug2026 15:39:13.900] [main/DEBUG] [net.minecraftforge.fml.loading.LibraryFinder/CORE]: Found JAR manifest_jar at path C:\Users\ch\.gradle\caches\modules-2\files-2.1\org.lwjgl\lwjgl-glfw\3.2.2\dc6826d636bf796b33a49038c354210e661bfc17\lwjgl-glfw-3.2.2-natives-windows.jar
[15Aug2026 15:39:13.901] [main/DEBUG] [net.minecraftforge.fml.loading.LibraryFinder/CORE]: Found JAR manifest_jar at path C:\Users\ch\.gradle\caches\modules-2\files-2.1\org.lwjgl\lwjgl-stb\3.2.2\3b8e6ebc5851dd3d17e37e5cadce2eff2a429f0f\lwjgl-stb-3.2.2.jar
[15Aug2026 15:39:13.903] [main/DEBUG] [net.minecraftforge.fml.loading.LibraryFinder/CORE]: Found JAR manifest_jar at path C:\Users\ch\.gradle\caches\modules-2\files-2.1\org.lwjgl\lwjgl-stb\3.2.2\811f705cbb29e8ae8d60bdf8fdd38c0c123ad3ef\lwjgl-stb-3.2.2-natives-windows.jar
[15Aug2026 15:39:13.904] [main/DEBUG] [net.minecraftforge.fml.loading.LibraryFinder/CORE]: Found JAR manifest_jar at path C:\Users\ch\.gradle\caches\modules-2\files-2.1\org.lwjgl\lwjgl-tinyfd\3.2.2\fcbe606c8f8da6f8f9a05e2c540eb1ee8632b0e9\lwjgl-tinyfd-3.2.2.jar
[15Aug2026 15:39:13.908] [main/DEBUG] [net.minecraftforge.fml.loading.LibraryFinder/CORE]: Found JAR manifest_jar at path C:\Users\ch\.gradle\caches\modules-2\files-2.1\org.lwjgl\lwjgl-tinyfd\3.2.2\e9115958773644e863332a6a06488d26f9e1fc9f\lwjgl-tinyfd-3.2.2-natives-windows.jar
[15Aug2026 15:39:13.909] [main/DEBUG] [net.minecraftforge.fml.loading.LibraryFinder/CORE]: Found JAR manifest_jar at path C:\Users\ch\.gradle\caches\modules-2\files-2.1\org.lwjgl\lwjgl\3.2.2\8ad6294407e15780b43e84929c40e4c5e997972e\lwjgl-3.2.2.jar
[15Aug2026 15:39:13.913] [main/DEBUG] [net.minecraftforge.fml.loading.LibraryFinder/CORE]: Found JAR manifest_jar at path C:\Users\ch\.gradle\caches\modules-2\files-2.1\org.lwjgl\lwjgl\3.2.2\5359f3aa50d36352815fc662ea73e1c00d22170\lwjgl-3.2.2-natives-windows.jar
[15Aug2026 15:39:13.914] [main/DEBUG] [net.minecraftforge.fml.loading.LibraryFinder/CORE]: Found JAR manifest_jar at path C:\Users\ch\.gradle\caches\modules-2\files-2.1\com.mojang\text2speech\1.11.3\f378f889797edd7df8d32272c06ca80a1b6b0f58\text2speech-1.11.3.jar
[15Aug2026 15:39:13.914] [main/DEBUG] [net.minecraftforge.fml.loading.LibraryFinder/CORE]: Found JAR manifest_jar at path C:\Users\ch\.gradle\caches\modules-2\files-2.1\com.mojang\text2speech\1.11.3\c0b242c0091be5acbf303263c7eeeaedd70544c7\text2speech-1.11.3-natives-windows.jar
[15Aug2026 15:39:13.915] [main/DEBUG] [net.minecraftforge.fml.loading.LibraryFinder/CORE]: Found JAR manifest_jar at path C:\Users\ch\.gradle\caches\modules-2\files-2.1\org.codehaus.plexus\plexus-utils\3.2.1\13b015768e0d04849d2794e4c47eb02d01a0de32\plexus-utils-3.2.1.jar
[15Aug2026 15:39:13.917] [main/DEBUG] [net.minecraftforge.fml.loading.LibraryFinder/CORE]: Found JAR manifest_jar at path C:\Users\ch\.gradle\caches\modules-2\files-2.1\org.slf4j\slf4j-api\1.8.0-beta4\83b0359d847ee053d745be7ec0d8e9e8a44304b4\slf4j-api-1.8.0-beta4.jar
[15Aug2026 15:39:13.918] [main/DEBUG] [net.minecraftforge.fml.loading.LibraryFinder/CORE]: Found JAR manifest_jar at path C:\Users\ch\.gradle\caches\modules-2\files-2.1\org.jline\jline-reader\3.12.1\4382ab1382c7b6f379377ed5f665dc2f6e1218bc\jline-reader-3.12.1.jar
[15Aug2026 15:39:13.921] [main/DEBUG] [net.minecraftforge.fml.loading.LibraryFinder/CORE]: Found JAR manifest_jar at path C:\Users\ch\.gradle\caches\modules-2\files-2.1\org.jline\jline-terminal\3.12.1\c777448314e050d980a6b697c140f3bfe9eb7416\jline-terminal-3.12.1.jar
[15Aug2026 15:39:13.926] [main/DEBUG] [net.minecraftforge.fml.loading.moddiscovery.ModListHandler/CORE]: Found mod coordinates from lists: []
[15Aug2026 15:39:13.983] [main/DEBUG] [net.minecraftforge.fml.loading.moddiscovery.ModDiscoverer/CORE]: Found Mod Locators : (userdev classpath:null),(mods folder:null),(maven libs:null),(exploded directory:null),(minecraft:null)
[15Aug2026 15:39:14.050] [main/DEBUG] [net.minecraftforge.fml.loading.moddiscovery.ExplodedDirectoryLocator/LOADING]: Found exploded directory mod manifest at C:\Users\ch\Downloads\McBotAI\build\resources\main\META-INF\mods.toml
[15Aug2026 15:39:14.055] [main/DEBUG] [net.minecraftforge.fml.loading.moddiscovery.ModFileParser/LOADING]: Considering mod file candidate C:\Users\ch\.gradle\caches\forge_gradle\minecraft_user_repo\net\minecraftforge\forge\1.16.5-36.2.42_mapped_official_1.16.5\forge-1.16.5-36.2.42_mapped_official_1.16.5.jar
[15Aug2026 15:39:14.333] [main/DEBUG] [net.minecraftforge.fml.loading.moddiscovery.ModFileInfo/LOADING]: Found valid mod file forge-1.16.5-36.2.42_mapped_official_1.16.5.jar with {forge} mods - versions {36.2.42}
[15Aug2026 15:39:14.341] [main/DEBUG] [net.minecraftforge.fml.loading.moddiscovery.ModFile/LOADING]: Loading mod file C:\Users\ch\.gradle\caches\forge_gradle\minecraft_user_repo\net\minecraftforge\forge\1.16.5-36.2.42_mapped_official_1.16.5\forge-1.16.5-36.2.42_mapped_official_1.16.5.jar with language javafml
[15Aug2026 15:39:14.431] [main/DEBUG] [net.minecraftforge.fml.loading.moddiscovery.ModFileParser/LOADING]: Found coremod fieldtomethodtransformers with Javascript path META-INF/fieldtomethodtransformers.js
[15Aug2026 15:39:14.433] [main/DEBUG] [net.minecraftforge.fml.loading.moddiscovery.ModFileParser/LOADING]: Found coremod field_to_instanceof with Javascript path coremods/field_to_instanceof.js
[15Aug2026 15:39:14.434] [main/DEBUG] [net.minecraftforge.fml.loading.moddiscovery.ModFileParser/LOADING]: Found coremod add_bouncer_method with Javascript path coremods/add_bouncer_method.js
[15Aug2026 15:39:14.435] [main/DEBUG] [net.minecraftforge.fml.loading.moddiscovery.ModFile/LOADING]: Found coremod META-INF/fieldtomethodtransformers.js
[15Aug2026 15:39:14.435] [main/DEBUG] [net.minecraftforge.fml.loading.moddiscovery.ModFile/LOADING]: Found coremod coremods/field_to_instanceof.js
[15Aug2026 15:39:14.437] [main/DEBUG] [net.minecraftforge.fml.loading.moddiscovery.ModFile/LOADING]: Found coremod coremods/add_bouncer_method.js
[15Aug2026 15:39:14.437] [main/DEBUG] [net.minecraftforge.fml.loading.moddiscovery.ModFileParser/LOADING]: Considering mod file candidate C:\Users\ch\Downloads\McBotAI\build\resources\main
[15Aug2026 15:39:14.448] [main/DEBUG] [net.minecraftforge.fml.loading.moddiscovery.ModFileInfo/LOADING]: Found valid mod file main with {mcbotai} mods - versions {v0.0.1}
[15Aug2026 15:39:14.452] [main/DEBUG] [net.minecraftforge.fml.loading.moddiscovery.ModFile/LOADING]: Loading mod file C:\Users\ch\Downloads\McBotAI\build\resources\main with language javafml
[15Aug2026 15:39:14.459] [main/DEBUG] [net.minecraftforge.fml.loading.moddiscovery.ModFileParser/LOADING]: Considering mod file candidate C:\Users\ch\.gradle\caches\forge_gradle\minecraft_repo\versions\1.16.5\client-extra.jar
[15Aug2026 15:39:14.472] [main/DEBUG] [net.minecraftforge.fml.loading.moddiscovery.ModFileInfo/LOADING]: Found valid mod file client-extra.jar with {minecraft} mods - versions {1.16.5}
[15Aug2026 15:39:14.669] [main/DEBUG] [net.minecraftforge.fml.loading.moddiscovery.ModFile/LOADING]: Loading mod file C:\Users\ch\.gradle\caches\forge_gradle\minecraft_repo\versions\1.16.5\client-extra.jar with language minecraft
[15Aug2026 15:39:14.725] [main/DEBUG] [net.minecraftforge.fml.loading.ModSorter/LOADING]: Found 2 mod requirements (2 mandatory, 0 optional)
[15Aug2026 15:39:14.727] [main/DEBUG] [net.minecraftforge.fml.loading.ModSorter/LOADING]: Found 0 mod requirements missing (0 mandatory, 0 optional)
[15Aug2026 15:39:15.572] [main/DEBUG] [net.minecraftforge.userdev.MCPNamingService/CORE]: Loaded 23212 method mappings from methods.csv
[15Aug2026 15:39:15.663] [main/DEBUG] [net.minecraftforge.userdev.MCPNamingService/CORE]: Loaded 19841 field mappings from fields.csv
[15Aug2026 15:39:15.712] [main/DEBUG] [cpw.mods.modlauncher.TransformationServiceDecorator/MODLAUNCHER]: End scan trigger - transformation service fml
[15Aug2026 15:39:15.714] [main/DEBUG] [cpw.mods.modlauncher.TransformationServicesHandler/MODLAUNCHER]: Transformation services loading transformers
[15Aug2026 15:39:15.718] [main/DEBUG] [cpw.mods.modlauncher.TransformationServiceDecorator/MODLAUNCHER]: Initializing transformers for transformation service mixin
[15Aug2026 15:39:15.719] [main/DEBUG] [cpw.mods.modlauncher.TransformationServiceDecorator/MODLAUNCHER]: Initialized transformers for transformation service mixin
[15Aug2026 15:39:15.720] [main/DEBUG] [cpw.mods.modlauncher.TransformationServiceDecorator/MODLAUNCHER]: Initializing transformers for transformation service fml
[15Aug2026 15:39:15.721] [main/DEBUG] [net.minecraftforge.fml.loading.FMLServiceProvider/CORE]: Loading coremod transformers
[15Aug2026 15:39:15.722] [main/DEBUG] [net.minecraftforge.coremod.CoreModEngine/COREMOD]: Loading CoreMod from META-INF/fieldtomethodtransformers.js
[15Aug2026 15:39:16.274] [main/DEBUG] [net.minecraftforge.coremod.CoreModEngine/COREMOD]: CoreMod loaded successfully
[15Aug2026 15:39:16.275] [main/DEBUG] [net.minecraftforge.coremod.CoreModEngine/COREMOD]: Loading CoreMod from coremods/field_to_instanceof.js
[15Aug2026 15:39:16.919] [main/DEBUG] [net.minecraftforge.coremod.CoreModEngine/COREMOD]: CoreMod loaded successfully
[15Aug2026 15:39:16.920] [main/DEBUG] [net.minecraftforge.coremod.CoreModEngine/COREMOD]: Loading CoreMod from coremods/add_bouncer_method.js
[15Aug2026 15:39:17.098] [main/DEBUG] [net.minecraftforge.coremod.CoreModEngine/COREMOD]: CoreMod loaded successfully
[15Aug2026 15:39:17.164] [main/DEBUG] [cpw.mods.modlauncher.TransformStore/MODLAUNCHER]: Adding transformer net.minecraftforge.coremod.transformer.CoreModMethodTransformer@703feacd to Target : METHOD {Lnet/minecraft/client/entity/player/AbstractClientPlayerEntity;} {getFieldOfViewModifier} {()F}
[15Aug2026 15:39:17.168] [main/DEBUG] [cpw.mods.modlauncher.TransformStore/MODLAUNCHER]: Adding transformer net.minecraftforge.coremod.transformer.CoreModMethodTransformer@13cd7ea5 to Target : METHOD {Lnet/minecraft/client/renderer/FirstPersonRenderer;} {renderHandsWithItems} {(FLcom/mojang/blaze3d/matrix/MatrixStack;Lnet/minecraft/client/renderer/IRenderTypeBuffer$Impl;Lnet/minecraft/client/entity/player/ClientPlayerEntity;I)V}
[15Aug2026 15:39:17.168] [main/DEBUG] [cpw.mods.modlauncher.TransformStore/MODLAUNCHER]: Adding transformer net.minecraftforge.coremod.transformer.CoreModMethodTransformer@102d92c4 to Target : METHOD {Lnet/minecraft/client/renderer/entity/model/SkeletonModel;} {prepareMobModel} {(Lnet/minecraft/entity/MobEntity;FFF)V}
[15Aug2026 15:39:17.169] [main/DEBUG] [cpw.mods.modlauncher.TransformStore/MODLAUNCHER]: Adding transformer net.minecraftforge.coremod.transformer.CoreModMethodTransformer@2b97cc1f to Target : METHOD {Lnet/minecraft/client/renderer/entity/model/SkeletonModel;} {setupAnim} {(Lnet/minecraft/entity/MobEntity;FFFFF)V}
[15Aug2026 15:39:17.170] [main/DEBUG] [cpw.mods.modlauncher.TransformStore/MODLAUNCHER]: Adding transformer net.minecraftforge.coremod.transformer.CoreModMethodTransformer@60723d6a to Target : METHOD {Lnet/minecraft/entity/monster/AbstractSkeletonEntity;} {canFireProjectileWeapon} {(Lnet/minecraft/item/ShootableItem;)Z}
[15Aug2026 15:39:17.171] [main/DEBUG] [cpw.mods.modlauncher.TransformStore/MODLAUNCHER]: Adding transformer net.minecraftforge.coremod.transformer.CoreModMethodTransformer@18324f97 to Target : METHOD {Lnet/minecraft/entity/monster/AbstractSkeletonEntity;} {reassessWeaponGoal} {()V}
[15Aug2026 15:39:17.171] [main/DEBUG] [cpw.mods.modlauncher.TransformStore/MODLAUNCHER]: Adding transformer net.minecraftforge.coremod.transformer.CoreModMethodTransformer@64f555e7 to Target : METHOD {Lnet/minecraft/client/renderer/FirstPersonRenderer;} {renderHandsWithItems} {(FLcom/mojang/blaze3d/matrix/MatrixStack;Lnet/minecraft/client/renderer/IRenderTypeBuffer$Impl;Lnet/minecraft/client/entity/player/ClientPlayerEntity;I)V}
[15Aug2026 15:39:17.172] [main/DEBUG] [cpw.mods.modlauncher.TransformStore/MODLAUNCHER]: Adding transformer net.minecraftforge.coremod.transformer.CoreModMethodTransformer@71178a52 to Target : METHOD {Lnet/minecraft/client/renderer/FirstPersonRenderer;} {renderArmWithItem} {(Lnet/minecraft/client/entity/player/AbstractClientPlayerEntity;FFLnet/minecraft/util/Hand;FLnet/minecraft/item/ItemStack;FLcom/mojang/blaze3d/matrix/MatrixStack;Lnet/minecraft/client/renderer/IRenderTypeBuffer;I)V}
[15Aug2026 15:39:17.172] [main/DEBUG] [cpw.mods.modlauncher.TransformStore/MODLAUNCHER]: Adding transformer net.minecraftforge.coremod.transformer.CoreModMethodTransformer@ff6077 to Target : METHOD {Lnet/minecraft/client/renderer/entity/PlayerRenderer;} {getArmPose} {(Lnet/minecraft/client/entity/player/AbstractClientPlayerEntity;Lnet/minecraft/util/Hand;)Lnet/minecraft/client/renderer/entity/model/BipedModel$ArmPose;}
[15Aug2026 15:39:17.173] [main/DEBUG] [cpw.mods.modlauncher.TransformStore/MODLAUNCHER]: Adding transformer net.minecraftforge.coremod.transformer.CoreModMethodTransformer@abbc908 to Target : METHOD {Lnet/minecraft/entity/monster/PillagerEntity;} {canFireProjectileWeapon} {(Lnet/minecraft/item/ShootableItem;)Z}
[15Aug2026 15:39:17.175] [main/DEBUG] [cpw.mods.modlauncher.TransformStore/MODLAUNCHER]: Adding transformer net.minecraftforge.coremod.transformer.CoreModMethodTransformer@44afefd5 to Target : METHOD {Lnet/minecraft/entity/monster/PillagerEntity;} {enchantSpawnedWeapon} {(F)V}
[15Aug2026 15:39:17.176] [main/DEBUG] [cpw.mods.modlauncher.TransformStore/MODLAUNCHER]: Adding transformer net.minecraftforge.coremod.transformer.CoreModMethodTransformer@9a7a808 to Target : METHOD {Lnet/minecraft/entity/monster/piglin/PiglinEntity;} {canReplaceCurrentItem} {(Lnet/minecraft/item/ItemStack;Lnet/minecraft/item/ItemStack;)Z}
[15Aug2026 15:39:17.179] [main/DEBUG] [cpw.mods.modlauncher.TransformStore/MODLAUNCHER]: Adding transformer net.minecraftforge.coremod.transformer.CoreModMethodTransformer@72209d93 to Target : METHOD {Lnet/minecraft/entity/monster/piglin/PiglinEntity;} {canFireProjectileWeapon} {(Lnet/minecraft/item/ShootableItem;)Z}
[15Aug2026 15:39:17.180] [main/DEBUG] [cpw.mods.modlauncher.TransformStore/MODLAUNCHER]: Adding transformer net.minecraftforge.coremod.transformer.CoreModMethodTransformer@2687f956 to Target : METHOD {Lnet/minecraft/item/CrossbowItem;} {getShootingPower} {(Lnet/minecraft/item/ItemStack;)F}
[15Aug2026 15:39:17.180] [main/DEBUG] [cpw.mods.modlauncher.TransformStore/MODLAUNCHER]: Adding transformer net.minecraftforge.coremod.transformer.CoreModMethodTransformer@1ded7b14 to Target : METHOD {Lnet/minecraft/item/Item;} {useOnRelease} {(Lnet/minecraft/item/ItemStack;)Z}
[15Aug2026 15:39:17.180] [main/DEBUG] [cpw.mods.modlauncher.TransformStore/MODLAUNCHER]: Adding transformer net.minecraftforge.coremod.transformer.CoreModMethodTransformer@29be7749 to Target : METHOD {Lnet/minecraft/client/renderer/FirstPersonRenderer;} {renderArmWithItem} {(Lnet/minecraft/client/entity/player/AbstractClientPlayerEntity;FFLnet/minecraft/util/Hand;FLnet/minecraft/item/ItemStack;FLcom/mojang/blaze3d/matrix/MatrixStack;Lnet/minecraft/client/renderer/IRenderTypeBuffer;I)V}
[15Aug2026 15:39:17.181] [main/DEBUG] [cpw.mods.modlauncher.TransformStore/MODLAUNCHER]: Adding transformer net.minecraftforge.coremod.transformer.CoreModMethodTransformer@5f84abe8 to Target : METHOD {Lnet/minecraft/entity/item/ItemFrameEntity;} {removeFramedMap} {(Lnet/minecraft/item/ItemStack;)V}
[15Aug2026 15:39:17.181] [main/DEBUG] [cpw.mods.modlauncher.TransformStore/MODLAUNCHER]: Adding transformer net.minecraftforge.coremod.transformer.CoreModMethodTransformer@4650a407 to Target : METHOD {Lnet/minecraft/inventory/container/CartographyContainer$3;} {mayPlace} {(Lnet/minecraft/item/ItemStack;)Z}
[15Aug2026 15:39:17.182] [main/DEBUG] [cpw.mods.modlauncher.TransformStore/MODLAUNCHER]: Adding transformer net.minecraftforge.coremod.transformer.CoreModMethodTransformer@30135202 to Target : METHOD {Lnet/minecraft/inventory/container/CartographyContainer;} {quickMoveStack} {(Lnet/minecraft/entity/player/PlayerEntity;I)Lnet/minecraft/item/ItemStack;}
[15Aug2026 15:39:17.182] [main/DEBUG] [cpw.mods.modlauncher.TransformStore/MODLAUNCHER]: Adding transformer net.minecraftforge.coremod.transformer.CoreModMethodTransformer@6a4d7f76 to Target : METHOD {Lnet/minecraft/item/ItemStack;} {getTooltipLines} {(Lnet/minecraft/entity/player/PlayerEntity;Lnet/minecraft/client/util/ITooltipFlag;)Ljava/util/List;}
[15Aug2026 15:39:17.183] [main/DEBUG] [cpw.mods.modlauncher.TransformStore/MODLAUNCHER]: Adding transformer net.minecraftforge.coremod.transformer.CoreModMethodTransformer@10ec523c to Target : METHOD {Lnet/minecraft/client/renderer/entity/FishRenderer;} {render} {(Lnet/minecraft/entity/projectile/FishingBobberEntity;FFLcom/mojang/blaze3d/matrix/MatrixStack;Lnet/minecraft/client/renderer/IRenderTypeBuffer;I)V}
[15Aug2026 15:39:17.183] [main/DEBUG] [cpw.mods.modlauncher.TransformStore/MODLAUNCHER]: Adding transformer net.minecraftforge.coremod.transformer.CoreModMethodTransformer@53dfacba to Target : METHOD {Lnet/minecraft/entity/projectile/FishingBobberEntity;} {shouldStopFishing} {(Lnet/minecraft/entity/player/PlayerEntity;)Z}
[15Aug2026 15:39:17.183] [main/DEBUG] [cpw.mods.modlauncher.TransformStore/MODLAUNCHER]: Adding transformer net.minecraftforge.coremod.transformer.CoreModMethodTransformer@79767781 to Target : METHOD {Lnet/minecraft/block/BeehiveBlock;} {use} {(Lnet/minecraft/block/BlockState;Lnet/minecraft/world/World;Lnet/minecraft/util/math/BlockPos;Lnet/minecraft/entity/player/PlayerEntity;Lnet/minecraft/util/Hand;Lnet/minecraft/util/math/BlockRayTraceResult;)Lnet/minecraft/util/ActionResultType;}
[15Aug2026 15:39:17.184] [main/DEBUG] [cpw.mods.modlauncher.TransformStore/MODLAUNCHER]: Adding transformer net.minecraftforge.coremod.transformer.CoreModMethodTransformer@78411116 to Target : METHOD {Lnet/minecraft/block/PumpkinBlock;} {use} {(Lnet/minecraft/block/BlockState;Lnet/minecraft/world/World;Lnet/minecraft/util/math/BlockPos;Lnet/minecraft/entity/player/PlayerEntity;Lnet/minecraft/util/Hand;Lnet/minecraft/util/math/BlockRayTraceResult;)Lnet/minecraft/util/ActionResultType;}
[15Aug2026 15:39:17.184] [main/DEBUG] [cpw.mods.modlauncher.TransformStore/MODLAUNCHER]: Adding transformer net.minecraftforge.coremod.transformer.CoreModMethodTransformer@aced190 to Target : METHOD {Lnet/minecraft/block/TripWireBlock;} {playerWillDestroy} {(Lnet/minecraft/world/World;Lnet/minecraft/util/math/BlockPos;Lnet/minecraft/block/BlockState;Lnet/minecraft/entity/player/PlayerEntity;)V}
[15Aug2026 15:39:17.186] [main/DEBUG] [cpw.mods.modlauncher.TransformStore/MODLAUNCHER]: Adding transformer net.minecraftforge.coremod.transformer.CoreModMethodTransformer@245a060f to Target : METHOD {Lnet/minecraft/enchantment/EfficiencyEnchantment;} {canEnchant} {(Lnet/minecraft/item/ItemStack;)Z}
[15Aug2026 15:39:17.187] [main/DEBUG] [cpw.mods.modlauncher.TransformStore/MODLAUNCHER]: Adding transformer net.minecraftforge.coremod.transformer.CoreModMethodTransformer@6edaa77a to Target : METHOD {Lnet/minecraft/entity/passive/MooshroomEntity;} {mobInteract} {(Lnet/minecraft/entity/player/PlayerEntity;Lnet/minecraft/util/Hand;)Lnet/minecraft/util/ActionResultType;}
[15Aug2026 15:39:17.187] [main/DEBUG] [cpw.mods.modlauncher.TransformStore/MODLAUNCHER]: Adding transformer net.minecraftforge.coremod.transformer.CoreModMethodTransformer@1e63d216 to Target : METHOD {Lnet/minecraft/entity/passive/SheepEntity;} {mobInteract} {(Lnet/minecraft/entity/player/PlayerEntity;Lnet/minecraft/util/Hand;)Lnet/minecraft/util/ActionResultType;}
[15Aug2026 15:39:17.187] [main/DEBUG] [cpw.mods.modlauncher.TransformStore/MODLAUNCHER]: Adding transformer net.minecraftforge.coremod.transformer.CoreModMethodTransformer@62ddd21b to Target : METHOD {Lnet/minecraft/entity/passive/SnowGolemEntity;} {mobInteract} {(Lnet/minecraft/entity/player/PlayerEntity;Lnet/minecraft/util/Hand;)Lnet/minecraft/util/ActionResultType;}
[15Aug2026 15:39:17.188] [main/DEBUG] [cpw.mods.modlauncher.TransformStore/MODLAUNCHER]: Adding transformer net.minecraftforge.coremod.transformer.CoreModClassTransformer@2d195ee4 to Target : CLASS {Lnet/minecraft/potion/EffectInstance;} {} {V}
[15Aug2026 15:39:17.188] [main/DEBUG] [cpw.mods.modlauncher.TransformStore/MODLAUNCHER]: Adding transformer net.minecraftforge.coremod.transformer.CoreModClassTransformer@2d6aca33 to Target : CLASS {Lnet/minecraft/block/FlowingFluidBlock;} {} {V}
[15Aug2026 15:39:17.188] [main/DEBUG] [cpw.mods.modlauncher.TransformStore/MODLAUNCHER]: Adding transformer net.minecraftforge.coremod.transformer.CoreModClassTransformer@21ab988f to Target : CLASS {Lnet/minecraft/item/BucketItem;} {} {V}
[15Aug2026 15:39:17.189] [main/DEBUG] [cpw.mods.modlauncher.TransformStore/MODLAUNCHER]: Adding transformer net.minecraftforge.coremod.transformer.CoreModClassTransformer@29314cc9 to Target : CLASS {Lnet/minecraft/block/StairsBlock;} {} {V}
[15Aug2026 15:39:17.189] [main/DEBUG] [cpw.mods.modlauncher.TransformStore/MODLAUNCHER]: Adding transformer net.minecraftforge.coremod.transformer.CoreModClassTransformer@4e38d975 to Target : CLASS {Lnet/minecraft/block/FlowerPotBlock;} {} {V}
[15Aug2026 15:39:17.191] [main/DEBUG] [cpw.mods.modlauncher.TransformStore/MODLAUNCHER]: Adding transformer net.minecraftforge.coremod.transformer.CoreModClassTransformer@35f8a9d3 to Target : CLASS {Lnet/minecraft/item/FishBucketItem;} {} {V}
[15Aug2026 15:39:17.192] [main/DEBUG] [cpw.mods.modlauncher.TransformStore/MODLAUNCHER]: Adding transformer net.minecraftforge.coremod.transformer.CoreModClassTransformer@48ea2003 to Target : CLASS {Lnet/minecraft/item/ItemStack;} {} {V}
[15Aug2026 15:39:17.193] [main/DEBUG] [cpw.mods.modlauncher.TransformStore/MODLAUNCHER]: Adding transformer net.minecraftforge.coremod.transformer.CoreModClassTransformer@6b1e7ad3 to Target : CLASS {Lnet/minecraft/network/play/client/CClientSettingsPacket;} {} {V}
[15Aug2026 15:39:17.193] [main/DEBUG] [cpw.mods.modlauncher.TransformStore/MODLAUNCHER]: Adding transformer net.minecraftforge.coremod.transformer.CoreModClassTransformer@63e5e5b4 to Target : CLASS {Lnet/minecraft/util/math/vector/TransformationMatrix;} {} {V}
[15Aug2026 15:39:17.194] [main/DEBUG] [cpw.mods.modlauncher.TransformStore/MODLAUNCHER]: Adding transformer net.minecraftforge.coremod.transformer.CoreModClassTransformer@13a37e2a to Target : CLASS {Lnet/minecraft/util/math/vector/TransformationMatrix;} {} {V}
[15Aug2026 15:39:17.194] [main/DEBUG] [cpw.mods.modlauncher.TransformationServiceDecorator/MODLAUNCHER]: Initialized transformers for transformation service fml
[15Aug2026 15:39:17.332] [main/DEBUG] [mixin/]: Processing prepare() for PlatformAgent[MixinPlatformAgentDefault:ModLauncher Root Container(ModLauncher:4f56a0a2)]
[15Aug2026 15:39:17.332] [main/DEBUG] [mixin/]: Processing launch tasks for PlatformAgent[MixinPlatformAgentDefault:ModLauncher Root Container(ModLauncher:4f56a0a2)]
[15Aug2026 15:39:17.333] [main/DEBUG] [mixin/]: Adding mixin platform agents for container ContainerHandleModLauncher.Resource(client-extra.jar:C:\Users\ch\.gradle\caches\forge_gradle\minecraft_repo\versions\1.16.5\client-extra.jar)
[15Aug2026 15:39:17.334] [main/DEBUG] [mixin/]: Instancing new MixinPlatformAgentMinecraftForge for ContainerHandleModLauncher.Resource(client-extra.jar:C:\Users\ch\.gradle\caches\forge_gradle\minecraft_repo\versions\1.16.5\client-extra.jar)
[15Aug2026 15:39:17.335] [main/DEBUG] [mixin/]: MixinPlatformAgentMinecraftForge rejected container ContainerHandleModLauncher.Resource(client-extra.jar:C:\Users\ch\.gradle\caches\forge_gradle\minecraft_repo\versions\1.16.5\client-extra.jar)
[15Aug2026 15:39:17.336] [main/DEBUG] [mixin/]: Instancing new MixinPlatformAgentDefault for ContainerHandleModLauncher.Resource(client-extra.jar:C:\Users\ch\.gradle\caches\forge_gradle\minecraft_repo\versions\1.16.5\client-extra.jar)
[15Aug2026 15:39:17.336] [main/DEBUG] [mixin/]: MixinPlatformAgentDefault accepted container ContainerHandleModLauncher.Resource(client-extra.jar:C:\Users\ch\.gradle\caches\forge_gradle\minecraft_repo\versions\1.16.5\client-extra.jar)
[15Aug2026 15:39:17.337] [main/DEBUG] [mixin/]: Processing prepare() for PlatformAgent[MixinPlatformAgentDefault:ContainerHandleModLauncher.Resource(client-extra.jar:C:\Users\ch\.gradle\caches\forge_gradle\minecraft_repo\versions\1.16.5\client-extra.jar)]
[15Aug2026 15:39:17.338] [main/DEBUG] [mixin/]: Adding mixin platform agents for container ContainerHandleModLauncher.Resource(forge-1.16.5-36.2.42_mapped_official_1.16.5.jar:C:\Users\ch\.gradle\caches\forge_gradle\minecraft_user_repo\net\minecraftforge\forge\1.16.5-36.2.42_mapped_official_1.16.5\forge-1.16.5-36.2.42_mapped_official_1.16.5.jar)
[15Aug2026 15:39:17.339] [main/DEBUG] [mixin/]: Instancing new MixinPlatformAgentMinecraftForge for ContainerHandleModLauncher.Resource(forge-1.16.5-36.2.42_mapped_official_1.16.5.jar:C:\Users\ch\.gradle\caches\forge_gradle\minecraft_user_repo\net\minecraftforge\forge\1.16.5-36.2.42_mapped_official_1.16.5\forge-1.16.5-36.2.42_mapped_official_1.16.5.jar)
[15Aug2026 15:39:17.339] [main/DEBUG] [mixin/]: MixinPlatformAgentMinecraftForge rejected container ContainerHandleModLauncher.Resource(forge-1.16.5-36.2.42_mapped_official_1.16.5.jar:C:\Users\ch\.gradle\caches\forge_gradle\minecraft_user_repo\net\minecraftforge\forge\1.16.5-36.2.42_mapped_official_1.16.5\forge-1.16.5-36.2.42_mapped_official_1.16.5.jar)
[15Aug2026 15:39:17.340] [main/DEBUG] [mixin/]: Instancing new MixinPlatformAgentDefault for ContainerHandleModLauncher.Resource(forge-1.16.5-36.2.42_mapped_official_1.16.5.jar:C:\Users\ch\.gradle\caches\forge_gradle\minecraft_user_repo\net\minecraftforge\forge\1.16.5-36.2.42_mapped_official_1.16.5\forge-1.16.5-36.2.42_mapped_official_1.16.5.jar)
[15Aug2026 15:39:17.340] [main/DEBUG] [mixin/]: MixinPlatformAgentDefault accepted container ContainerHandleModLauncher.Resource(forge-1.16.5-36.2.42_mapped_official_1.16.5.jar:C:\Users\ch\.gradle\caches\forge_gradle\minecraft_user_repo\net\minecraftforge\forge\1.16.5-36.2.42_mapped_official_1.16.5\forge-1.16.5-36.2.42_mapped_official_1.16.5.jar)
[15Aug2026 15:39:17.341] [main/DEBUG] [mixin/]: Processing prepare() for PlatformAgent[MixinPlatformAgentDefault:ContainerHandleModLauncher.Resource(forge-1.16.5-36.2.42_mapped_official_1.16.5.jar:C:\Users\ch\.gradle\caches\forge_gradle\minecraft_user_repo\net\minecraftforge\forge\1.16.5-36.2.42_mapped_official_1.16.5\forge-1.16.5-36.2.42_mapped_official_1.16.5.jar)]
[15Aug2026 15:39:17.341] [main/DEBUG] [mixin/]: Adding mixin platform agents for container ContainerHandleModLauncher.Resource(main:C:\Users\ch\Downloads\McBotAI\build\resources\main)
[15Aug2026 15:39:17.342] [main/DEBUG] [mixin/]: Instancing new MixinPlatformAgentMinecraftForge for ContainerHandleModLauncher.Resource(main:C:\Users\ch\Downloads\McBotAI\build\resources\main)
[15Aug2026 15:39:17.344] [main/DEBUG] [mixin/]: MixinPlatformAgentMinecraftForge rejected container ContainerHandleModLauncher.Resource(main:C:\Users\ch\Downloads\McBotAI\build\resources\main)
[15Aug2026 15:39:17.345] [main/DEBUG] [mixin/]: Instancing new MixinPlatformAgentDefault for ContainerHandleModLauncher.Resource(main:C:\Users\ch\Downloads\McBotAI\build\resources\main)
[15Aug2026 15:39:17.346] [main/DEBUG] [mixin/]: MixinPlatformAgentDefault accepted container ContainerHandleModLauncher.Resource(main:C:\Users\ch\Downloads\McBotAI\build\resources\main)
[15Aug2026 15:39:17.347] [main/DEBUG] [mixin/]: Processing prepare() for PlatformAgent[MixinPlatformAgentDefault:ContainerHandleModLauncher.Resource(main:C:\Users\ch\Downloads\McBotAI\build\resources\main)]
[15Aug2026 15:39:17.348] [main/DEBUG] [mixin/]: inject() running with 4 agents
[15Aug2026 15:39:17.349] [main/DEBUG] [mixin/]: Processing inject() for PlatformAgent[MixinPlatformAgentDefault:ModLauncher Root Container(ModLauncher:4f56a0a2)]
[15Aug2026 15:39:17.350] [main/DEBUG] [mixin/]: Processing inject() for PlatformAgent[MixinPlatformAgentDefault:ContainerHandleModLauncher.Resource(client-extra.jar:C:\Users\ch\.gradle\caches\forge_gradle\minecraft_repo\versions\1.16.5\client-extra.jar)]
[15Aug2026 15:39:17.350] [main/DEBUG] [mixin/]: Processing inject() for PlatformAgent[MixinPlatformAgentDefault:ContainerHandleModLauncher.Resource(forge-1.16.5-36.2.42_mapped_official_1.16.5.jar:C:\Users\ch\.gradle\caches\forge_gradle\minecraft_user_repo\net\minecraftforge\forge\1.16.5-36.2.42_mapped_official_1.16.5\forge-1.16.5-36.2.42_mapped_official_1.16.5.jar)]
[15Aug2026 15:39:17.352] [main/DEBUG] [mixin/]: Processing inject() for PlatformAgent[MixinPlatformAgentDefault:ContainerHandleModLauncher.Resource(main:C:\Users\ch\Downloads\McBotAI\build\resources\main)]
[15Aug2026 15:39:17.353] [main/INFO] [cpw.mods.modlauncher.LaunchServiceHandler/MODLAUNCHER]: Launching target 'fmluserdevclient' with arguments [--version, MOD_DEV, --gameDir, ., --assetsDir, C:\Users\ch\.gradle\caches\forge_gradle\assets, --assetIndex, 1.16, --username, Dev, --accessToken, ????????, --userProperties, {}]
[15Aug2026 15:39:17.355] [main/DEBUG] [net.minecraftforge.userdev.FMLUserdevClientLaunchProvider/CORE]: Launching minecraft in cpw.mods.modlauncher.TransformingClassLoader@3e83c18 with arguments [--version, MOD_DEV, --gameDir, ., --assetsDir, C:\Users\ch\.gradle\caches\forge_gradle\assets, --assetIndex, 1.16, --username, Dev, --accessToken, DONT_CRASH, --userProperties, {}]
[15Aug2026 15:39:17.624] [main/DEBUG] [mixin/]: Error cleaning class output directory: .mixin.out
[15Aug2026 15:39:17.643] [main/DEBUG] [mixin/]: Preparing mixins for MixinEnvironment[DEFAULT]
[15Aug2026 15:39:19.021] [main/DEBUG] [io.netty.util.internal.logging.InternalLoggerFactory/]: Using SLF4J as the default logging framework
[15Aug2026 15:39:19.023] [main/DEBUG] [io.netty.util.ResourceLeakDetector/]: -Dio.netty.leakDetection.level: simple
[15Aug2026 15:39:19.030] [main/DEBUG] [io.netty.util.ResourceLeakDetector/]: -Dio.netty.leakDetection.targetRecords: 4
[15Aug2026 15:39:20.561] [pool-3-thread-1/DEBUG] [net.minecraftforge.coremod.transformer.CoreModBaseTransformer/COREMOD]: Transforming useOnRelease with desc (Lnet/minecraft/item/ItemStack;)Z
[15Aug2026 15:39:21.498] [pool-3-thread-1/DEBUG] [net.minecraftforge.coremod.transformer.CoreModBaseTransformer/COREMOD]: Transforming net/minecraft/block/FlowingFluidBlock
[15Aug2026 15:39:21.623] [pool-3-thread-1/DEBUG] [net.minecraftforge.coremod.transformer.CoreModBaseTransformer/COREMOD]: Transforming net/minecraft/block/StairsBlock
[15Aug2026 15:39:21.728] [pool-3-thread-1/DEBUG] [net.minecraftforge.coremod.transformer.CoreModBaseTransformer/COREMOD]: Transforming use with desc (Lnet/minecraft/block/BlockState;Lnet/minecraft/world/World;Lnet/minecraft/util/math/BlockPos;Lnet/minecraft/entity/player/PlayerEntity;Lnet/minecraft/util/Hand;Lnet/minecraft/util/math/BlockRayTraceResult;)Lnet/minecraft/util/ActionResultType;
[15Aug2026 15:39:21.845] [pool-3-thread-1/DEBUG] [net.minecraftforge.coremod.transformer.CoreModBaseTransformer/COREMOD]: Transforming playerWillDestroy with desc (Lnet/minecraft/world/World;Lnet/minecraft/util/math/BlockPos;Lnet/minecraft/block/BlockState;Lnet/minecraft/entity/player/PlayerEntity;)V
[15Aug2026 15:39:21.872] [pool-3-thread-1/DEBUG] [net.minecraftforge.coremod.transformer.CoreModBaseTransformer/COREMOD]: Transforming net/minecraft/block/FlowerPotBlock
[15Aug2026 15:39:22.034] [pool-3-thread-1/DEBUG] [net.minecraftforge.coremod.transformer.CoreModBaseTransformer/COREMOD]: Transforming use with desc (Lnet/minecraft/block/BlockState;Lnet/minecraft/world/World;Lnet/minecraft/util/math/BlockPos;Lnet/minecraft/entity/player/PlayerEntity;Lnet/minecraft/util/Hand;Lnet/minecraft/util/math/BlockRayTraceResult;)Lnet/minecraft/util/ActionResultType;
[15Aug2026 15:39:23.430] [pool-3-thread-1/DEBUG] [net.minecraftforge.coremod.transformer.CoreModBaseTransformer/COREMOD]: Transforming mobInteract with desc (Lnet/minecraft/entity/player/PlayerEntity;Lnet/minecraft/util/Hand;)Lnet/minecraft/util/ActionResultType;
[15Aug2026 15:39:24.580] [pool-3-thread-1/DEBUG] [net.minecraftforge.coremod.transformer.CoreModBaseTransformer/COREMOD]: Transforming quickMoveStack with desc (Lnet/minecraft/entity/player/PlayerEntity;I)Lnet/minecraft/item/ItemStack;
[15Aug2026 15:39:26.365] [pool-3-thread-1/DEBUG] [net.minecraftforge.coremod.transformer.CoreModBaseTransformer/COREMOD]: Transforming getTooltipLines with desc (Lnet/minecraft/entity/player/PlayerEntity;Lnet/minecraft/client/util/ITooltipFlag;)Ljava/util/List;
[15Aug2026 15:39:26.487] [pool-3-thread-1/DEBUG] [net.minecraftforge.coremod.transformer.CoreModBaseTransformer/COREMOD]: Transforming net/minecraft/item/ItemStack
[15Aug2026 15:39:26.557] [pool-3-thread-1/DEBUG] [net.minecraftforge.coremod.transformer.CoreModBaseTransformer/COREMOD]: Transforming removeFramedMap with desc (Lnet/minecraft/item/ItemStack;)V
[15Aug2026 15:39:26.726] [pool-3-thread-1/DEBUG] [net.minecraftforge.coremod.transformer.CoreModBaseTransformer/COREMOD]: Transforming mobInteract with desc (Lnet/minecraft/entity/player/PlayerEntity;Lnet/minecraft/util/Hand;)Lnet/minecraft/util/ActionResultType;
[15Aug2026 15:39:26.954] [pool-3-thread-1/DEBUG] [net.minecraftforge.coremod.transformer.CoreModBaseTransformer/COREMOD]: Transforming canFireProjectileWeapon with desc (Lnet/minecraft/item/ShootableItem;)Z
[15Aug2026 15:39:26.956] [pool-3-thread-1/DEBUG] [net.minecraftforge.coremod.transformer.CoreModBaseTransformer/COREMOD]: Transforming canReplaceCurrentItem with desc (Lnet/minecraft/item/ItemStack;Lnet/minecraft/item/ItemStack;)Z
[15Aug2026 15:39:26.973] [pool-3-thread-1/DEBUG] [net.minecraftforge.coremod.transformer.CoreModBaseTransformer/COREMOD]: Transforming canFireProjectileWeapon with desc (Lnet/minecraft/item/ShootableItem;)Z
[15Aug2026 15:39:26.975] [pool-3-thread-1/DEBUG] [net.minecraftforge.coremod.transformer.CoreModBaseTransformer/COREMOD]: Transforming enchantSpawnedWeapon with desc (F)V
[15Aug2026 15:39:27.842] [pool-3-thread-1/DEBUG] [net.minecraftforge.coremod.transformer.CoreModBaseTransformer/COREMOD]: Transforming mobInteract with desc (Lnet/minecraft/entity/player/PlayerEntity;Lnet/minecraft/util/Hand;)Lnet/minecraft/util/ActionResultType;
[15Aug2026 15:39:27.916] [pool-3-thread-1/DEBUG] [net.minecraftforge.coremod.transformer.CoreModBaseTransformer/COREMOD]: Transforming reassessWeaponGoal with desc ()V
[15Aug2026 15:39:27.922] [pool-3-thread-1/DEBUG] [net.minecraftforge.coremod.transformer.CoreModBaseTransformer/COREMOD]: Transforming canFireProjectileWeapon with desc (Lnet/minecraft/item/ShootableItem;)Z
[15Aug2026 15:39:29.843] [pool-3-thread-1/DEBUG] [net.minecraftforge.coremod.transformer.CoreModBaseTransformer/COREMOD]: Transforming canEnchant with desc (Lnet/minecraft/item/ItemStack;)Z
[15Aug2026 15:39:29.979] [pool-3-thread-1/DEBUG] [net.minecraftforge.coremod.transformer.CoreModBaseTransformer/COREMOD]: Transforming net/minecraft/item/BucketItem
[15Aug2026 15:39:29.992] [pool-3-thread-1/DEBUG] [net.minecraftforge.coremod.transformer.CoreModBaseTransformer/COREMOD]: Transforming net/minecraft/item/FishBucketItem
[15Aug2026 15:39:30.115] [pool-3-thread-1/DEBUG] [net.minecraftforge.coremod.transformer.CoreModBaseTransformer/COREMOD]: Transforming getShootingPower with desc (Lnet/minecraft/item/ItemStack;)F
[15Aug2026 15:39:30.411] [pool-3-thread-1/DEBUG] [net.minecraftforge.coremod.transformer.CoreModBaseTransformer/COREMOD]: Transforming net/minecraft/potion/EffectInstance
[15Aug2026 15:39:30.549] [pool-3-thread-1/DEBUG] [net.minecraftforge.coremod.transformer.CoreModBaseTransformer/COREMOD]: Transforming shouldStopFishing with desc (Lnet/minecraft/entity/player/PlayerEntity;)Z
[15Aug2026 15:39:30.957] [pool-3-thread-1/DEBUG] [net.minecraftforge.coremod.transformer.CoreModBaseTransformer/COREMOD]: Transforming mayPlace with desc (Lnet/minecraft/item/ItemStack;)Z
[15Aug2026 15:39:32.054] [pool-3-thread-1/DEBUG] [net.minecraftforge.registries.GameData/REGISTRIES]: Creating vanilla freeze snapshot
[15Aug2026 15:39:32.059] [pool-3-thread-1/DEBUG] [net.minecraftforge.registries.ForgeRegistry/REGISTRIES]: Registry minecraft:block Sync: VANILLA -> ACTIVE
[15Aug2026 15:39:32.132] [pool-3-thread-1/DEBUG] [net.minecraftforge.registries.ForgeRegistry/REGISTRIES]: Registry minecraft:fluid Sync: VANILLA -> ACTIVE
[15Aug2026 15:39:32.133] [pool-3-thread-1/DEBUG] [net.minecraftforge.registries.ForgeRegistry/REGISTRIES]: Registry minecraft:item Sync: VANILLA -> ACTIVE
[15Aug2026 15:39:32.149] [pool-3-thread-1/DEBUG] [net.minecraftforge.registries.ForgeRegistry/REGISTRIES]: Registry minecraft:mob_effect Sync: VANILLA -> ACTIVE
[15Aug2026 15:39:32.150] [pool-3-thread-1/DEBUG] [net.minecraftforge.registries.ForgeRegistry/REGISTRIES]: Registry minecraft:sound_event Sync: VANILLA -> ACTIVE
[15Aug2026 15:39:32.202] [pool-3-thread-1/DEBUG] [net.minecraftforge.registries.ForgeRegistry/REGISTRIES]: Registry minecraft:potion Sync: VANILLA -> ACTIVE
[15Aug2026 15:39:32.203] [pool-3-thread-1/DEBUG] [net.minecraftforge.registries.ForgeRegistry/REGISTRIES]: Registry minecraft:enchantment Sync: VANILLA -> ACTIVE
[15Aug2026 15:39:32.204] [pool-3-thread-1/DEBUG] [net.minecraftforge.registries.ForgeRegistry/REGISTRIES]: Registry minecraft:entity_type Sync: VANILLA -> ACTIVE
[15Aug2026 15:39:32.207] [pool-3-thread-1/DEBUG] [net.minecraftforge.registries.ForgeRegistry/REGISTRIES]: Registry minecraft:block_entity_type Sync: VANILLA -> ACTIVE
[15Aug2026 15:39:32.208] [pool-3-thread-1/DEBUG] [net.minecraftforge.registries.ForgeRegistry/REGISTRIES]: Registry minecraft:particle_type Sync: VANILLA -> ACTIVE
[15Aug2026 15:39:32.210] [pool-3-thread-1/DEBUG] [net.minecraftforge.registries.ForgeRegistry/REGISTRIES]: Registry minecraft:menu Sync: VANILLA -> ACTIVE
[15Aug2026 15:39:32.210] [pool-3-thread-1/DEBUG] [net.minecraftforge.registries.ForgeRegistry/REGISTRIES]: Registry minecraft:motive Sync: VANILLA -> ACTIVE
[15Aug2026 15:39:32.211] [pool-3-thread-1/DEBUG] [net.minecraftforge.registries.ForgeRegistry/REGISTRIES]: Registry minecraft:recipe_serializer Sync: VANILLA -> ACTIVE
[15Aug2026 15:39:32.212] [pool-3-thread-1/DEBUG] [net.minecraftforge.registries.ForgeRegistry/REGISTRIES]: Registry minecraft:attribute Sync: VANILLA -> ACTIVE
[15Aug2026 15:39:32.212] [pool-3-thread-1/DEBUG] [net.minecraftforge.registries.ForgeRegistry/REGISTRIES]: Registry minecraft:stat_type Sync: VANILLA -> ACTIVE
[15Aug2026 15:39:32.213] [pool-3-thread-1/DEBUG] [net.minecraftforge.registries.ForgeRegistry/REGISTRIES]: Registry minecraft:villager_profession Sync: VANILLA -> ACTIVE
[15Aug2026 15:39:32.213] [pool-3-thread-1/DEBUG] [net.minecraftforge.registries.ForgeRegistry/REGISTRIES]: Registry minecraft:point_of_interest_type Sync: VANILLA -> ACTIVE
[15Aug2026 15:39:32.215] [pool-3-thread-1/DEBUG] [net.minecraftforge.registries.ForgeRegistry/REGISTRIES]: Registry minecraft:memory_module_type Sync: VANILLA -> ACTIVE
[15Aug2026 15:39:32.217] [pool-3-thread-1/DEBUG] [net.minecraftforge.registries.ForgeRegistry/REGISTRIES]: Registry minecraft:sensor_type Sync: VANILLA -> ACTIVE
[15Aug2026 15:39:32.218] [pool-3-thread-1/DEBUG] [net.minecraftforge.registries.ForgeRegistry/REGISTRIES]: Registry minecraft:schedule Sync: VANILLA -> ACTIVE
[15Aug2026 15:39:32.218] [pool-3-thread-1/DEBUG] [net.minecraftforge.registries.ForgeRegistry/REGISTRIES]: Registry minecraft:activity Sync: VANILLA -> ACTIVE
[15Aug2026 15:39:32.219] [pool-3-thread-1/DEBUG] [net.minecraftforge.registries.ForgeRegistry/REGISTRIES]: Registry minecraft:worldgen/carver Sync: VANILLA -> ACTIVE
[15Aug2026 15:39:32.219] [pool-3-thread-1/DEBUG] [net.minecraftforge.registries.ForgeRegistry/REGISTRIES]: Registry minecraft:worldgen/surface_builder Sync: VANILLA -> ACTIVE
[15Aug2026 15:39:32.220] [pool-3-thread-1/DEBUG] [net.minecraftforge.registries.ForgeRegistry/REGISTRIES]: Registry minecraft:worldgen/feature Sync: VANILLA -> ACTIVE
[15Aug2026 15:39:32.222] [pool-3-thread-1/DEBUG] [net.minecraftforge.registries.ForgeRegistry/REGISTRIES]: Registry minecraft:worldgen/decorator Sync: VANILLA -> ACTIVE
[15Aug2026 15:39:32.223] [pool-3-thread-1/DEBUG] [net.minecraftforge.registries.ForgeRegistry/REGISTRIES]: Registry minecraft:chunk_status Sync: VANILLA -> ACTIVE
[15Aug2026 15:39:32.224] [pool-3-thread-1/DEBUG] [net.minecraftforge.registries.ForgeRegistry/REGISTRIES]: Registry minecraft:worldgen/structure_feature Sync: VANILLA -> ACTIVE
[15Aug2026 15:39:32.224] [pool-3-thread-1/DEBUG] [net.minecraftforge.registries.ForgeRegistry/REGISTRIES]: Registry minecraft:worldgen/block_state_provider_type Sync: VANILLA -> ACTIVE
[15Aug2026 15:39:32.225] [pool-3-thread-1/DEBUG] [net.minecraftforge.registries.ForgeRegistry/REGISTRIES]: Registry minecraft:worldgen/block_placer_type Sync: VANILLA -> ACTIVE
[15Aug2026 15:39:32.225] [pool-3-thread-1/DEBUG] [net.minecraftforge.registries.ForgeRegistry/REGISTRIES]: Registry minecraft:worldgen/foliage_placer_type Sync: VANILLA -> ACTIVE
[15Aug2026 15:39:32.225] [pool-3-thread-1/DEBUG] [net.minecraftforge.registries.ForgeRegistry/REGISTRIES]: Registry minecraft:worldgen/tree_decorator_type Sync: VANILLA -> ACTIVE
[15Aug2026 15:39:32.226] [pool-3-thread-1/DEBUG] [net.minecraftforge.registries.ForgeRegistry/REGISTRIES]: Registry minecraft:worldgen/biome Sync: VANILLA -> ACTIVE
[15Aug2026 15:39:32.228] [pool-3-thread-1/DEBUG] [net.minecraftforge.registries.ForgeRegistry/REGISTRIES]: Registry minecraft:data_serializers Sync: VANILLA -> ACTIVE
[15Aug2026 15:39:32.229] [pool-3-thread-1/DEBUG] [net.minecraftforge.registries.ForgeRegistry/REGISTRIES]: Registry forge:loot_modifier_serializers Sync: VANILLA -> ACTIVE
[15Aug2026 15:39:32.229] [pool-3-thread-1/DEBUG] [net.minecraftforge.registries.ForgeRegistry/REGISTRIES]: Registry forge:world_types Sync: VANILLA -> ACTIVE
[15Aug2026 15:39:32.285] [pool-3-thread-1/DEBUG] [net.minecraftforge.registries.GameData/REGISTRIES]: Vanilla freeze snapshot created
[15Aug2026 15:39:32.578] [Render thread/DEBUG] [net.minecraftforge.coremod.transformer.CoreModBaseTransformer/COREMOD]: Transforming getFieldOfViewModifier with desc ()F
[15Aug2026 15:39:34.233] [Render thread/INFO] [com.mojang.authlib.yggdrasil.YggdrasilAuthenticationService/]: Environment: authHost='https://authserver.mojang.com', accountsHost='https://api.mojang.com', sessionHost='https://sessionserver.mojang.com', servicesHost='https://api.minecraftservices.com', name='PROD'
[15Aug2026 15:39:35.608] [Render thread/INFO] [net.minecraft.client.Minecraft/]: Setting user: Dev
[15Aug2026 15:39:36.242] [Render thread/INFO] [net.minecraft.client.Minecraft/]: Backend library: LWJGL version 3.2.2 build 10
[15Aug2026 15:39:38.051] [Render thread/DEBUG] [net.minecraftforge.fml.ForgeI18n/CORE]: Loading I18N data entries: 4980
[15Aug2026 15:39:38.184] [Render thread/DEBUG] [io.netty.util.internal.PlatformDependent/]: Platform: Windows
[15Aug2026 15:39:38.188] [Render thread/DEBUG] [io.netty.util.internal.PlatformDependent0/]: -Dio.netty.noUnsafe: false
[15Aug2026 15:39:38.194] [Render thread/DEBUG] [io.netty.util.internal.PlatformDependent0/]: Java version: 8
[15Aug2026 15:39:38.197] [Render thread/DEBUG] [io.netty.util.internal.PlatformDependent0/]: sun.misc.Unsafe.theUnsafe: available
[15Aug2026 15:39:38.198] [Render thread/DEBUG] [io.netty.util.internal.PlatformDependent0/]: sun.misc.Unsafe.copyMemory: available
[15Aug2026 15:39:38.200] [Render thread/DEBUG] [io.netty.util.internal.PlatformDependent0/]: java.nio.Buffer.address: available
[15Aug2026 15:39:38.201] [Render thread/DEBUG] [io.netty.util.internal.PlatformDependent0/]: direct buffer constructor: available
[15Aug2026 15:39:38.203] [Render thread/DEBUG] [io.netty.util.internal.PlatformDependent0/]: java.nio.Bits.unaligned: available, true
[15Aug2026 15:39:38.203] [Render thread/DEBUG] [io.netty.util.internal.PlatformDependent0/]: jdk.internal.misc.Unsafe.allocateUninitializedArray(int): unavailable prior to Java9
[15Aug2026 15:39:38.203] [Render thread/DEBUG] [io.netty.util.internal.PlatformDependent0/]: java.nio.DirectByteBuffer.<init>(long, int): available
[15Aug2026 15:39:38.203] [Render thread/DEBUG] [io.netty.util.internal.PlatformDependent/]: sun.misc.Unsafe: available
[15Aug2026 15:39:38.204] [Render thread/DEBUG] [io.netty.util.internal.PlatformDependent/]: -Dio.netty.tmpdir: C:\Users\ch\AppData\Local\Temp (java.io.tmpdir)
[15Aug2026 15:39:38.204] [Render thread/DEBUG] [io.netty.util.internal.PlatformDependent/]: -Dio.netty.bitMode: 64 (sun.arch.data.model)
[15Aug2026 15:39:38.207] [Render thread/DEBUG] [io.netty.util.internal.PlatformDependent/]: -Dio.netty.noPreferDirect: false
[15Aug2026 15:39:38.207] [Render thread/DEBUG] [io.netty.util.internal.PlatformDependent/]: -Dio.netty.maxDirectMemory: 924844032 bytes
[15Aug2026 15:39:38.207] [Render thread/DEBUG] [io.netty.util.internal.PlatformDependent/]: -Dio.netty.uninitializedArrayAllocationThreshold: -1
[15Aug2026 15:39:38.209] [Render thread/DEBUG] [io.netty.util.internal.CleanerJava6/]: java.nio.ByteBuffer.cleaner(): available
[15Aug2026 15:39:38.371] [Render thread/DEBUG] [net.minecraftforge.fml.ModLoader/CORE]: Loading Network data for FML net version: FML2
[15Aug2026 15:39:38.376] [Render thread/DEBUG] [net.minecraftforge.fml.ModWorkManager/LOADING]: Using 2 threads for parallel mod-loading
[15Aug2026 15:39:39.271] [Render thread/DEBUG] [net.minecraftforge.fml.javafmlmod.FMLJavaModLanguageProvider/LOADING]: Loading FMLModContainer from classloader cpw.mods.modlauncher.TransformingClassLoader@3e83c18 - got cpw.mods.modlauncher.TransformingClassLoader@3e83c18
[15Aug2026 15:39:39.271] [Render thread/DEBUG] [net.minecraftforge.fml.javafmlmod.FMLModContainer/LOADING]: Creating FMLModContainer instance for net.minecraftforge.common.ForgeMod with classLoader cpw.mods.modlauncher.TransformingClassLoader@3e83c18 & cpw.mods.modlauncher.TransformingClassLoader@3e83c18
[15Aug2026 15:39:39.303] [Render thread/DEBUG] [net.minecraftforge.fml.javafmlmod.FMLJavaModLanguageProvider/LOADING]: Loading FMLModContainer from classloader cpw.mods.modlauncher.TransformingClassLoader@3e83c18 - got cpw.mods.modlauncher.TransformingClassLoader@3e83c18
[15Aug2026 15:39:39.303] [Render thread/DEBUG] [net.minecraftforge.fml.javafmlmod.FMLModContainer/LOADING]: Creating FMLModContainer instance for com.mcbotai.McBotAI with classLoader cpw.mods.modlauncher.TransformingClassLoader@3e83c18 & cpw.mods.modlauncher.TransformingClassLoader@3e83c18
[15Aug2026 15:39:39.432] [modloading-worker-1/DEBUG] [net.minecraftforge.versions.forge.ForgeVersion/CORE]: Forge Version package package net.minecraftforge.versions.forge, Forge, version 36.2 from cpw.mods.modlauncher.TransformingClassLoader@3e83c18
[15Aug2026 15:39:39.433] [modloading-worker-1/DEBUG] [net.minecraftforge.versions.forge.ForgeVersion/CORE]: Found Forge version 36.2.42
[15Aug2026 15:39:39.433] [modloading-worker-1/DEBUG] [net.minecraftforge.versions.forge.ForgeVersion/CORE]: Found Forge spec 36.2
[15Aug2026 15:39:39.433] [modloading-worker-1/DEBUG] [net.minecraftforge.versions.forge.ForgeVersion/CORE]: Found Forge group net.minecraftforge
[15Aug2026 15:39:39.435] [modloading-worker-1/DEBUG] [net.minecraftforge.versions.mcp.MCPVersion/CORE]: Found MC version information 1.16.5
[15Aug2026 15:39:39.435] [modloading-worker-1/DEBUG] [net.minecraftforge.versions.mcp.MCPVersion/CORE]: Found MCP version information 20210115.111550
[15Aug2026 15:39:39.436] [modloading-worker-1/INFO] [net.minecraftforge.common.ForgeMod/FORGEMOD]: Forge mod loading, version 36.2.42, for MC 1.16.5 with MCP 20210115.111550
[15Aug2026 15:39:39.973] [modloading-worker-1/INFO] [net.minecraftforge.common.MinecraftForge/FORGE]: MinecraftForge v36.2.42 Initialized
[15Aug2026 15:39:40.043] [modloading-worker-0/DEBUG] [net.minecraftforge.fml.AutomaticEventSubscriber/LOADING]: Attempting to inject @EventBusSubscriber classes into the eventbus for mcbotai
[15Aug2026 15:39:40.122] [modloading-worker-0/DEBUG] [net.minecraftforge.fml.AutomaticEventSubscriber/LOADING]: Auto-subscribing com.mcbotai.client.ClientEvents to FORGE
[15Aug2026 15:39:41.457] [modloading-worker-1/DEBUG] [net.minecraftforge.fml.config.ConfigTracker/CONFIG]: Config file forge-client.toml for forge tracking
[15Aug2026 15:39:41.457] [modloading-worker-1/DEBUG] [net.minecraftforge.fml.config.ConfigTracker/CONFIG]: Config file forge-server.toml for forge tracking
[15Aug2026 15:39:41.457] [modloading-worker-1/DEBUG] [net.minecraftforge.fml.config.ConfigTracker/CONFIG]: Config file forge-common.toml for forge tracking
[15Aug2026 15:39:41.878] [modloading-worker-1/DEBUG] [net.minecraftforge.fml.AutomaticEventSubscriber/LOADING]: Attempting to inject @EventBusSubscriber classes into the eventbus for forge
[15Aug2026 15:39:41.880] [modloading-worker-1/DEBUG] [net.minecraftforge.fml.AutomaticEventSubscriber/LOADING]: Auto-subscribing net.minecraftforge.common.ForgeSpawnEggItem$CommonHandler to MOD
[15Aug2026 15:39:41.988] [modloading-worker-1/DEBUG] [net.minecraftforge.fml.AutomaticEventSubscriber/LOADING]: Auto-subscribing net.minecraftforge.common.ForgeSpawnEggItem$ColorRegisterHandler to MOD
[15Aug2026 15:39:41.993] [modloading-worker-1/DEBUG] [net.minecraftforge.fml.AutomaticEventSubscriber/LOADING]: Auto-subscribing net.minecraftforge.client.model.ModelDataManager to FORGE
[15Aug2026 15:39:42.004] [Render thread/DEBUG] [net.minecraftforge.registries.ObjectHolderRegistry/REGISTRIES]: Processing ObjectHolder annotations
[15Aug2026 15:39:42.046] [Render thread/DEBUG] [net.minecraftforge.registries.ObjectHolderRegistry/REGISTRIES]: Found 2878 ObjectHolder annotations
[15Aug2026 15:39:42.054] [Render thread/DEBUG] [net.minecraftforge.registries.GameData/REGISTRIES]: Registering custom tag type for: minecraft:potion
[15Aug2026 15:39:42.054] [Render thread/DEBUG] [net.minecraftforge.registries.GameData/REGISTRIES]: Registering custom tag type for: minecraft:enchantment
[15Aug2026 15:39:42.055] [Render thread/DEBUG] [net.minecraftforge.registries.GameData/REGISTRIES]: Registering custom tag type for: minecraft:block_entity_type
[15Aug2026 15:39:42.076] [Render thread/DEBUG] [net.minecraftforge.registries.GameData/REGISTRIES]: Applying holder lookups: minecraft:block
[15Aug2026 15:39:42.083] [Render thread/DEBUG] [net.minecraftforge.registries.GameData/REGISTRIES]: Holder lookups applied: minecraft:block
[15Aug2026 15:39:42.084] [Render thread/DEBUG] [net.minecraftforge.registries.GameData/REGISTRIES]: Applying holder lookups: minecraft:item
[15Aug2026 15:39:42.087] [Render thread/DEBUG] [net.minecraftforge.registries.GameData/REGISTRIES]: Holder lookups applied: minecraft:item
[15Aug2026 15:39:42.105] [Render thread/DEBUG] [net.minecraftforge.registries.GameData/REGISTRIES]: Applying holder lookups: forge:loot_modifier_serializers
[15Aug2026 15:39:42.107] [Render thread/DEBUG] [net.minecraftforge.registries.GameData/REGISTRIES]: Holder lookups applied: forge:loot_modifier_serializers
[15Aug2026 15:39:42.108] [Render thread/DEBUG] [net.minecraftforge.registries.GameData/REGISTRIES]: Applying holder lookups: forge:world_types
[15Aug2026 15:39:42.116] [Render thread/DEBUG] [net.minecraftforge.registries.GameData/REGISTRIES]: Holder lookups applied: forge:world_types
[15Aug2026 15:39:42.116] [Render thread/DEBUG] [net.minecraftforge.registries.GameData/REGISTRIES]: Applying holder lookups: minecraft:activity
[15Aug2026 15:39:42.117] [Render thread/DEBUG] [net.minecraftforge.registries.GameData/REGISTRIES]: Holder lookups applied: minecraft:activity
[15Aug2026 15:39:42.118] [Render thread/DEBUG] [net.minecraftforge.registries.GameData/REGISTRIES]: Applying holder lookups: minecraft:attribute
[15Aug2026 15:39:42.119] [Render thread/DEBUG] [net.minecraftforge.registries.GameData/REGISTRIES]: Holder lookups applied: minecraft:attribute
[15Aug2026 15:39:42.119] [Render thread/DEBUG] [net.minecraftforge.registries.GameData/REGISTRIES]: Applying holder lookups: minecraft:block_entity_type
[15Aug2026 15:39:42.120] [Render thread/DEBUG] [net.minecraftforge.registries.GameData/REGISTRIES]: Holder lookups applied: minecraft:block_entity_type
[15Aug2026 15:39:42.120] [Render thread/DEBUG] [net.minecraftforge.registries.GameData/REGISTRIES]: Applying holder lookups: minecraft:chunk_status
[15Aug2026 15:39:42.121] [Render thread/DEBUG] [net.minecraftforge.registries.GameData/REGISTRIES]: Holder lookups applied: minecraft:chunk_status
[15Aug2026 15:39:42.121] [Render thread/DEBUG] [net.minecraftforge.registries.GameData/REGISTRIES]: Applying holder lookups: minecraft:data_serializers
[15Aug2026 15:39:42.122] [Render thread/DEBUG] [net.minecraftforge.registries.GameData/REGISTRIES]: Holder lookups applied: minecraft:data_serializers
[15Aug2026 15:39:42.122] [Render thread/DEBUG] [net.minecraftforge.registries.GameData/REGISTRIES]: Applying holder lookups: minecraft:enchantment
[15Aug2026 15:39:42.123] [Render thread/DEBUG] [net.minecraftforge.registries.GameData/REGISTRIES]: Holder lookups applied: minecraft:enchantment
[15Aug2026 15:39:42.124] [Render thread/DEBUG] [net.minecraftforge.registries.GameData/REGISTRIES]: Applying holder lookups: minecraft:entity_type
[15Aug2026 15:39:42.124] [Render thread/DEBUG] [net.minecraftforge.registries.GameData/REGISTRIES]: Holder lookups applied: minecraft:entity_type
[15Aug2026 15:39:42.124] [Render thread/DEBUG] [net.minecraftforge.registries.GameData/REGISTRIES]: Applying holder lookups: minecraft:fluid
[15Aug2026 15:39:42.125] [Render thread/DEBUG] [net.minecraftforge.registries.GameData/REGISTRIES]: Holder lookups applied: minecraft:fluid
[15Aug2026 15:39:42.204] [Render thread/DEBUG] [net.minecraftforge.registries.GameData/REGISTRIES]: Applying holder lookups: minecraft:memory_module_type
[15Aug2026 15:39:42.205] [Render thread/DEBUG] [net.minecraftforge.registries.GameData/REGISTRIES]: Holder lookups applied: minecraft:memory_module_type
[15Aug2026 15:39:42.205] [Render thread/DEBUG] [net.minecraftforge.registries.GameData/REGISTRIES]: Applying holder lookups: minecraft:menu
[15Aug2026 15:39:42.206] [Render thread/DEBUG] [net.minecraftforge.registries.GameData/REGISTRIES]: Holder lookups applied: minecraft:menu
[15Aug2026 15:39:42.206] [Render thread/DEBUG] [net.minecraftforge.registries.GameData/REGISTRIES]: Applying holder lookups: minecraft:mob_effect
[15Aug2026 15:39:42.206] [Render thread/DEBUG] [net.minecraftforge.registries.GameData/REGISTRIES]: Holder lookups applied: minecraft:mob_effect
[15Aug2026 15:39:42.274] [Render thread/DEBUG] [net.minecraftforge.registries.GameData/REGISTRIES]: Applying holder lookups: minecraft:motive
[15Aug2026 15:39:42.275] [Render thread/DEBUG] [net.minecraftforge.registries.GameData/REGISTRIES]: Holder lookups applied: minecraft:motive
[15Aug2026 15:39:42.276] [Render thread/DEBUG] [net.minecraftforge.registries.GameData/REGISTRIES]: Applying holder lookups: minecraft:particle_type
[15Aug2026 15:39:42.277] [Render thread/DEBUG] [net.minecraftforge.registries.GameData/REGISTRIES]: Holder lookups applied: minecraft:particle_type
[15Aug2026 15:39:42.278] [Render thread/DEBUG] [net.minecraftforge.registries.GameData/REGISTRIES]: Applying holder lookups: minecraft:point_of_interest_type
[15Aug2026 15:39:42.278] [Render thread/DEBUG] [net.minecraftforge.registries.GameData/REGISTRIES]: Holder lookups applied: minecraft:point_of_interest_type
[15Aug2026 15:39:42.279] [Render thread/DEBUG] [net.minecraftforge.registries.GameData/REGISTRIES]: Applying holder lookups: minecraft:potion
[15Aug2026 15:39:42.280] [Render thread/DEBUG] [net.minecraftforge.registries.GameData/REGISTRIES]: Holder lookups applied: minecraft:potion
[15Aug2026 15:39:42.401] [Render thread/DEBUG] [net.minecraftforge.registries.GameData/REGISTRIES]: Applying holder lookups: minecraft:recipe_serializer
[15Aug2026 15:39:42.403] [Render thread/DEBUG] [net.minecraftforge.registries.GameData/REGISTRIES]: Holder lookups applied: minecraft:recipe_serializer
[15Aug2026 15:39:42.403] [Render thread/DEBUG] [net.minecraftforge.registries.GameData/REGISTRIES]: Applying holder lookups: minecraft:schedule
[15Aug2026 15:39:42.403] [Render thread/DEBUG] [net.minecraftforge.registries.GameData/REGISTRIES]: Holder lookups applied: minecraft:schedule
[15Aug2026 15:39:42.404] [Render thread/DEBUG] [net.minecraftforge.registries.GameData/REGISTRIES]: Applying holder lookups: minecraft:sensor_type
[15Aug2026 15:39:42.404] [Render thread/DEBUG] [net.minecraftforge.registries.GameData/REGISTRIES]: Holder lookups applied: minecraft:sensor_type
[15Aug2026 15:39:42.405] [Render thread/DEBUG] [net.minecraftforge.registries.GameData/REGISTRIES]: Applying holder lookups: minecraft:sound_event
[15Aug2026 15:39:42.406] [Render thread/DEBUG] [net.minecraftforge.registries.GameData/REGISTRIES]: Holder lookups applied: minecraft:sound_event
[15Aug2026 15:39:42.406] [Render thread/DEBUG] [net.minecraftforge.registries.GameData/REGISTRIES]: Applying holder lookups: minecraft:stat_type
[15Aug2026 15:39:42.406] [Render thread/DEBUG] [net.minecraftforge.registries.GameData/REGISTRIES]: Holder lookups applied: minecraft:stat_type
[15Aug2026 15:39:42.407] [Render thread/DEBUG] [net.minecraftforge.registries.GameData/REGISTRIES]: Applying holder lookups: minecraft:villager_profession
[15Aug2026 15:39:42.407] [Render thread/DEBUG] [net.minecraftforge.registries.GameData/REGISTRIES]: Holder lookups applied: minecraft:villager_profession
[15Aug2026 15:39:42.407] [Render thread/DEBUG] [net.minecraftforge.registries.GameData/REGISTRIES]: Applying holder lookups: minecraft:worldgen/biome
[15Aug2026 15:39:42.409] [Render thread/DEBUG] [net.minecraftforge.registries.GameData/REGISTRIES]: Holder lookups applied: minecraft:worldgen/biome
[15Aug2026 15:39:42.410] [Render thread/DEBUG] [net.minecraftforge.registries.GameData/REGISTRIES]: Applying holder lookups: minecraft:worldgen/block_placer_type
[15Aug2026 15:39:42.410] [Render thread/DEBUG] [net.minecraftforge.registries.GameData/REGISTRIES]: Holder lookups applied: minecraft:worldgen/block_placer_type
[15Aug2026 15:39:42.411] [Render thread/DEBUG] [net.minecraftforge.registries.GameData/REGISTRIES]: Applying holder lookups: minecraft:worldgen/block_state_provider_type
[15Aug2026 15:39:42.411] [Render thread/DEBUG] [net.minecraftforge.registries.GameData/REGISTRIES]: Holder lookups applied: minecraft:worldgen/block_state_provider_type
[15Aug2026 15:39:42.411] [Render thread/DEBUG] [net.minecraftforge.registries.GameData/REGISTRIES]: Applying holder lookups: minecraft:worldgen/carver
[15Aug2026 15:39:42.411] [Render thread/DEBUG] [net.minecraftforge.registries.GameData/REGISTRIES]: Holder lookups applied: minecraft:worldgen/carver
[15Aug2026 15:39:42.412] [Render thread/DEBUG] [net.minecraftforge.registries.GameData/REGISTRIES]: Applying holder lookups: minecraft:worldgen/decorator
[15Aug2026 15:39:42.412] [Render thread/DEBUG] [net.minecraftforge.registries.GameData/REGISTRIES]: Holder lookups applied: minecraft:worldgen/decorator
[15Aug2026 15:39:42.412] [Render thread/DEBUG] [net.minecraftforge.registries.GameData/REGISTRIES]: Applying holder lookups: minecraft:worldgen/feature
[15Aug2026 15:39:42.413] [Render thread/DEBUG] [net.minecraftforge.registries.GameData/REGISTRIES]: Holder lookups applied: minecraft:worldgen/feature
[15Aug2026 15:39:42.413] [Render thread/DEBUG] [net.minecraftforge.registries.GameData/REGISTRIES]: Applying holder lookups: minecraft:worldgen/foliage_placer_type
[15Aug2026 15:39:42.413] [Render thread/DEBUG] [net.minecraftforge.registries.GameData/REGISTRIES]: Holder lookups applied: minecraft:worldgen/foliage_placer_type
[15Aug2026 15:39:42.413] [Render thread/DEBUG] [net.minecraftforge.registries.GameData/REGISTRIES]: Applying holder lookups: minecraft:worldgen/structure_feature
[15Aug2026 15:39:42.413] [Render thread/DEBUG] [net.minecraftforge.registries.GameData/REGISTRIES]: Holder lookups applied: minecraft:worldgen/structure_feature
[15Aug2026 15:39:42.414] [Render thread/DEBUG] [net.minecraftforge.registries.GameData/REGISTRIES]: Applying holder lookups: minecraft:worldgen/surface_builder
[15Aug2026 15:39:42.414] [Render thread/DEBUG] [net.minecraftforge.registries.GameData/REGISTRIES]: Holder lookups applied: minecraft:worldgen/surface_builder
[15Aug2026 15:39:42.414] [Render thread/DEBUG] [net.minecraftforge.registries.GameData/REGISTRIES]: Applying holder lookups: minecraft:worldgen/tree_decorator_type
[15Aug2026 15:39:42.414] [Render thread/DEBUG] [net.minecraftforge.registries.GameData/REGISTRIES]: Holder lookups applied: minecraft:worldgen/tree_decorator_type
[15Aug2026 15:39:42.931] [Render thread/DEBUG] [net.minecraftforge.fml.client.ClientModLoader/CORE]: Generating PackInfo named mod:forge for mod file C:\Users\ch\.gradle\caches\forge_gradle\minecraft_user_repo\net\minecraftforge\forge\1.16.5-36.2.42_mapped_official_1.16.5\forge-1.16.5-36.2.42_mapped_official_1.16.5.jar
[15Aug2026 15:39:42.932] [Render thread/DEBUG] [net.minecraftforge.fml.client.ClientModLoader/CORE]: Generating PackInfo named mod:mcbotai for mod file C:\Users\ch\Downloads\McBotAI\build\resources\main
[15Aug2026 15:39:43.405] [Render thread/DEBUG] [net.minecraftforge.coremod.transformer.CoreModBaseTransformer/COREMOD]: Transforming getArmPose with desc (Lnet/minecraft/client/entity/player/AbstractClientPlayerEntity;Lnet/minecraft/util/Hand;)Lnet/minecraft/client/renderer/entity/model/BipedModel$ArmPose;
[15Aug2026 15:39:43.459] [Render thread/DEBUG] [net.minecraftforge.coremod.transformer.CoreModBaseTransformer/COREMOD]: Transforming render with desc (Lnet/minecraft/entity/projectile/FishingBobberEntity;FFLcom/mojang/blaze3d/matrix/MatrixStack;Lnet/minecraft/client/renderer/IRenderTypeBuffer;I)V
[15Aug2026 15:39:43.829] [Render thread/DEBUG] [net.minecraftforge.coremod.transformer.CoreModBaseTransformer/COREMOD]: Transforming prepareMobModel with desc (Lnet/minecraft/entity/MobEntity;FFF)V
[15Aug2026 15:39:43.832] [Render thread/DEBUG] [net.minecraftforge.coremod.transformer.CoreModBaseTransformer/COREMOD]: Transforming setupAnim with desc (Lnet/minecraft/entity/MobEntity;FFFFF)V
[15Aug2026 15:39:43.886] [Render thread/DEBUG] [net.minecraftforge.coremod.transformer.CoreModBaseTransformer/COREMOD]: Transforming renderHandsWithItems with desc (FLcom/mojang/blaze3d/matrix/MatrixStack;Lnet/minecraft/client/renderer/IRenderTypeBuffer$Impl;Lnet/minecraft/client/entity/player/ClientPlayerEntity;I)V
[15Aug2026 15:39:43.894] [Render thread/DEBUG] [net.minecraftforge.coremod.transformer.CoreModBaseTransformer/COREMOD]: Transforming renderHandsWithItems with desc (FLcom/mojang/blaze3d/matrix/MatrixStack;Lnet/minecraft/client/renderer/IRenderTypeBuffer$Impl;Lnet/minecraft/client/entity/player/ClientPlayerEntity;I)V
[15Aug2026 15:39:43.901] [Render thread/DEBUG] [net.minecraftforge.coremod.transformer.CoreModBaseTransformer/COREMOD]: Transforming renderArmWithItem with desc (Lnet/minecraft/client/entity/player/AbstractClientPlayerEntity;FFLnet/minecraft/util/Hand;FLnet/minecraft/item/ItemStack;FLcom/mojang/blaze3d/matrix/MatrixStack;Lnet/minecraft/client/renderer/IRenderTypeBuffer;I)V
[15Aug2026 15:39:44.014] [Render thread/DEBUG] [net.minecraftforge.coremod.transformer.CoreModBaseTransformer/COREMOD]: Transforming renderArmWithItem with desc (Lnet/minecraft/client/entity/player/AbstractClientPlayerEntity;FFLnet/minecraft/util/Hand;FLnet/minecraft/item/ItemStack;FLcom/mojang/blaze3d/matrix/MatrixStack;Lnet/minecraft/client/renderer/IRenderTypeBuffer;I)V
[15Aug2026 15:39:44.110] [Render thread/DEBUG] [net.minecraftforge.coremod.transformer.CoreModBaseTransformer/COREMOD]: Transforming net/minecraft/util/math/vector/TransformationMatrix
[15Aug2026 15:39:44.346] [Render thread/DEBUG] [net.minecraftforge.coremod.transformer.CoreModBaseTransformer/COREMOD]: Transforming net/minecraft/util/math/vector/TransformationMatrix
[15Aug2026 15:39:45.171] [Render thread/DEBUG] [io.netty.util.internal.InternalThreadLocalMap/]: -Dio.netty.threadLocalMap.stringBuilder.initialSize: 1024
[15Aug2026 15:39:45.171] [Render thread/DEBUG] [io.netty.util.internal.InternalThreadLocalMap/]: -Dio.netty.threadLocalMap.stringBuilder.maxSize: 4096
[15Aug2026 15:39:45.172] [Render thread/DEBUG] [io.netty.util.internal.ThreadLocalRandom/]: -Dio.netty.initialSeedUniquifier: 0xc7f1fefc2441bf1e
[15Aug2026 15:39:45.500] [Render thread/INFO] [com.mojang.text2speech.NarratorWindows/]: Narrator library for x64 successfully loaded
[15Aug2026 15:39:45.804] [Render thread/INFO] [net.minecraft.resources.SimpleReloadableResourceManager/]: Reloading ResourceManager: Default, Mod Resources
[15Aug2026 15:39:45.831] [modloading-worker-1/DEBUG] [net.minecraftforge.fml.config.ConfigTracker/CONFIG]: Loading configs type CLIENT
[15Aug2026 15:39:45.832] [modloading-worker-1/DEBUG] [net.minecraftforge.fml.config.ConfigFileTypeHandler/CONFIG]: Built TOML config for C:\Users\ch\Downloads\McBotAI\run\config\forge-client.toml
[15Aug2026 15:39:45.834] [modloading-worker-1/DEBUG] [net.minecraftforge.fml.config.ConfigFileTypeHandler/CONFIG]: Loaded TOML config file C:\Users\ch\Downloads\McBotAI\run\config\forge-client.toml
[15Aug2026 15:39:45.904] [modloading-worker-1/DEBUG] [net.minecraftforge.fml.config.ConfigFileTypeHandler/CONFIG]: Watching TOML config file C:\Users\ch\Downloads\McBotAI\run\config\forge-client.toml for changes
[15Aug2026 15:39:45.908] [modloading-worker-1/DEBUG] [net.minecraftforge.common.ForgeConfig/FORGEMOD]: Loaded forge config file forge-client.toml
[15Aug2026 15:39:45.910] [modloading-worker-1/DEBUG] [net.minecraftforge.fml.config.ConfigTracker/CONFIG]: Loading configs type COMMON
[15Aug2026 15:39:45.910] [modloading-worker-1/DEBUG] [net.minecraftforge.fml.config.ConfigFileTypeHandler/CONFIG]: Built TOML config for C:\Users\ch\Downloads\McBotAI\run\config\forge-common.toml
[15Aug2026 15:39:45.911] [modloading-worker-1/DEBUG] [net.minecraftforge.fml.config.ConfigFileTypeHandler/CONFIG]: Loaded TOML config file C:\Users\ch\Downloads\McBotAI\run\config\forge-common.toml
[15Aug2026 15:39:45.954] [modloading-worker-1/DEBUG] [net.minecraftforge.fml.config.ConfigFileTypeHandler/CONFIG]: Watching TOML config file C:\Users\ch\Downloads\McBotAI\run\config\forge-common.toml for changes
[15Aug2026 15:39:45.954] [modloading-worker-1/DEBUG] [net.minecraftforge.common.ForgeConfig/FORGEMOD]: Loaded forge config file forge-common.toml
[15Aug2026 15:39:46.206] [Forge Version Check/INFO] [net.minecraftforge.fml.VersionChecker/]: [forge] Starting version check at https://files.minecraftforge.net/net/minecraftforge/forge/promotions_slim.json
[15Aug2026 15:39:48.127] [Forge Version Check/DEBUG] [net.minecraftforge.fml.VersionChecker/]: [forge] Received version check data:
{
  "homepage": "https://files.minecraftforge.net/net/minecraftforge/forge/",
  "promos": {
    "1.1-latest": "1.3.4.29",
    "1.2.3-latest": "1.4.1.64",
    "1.2.4-latest": "2.0.0.68",
    "1.2.5-latest": "3.4.9.171",
    "1.3.2-latest": "4.3.5.318",
    "1.4.0-latest": "5.0.0.326",
    "1.4.1-latest": "6.0.0.329",
    "1.4.2-latest": "6.0.1.355",
    "1.4.3-latest": "6.2.1.358",
    "1.4.4-latest": "6.3.0.378",
    "1.4.5-latest": "6.4.2.448",
    "1.4.6-latest": "6.5.0.489",
    "1.4.7-latest": "6.6.2.534",
    "1.5-latest": "7.7.0.598",
    "1.5.1-latest": "7.7.2.682",
    "1.5.2-latest": "7.8.1.738",
    "1.5.2-recommended": "7.8.1.738",
    "1.6.1-latest": "8.9.0.775",
    "1.6.2-latest": "9.10.1.871",
    "1.6.2-recommended": "9.10.1.871",
    "1.6.3-latest": "9.11.0.878",
    "1.6.4-latest": "9.11.1.1345",
    "1.6.4-recommended": "9.11.1.1345",
    "1.7.2-latest": "10.12.2.1161",
    "1.7.2-recommended": "10.12.2.1161",
    "1.7.10-latest": "10.13.4.1614",
    "1.7.10-recommended": "10.13.4.1614",
    "1.8-latest": "11.14.4.1577",
    "1.8-recommended": "11.14.4.1563",
    "1.8.8-latest": "11.15.0.1655",
    "1.8.9-latest": "11.15.1.2318",
    "1.8.9-recommended": "11.15.1.2318",
    "1.9-latest": "12.16.1.1938",
    "1.9-recommended": "12.16.1.1887",
    "1.9.4-latest": "12.17.0.2317",
    "1.9.4-recommended": "12.17.0.2317",
    "1.10-latest": "12.18.0.2000",
    "1.10.2-latest": "12.18.3.2511",
    "1.10.2-recommended": "12.18.3.2511",
    "1.11-latest": "13.19.1.2199",
    "1.11-recommended": "13.19.1.2189",
    "1.11.2-latest": "13.20.1.2588",
    "1.11.2-recommended": "13.20.1.2588",
    "1.12-latest": "14.21.1.2443",
    "1.12-recommended": "14.21.1.2387",
    "1.12.1-latest": "14.22.1.2485",
    "1.12.1-recommended": "14.22.1.2478",
    "1.12.2-latest": "14.23.5.2864",
    "1.12.2-recommended": "14.23.5.2859",
    "1.13.2-latest": "25.0.223",
    "1.14.2-latest": "26.0.63",
    "1.14.3-latest": "27.0.60",
    "1.14.4-latest": "28.2.30",
    "1.14.4-recommended": "28.2.26",
    "1.15-latest": "29.0.4",
    "1.15.1-latest": "30.0.51",
    "1.15.2-latest": "31.2.62",
    "1.15.2-recommended": "31.2.57",
    "1.16.1-latest": "32.0.108",
    "1.16.2-latest": "33.0.61",
    "1.16.3-latest": "34.1.42",
    "1.16.3-recommended": "34.1.0",
    "1.16.4-latest": "35.1.37",
    "1.16.4-recommended": "35.1.4",
    "1.16.5-latest": "36.2.42",
    "1.16.5-recommended": "36.2.34",
    "1.17.1-latest": "37.1.1",
    "1.17.1-recommended": "37.1.1",
    "1.18-latest": "38.0.17",
    "1.18.1-latest": "39.1.2",
    "1.18.1-recommended": "39.1.0",
    "1.18.2-recommended": "40.3.0",
    "1.18.2-latest": "40.3.12",
    "1.19-latest": "41.1.0",
    "1.19-recommended": "41.1.0",
    "1.19.1-latest": "42.0.9",
    "1.19.2-recommended": "43.5.0",
    "1.19.2-latest": "43.5.2",
    "1.19.3-latest": "44.1.23",
    "1.19.3-recommended": "44.1.0",
    "1.19.4-recommended": "45.4.0",
    "1.19.4-latest": "45.4.3",
    "1.20-latest": "46.0.14",
    "1.20.1-recommended": "47.4.10",
    "1.20.1-latest": "47.4.22",
    "1.20.2-latest": "48.1.0",
    "1.20.2-recommended": "48.1.0",
    "1.20.3-latest": "49.0.2",
    "1.20.4-latest": "49.2.8",
    "1.20.4-recommended": "49.2.0",
    "1.20.6-latest": "50.2.10",
    "1.20.6-recommended": "50.2.0",
    "1.21-latest": "51.0.33",
    "1.21.1-latest": "52.1.16",
    "1.21.1-recommended": "52.1.0",
    "1.21.3-latest": "53.1.12",
    "1.21.3-recommended": "53.1.0",
    "1.21.4-latest": "54.1.18",
    "1.21.4-recommended": "54.1.14",
    "1.21.5-latest": "55.1.12",
    "1.21.5-recommended": "55.1.0",
    "1.21.6-latest": "56.0.9",
    "1.21.7-latest": "57.0.3",
    "1.21.8-latest": "58.1.22",
    "1.21.8-recommended": "58.1.0",
    "1.21.9-latest": "59.0.5",
    "1.21.10-latest": "60.1.15",
    "1.21.10-recommended": "60.1.0",
    "1.21.11-latest": "61.2.1",
    "1.21.11-recommended": "61.2.0",
    "26.1-latest": "62.0.9",
    "26.1.1-latest": "63.0.2",
    "26.1.2-latest": "64.1.1",
    "26.1.2-recommended": "64.1.0",
    "26.2-latest": "65.1.1",
    "26.2-recommended": "65.1.0"
  }
}
[15Aug2026 15:39:48.129] [Forge Version Check/INFO] [net.minecraftforge.fml.VersionChecker/]: [forge] Found status: AHEAD Current: 36.2.42 Target: null
[15Aug2026 15:40:02.731] [Render thread/DEBUG] [net.minecraftforge.fml.client.ClientModLoader/LOADING]: Running pre client event work
[15Aug2026 15:40:02.792] [Render thread/DEBUG] [net.minecraftforge.fml.client.ClientModLoader/LOADING]: Running post client event work
[15Aug2026 15:40:06.737] [modloading-worker-1/DEBUG] [net.minecraftforge.registries.GameData/REGISTRIES]: Freezing registries
[15Aug2026 15:40:06.738] [modloading-worker-1/DEBUG] [net.minecraftforge.registries.ForgeRegistry/REGISTRIES]: Registry minecraft:block Sync: FROZEN -> ACTIVE
[15Aug2026 15:40:06.755] [modloading-worker-1/DEBUG] [net.minecraftforge.registries.ForgeRegistry/REGISTRIES]: Registry minecraft:fluid Sync: FROZEN -> ACTIVE
[15Aug2026 15:40:06.756] [modloading-worker-1/DEBUG] [net.minecraftforge.registries.ForgeRegistry/REGISTRIES]: Registry minecraft:item Sync: FROZEN -> ACTIVE
[15Aug2026 15:40:06.774] [modloading-worker-1/DEBUG] [net.minecraftforge.registries.ForgeRegistry/REGISTRIES]: Registry minecraft:mob_effect Sync: FROZEN -> ACTIVE
[15Aug2026 15:40:06.774] [modloading-worker-1/DEBUG] [net.minecraftforge.registries.ForgeRegistry/REGISTRIES]: Registry minecraft:sound_event Sync: FROZEN -> ACTIVE
[15Aug2026 15:40:06.790] [modloading-worker-1/DEBUG] [net.minecraftforge.registries.ForgeRegistry/REGISTRIES]: Registry minecraft:potion Sync: FROZEN -> ACTIVE
[15Aug2026 15:40:06.791] [modloading-worker-1/DEBUG] [net.minecraftforge.registries.ForgeRegistry/REGISTRIES]: Registry minecraft:enchantment Sync: FROZEN -> ACTIVE
[15Aug2026 15:40:06.792] [modloading-worker-1/DEBUG] [net.minecraftforge.registries.ForgeRegistry/REGISTRIES]: Registry minecraft:entity_type Sync: FROZEN -> ACTIVE
[15Aug2026 15:40:06.795] [modloading-worker-1/DEBUG] [net.minecraftforge.registries.ForgeRegistry/REGISTRIES]: Registry minecraft:block_entity_type Sync: FROZEN -> ACTIVE
[15Aug2026 15:40:06.796] [modloading-worker-1/DEBUG] [net.minecraftforge.registries.ForgeRegistry/REGISTRIES]: Registry minecraft:particle_type Sync: FROZEN -> ACTIVE
[15Aug2026 15:40:06.797] [modloading-worker-1/DEBUG] [net.minecraftforge.registries.ForgeRegistry/REGISTRIES]: Registry minecraft:menu Sync: FROZEN -> ACTIVE
[15Aug2026 15:40:06.798] [modloading-worker-1/DEBUG] [net.minecraftforge.registries.ForgeRegistry/REGISTRIES]: Registry minecraft:motive Sync: FROZEN -> ACTIVE
[15Aug2026 15:40:06.799] [modloading-worker-1/DEBUG] [net.minecraftforge.registries.ForgeRegistry/REGISTRIES]: Registry minecraft:recipe_serializer Sync: FROZEN -> ACTIVE
[15Aug2026 15:40:06.799] [modloading-worker-1/DEBUG] [net.minecraftforge.registries.ForgeRegistry/REGISTRIES]: Registry minecraft:attribute Sync: FROZEN -> ACTIVE
[15Aug2026 15:40:06.831] [modloading-worker-1/DEBUG] [net.minecraftforge.registries.ForgeRegistry/REGISTRIES]: Registry minecraft:stat_type Sync: FROZEN -> ACTIVE
[15Aug2026 15:40:06.831] [modloading-worker-1/DEBUG] [net.minecraftforge.registries.ForgeRegistry/REGISTRIES]: Registry minecraft:villager_profession Sync: FROZEN -> ACTIVE
[15Aug2026 15:40:06.831] [modloading-worker-1/DEBUG] [net.minecraftforge.registries.ForgeRegistry/REGISTRIES]: Registry minecraft:point_of_interest_type Sync: FROZEN -> ACTIVE
[15Aug2026 15:40:06.832] [modloading-worker-1/DEBUG] [net.minecraftforge.registries.ForgeRegistry/REGISTRIES]: Registry minecraft:memory_module_type Sync: FROZEN -> ACTIVE
[15Aug2026 15:40:06.833] [modloading-worker-1/DEBUG] [net.minecraftforge.registries.ForgeRegistry/REGISTRIES]: Registry minecraft:sensor_type Sync: FROZEN -> ACTIVE
[15Aug2026 15:40:06.834] [modloading-worker-1/DEBUG] [net.minecraftforge.registries.ForgeRegistry/REGISTRIES]: Registry minecraft:schedule Sync: FROZEN -> ACTIVE
[15Aug2026 15:40:06.834] [modloading-worker-1/DEBUG] [net.minecraftforge.registries.ForgeRegistry/REGISTRIES]: Registry minecraft:activity Sync: FROZEN -> ACTIVE
[15Aug2026 15:40:06.834] [modloading-worker-1/DEBUG] [net.minecraftforge.registries.ForgeRegistry/REGISTRIES]: Registry minecraft:worldgen/carver Sync: FROZEN -> ACTIVE
[15Aug2026 15:40:06.835] [modloading-worker-1/DEBUG] [net.minecraftforge.registries.ForgeRegistry/REGISTRIES]: Registry minecraft:worldgen/surface_builder Sync: FROZEN -> ACTIVE
[15Aug2026 15:40:06.835] [modloading-worker-1/DEBUG] [net.minecraftforge.registries.ForgeRegistry/REGISTRIES]: Registry minecraft:worldgen/feature Sync: FROZEN -> ACTIVE
[15Aug2026 15:40:06.836] [modloading-worker-1/DEBUG] [net.minecraftforge.registries.ForgeRegistry/REGISTRIES]: Registry minecraft:worldgen/decorator Sync: FROZEN -> ACTIVE
[15Aug2026 15:40:06.837] [modloading-worker-1/DEBUG] [net.minecraftforge.registries.ForgeRegistry/REGISTRIES]: Registry minecraft:chunk_status Sync: FROZEN -> ACTIVE
[15Aug2026 15:40:06.837] [modloading-worker-1/DEBUG] [net.minecraftforge.registries.ForgeRegistry/REGISTRIES]: Registry minecraft:worldgen/structure_feature Sync: FROZEN -> ACTIVE
[15Aug2026 15:40:06.838] [modloading-worker-1/DEBUG] [net.minecraftforge.registries.ForgeRegistry/REGISTRIES]: Registry minecraft:worldgen/block_state_provider_type Sync: FROZEN -> ACTIVE
[15Aug2026 15:40:06.838] [modloading-worker-1/DEBUG] [net.minecraftforge.registries.ForgeRegistry/REGISTRIES]: Registry minecraft:worldgen/block_placer_type Sync: FROZEN -> ACTIVE
[15Aug2026 15:40:06.839] [modloading-worker-1/DEBUG] [net.minecraftforge.registries.ForgeRegistry/REGISTRIES]: Registry minecraft:worldgen/foliage_placer_type Sync: FROZEN -> ACTIVE
[15Aug2026 15:40:06.839] [modloading-worker-1/DEBUG] [net.minecraftforge.registries.ForgeRegistry/REGISTRIES]: Registry minecraft:worldgen/tree_decorator_type Sync: FROZEN -> ACTIVE
[15Aug2026 15:40:06.839] [modloading-worker-1/DEBUG] [net.minecraftforge.registries.ForgeRegistry/REGISTRIES]: Registry minecraft:worldgen/biome Sync: FROZEN -> ACTIVE
[15Aug2026 15:40:06.840] [modloading-worker-1/DEBUG] [net.minecraftforge.registries.ForgeRegistry/REGISTRIES]: Registry minecraft:data_serializers Sync: FROZEN -> ACTIVE
[15Aug2026 15:40:06.841] [modloading-worker-1/DEBUG] [net.minecraftforge.registries.ForgeRegistry/REGISTRIES]: Registry forge:loot_modifier_serializers Sync: FROZEN -> ACTIVE
[15Aug2026 15:40:06.841] [modloading-worker-1/DEBUG] [net.minecraftforge.registries.ForgeRegistry/REGISTRIES]: Registry forge:world_types Sync: FROZEN -> ACTIVE
[15Aug2026 15:40:09.126] [modloading-worker-1/DEBUG] [net.minecraftforge.registries.GameData/REGISTRIES]: All registries frozen
[15Aug2026 15:40:09.168] [Render thread/DEBUG] [net.minecraftforge.fml.ForgeI18n/CORE]: Loading I18N data entries: 5214
[15Aug2026 15:40:09.619] [Render thread/INFO] [net.minecraft.client.audio.SoundSystem/]: OpenAL initialized.
[15Aug2026 15:40:09.621] [Render thread/INFO] [net.minecraft.client.audio.SoundEngine/SOUNDS]: Sound engine started
[15Aug2026 15:40:10.280] [Render thread/INFO] [net.minecraft.client.renderer.texture.AtlasTexture/]: Created: 1024x512x4 minecraft:textures/atlas/blocks.png-atlas
[15Aug2026 15:40:10.359] [Render thread/INFO] [net.minecraft.client.renderer.texture.AtlasTexture/]: Created: 256x128x4 minecraft:textures/atlas/signs.png-atlas
[15Aug2026 15:40:10.361] [Render thread/INFO] [net.minecraft.client.renderer.texture.AtlasTexture/]: Created: 512x512x4 minecraft:textures/atlas/banner_patterns.png-atlas
[15Aug2026 15:40:10.363] [Render thread/INFO] [net.minecraft.client.renderer.texture.AtlasTexture/]: Created: 512x512x4 minecraft:textures/atlas/shield_patterns.png-atlas
[15Aug2026 15:40:10.367] [Render thread/INFO] [net.minecraft.client.renderer.texture.AtlasTexture/]: Created: 256x256x4 minecraft:textures/atlas/chest.png-atlas
[15Aug2026 15:40:10.367] [Render thread/INFO] [net.minecraft.client.renderer.texture.AtlasTexture/]: Created: 512x256x4 minecraft:textures/atlas/beds.png-atlas
[15Aug2026 15:40:10.368] [Render thread/INFO] [net.minecraft.client.renderer.texture.AtlasTexture/]: Created: 512x256x4 minecraft:textures/atlas/shulker_boxes.png-atlas
[15Aug2026 15:40:16.345] [Render thread/INFO] [net.minecraft.client.renderer.texture.AtlasTexture/]: Created: 256x256x0 minecraft:textures/atlas/particles.png-atlas
[15Aug2026 15:40:16.348] [Render thread/INFO] [net.minecraft.client.renderer.texture.AtlasTexture/]: Created: 256x256x0 minecraft:textures/atlas/paintings.png-atlas
[15Aug2026 15:40:16.349] [Render thread/INFO] [net.minecraft.client.renderer.texture.AtlasTexture/]: Created: 128x128x0 minecraft:textures/atlas/mob_effects.png-atlas
[15Aug2026 15:40:17.850] [Realms Notification Availability checker #1/INFO] [com.mojang.realmsclient.client.RealmsClient/]: Could not authorize you against Realms server: java.lang.RuntimeException: Failed to parse into SignedJWT: DONT_CRASH
[15Aug2026 15:44:31.223] [Render thread/DEBUG] [net.minecraftforge.common.ForgeTagHandler/]: Populated the TagCollectionManager with 3 extra types
[15Aug2026 15:44:32.000] [Render thread/DEBUG] [net.minecraftforge.fml.server.ServerLifecycleHooks/CORE]: Generating PackInfo named mod:forge for mod file C:\Users\ch\.gradle\caches\forge_gradle\minecraft_user_repo\net\minecraftforge\forge\1.16.5-36.2.42_mapped_official_1.16.5\forge-1.16.5-36.2.42_mapped_official_1.16.5.jar
[15Aug2026 15:44:32.001] [Render thread/DEBUG] [net.minecraftforge.fml.server.ServerLifecycleHooks/CORE]: Generating PackInfo named mod:mcbotai for mod file C:\Users\ch\Downloads\McBotAI\build\resources\main
[15Aug2026 15:44:32.013] [Render thread/DEBUG] [net.minecraftforge.common.ForgeTagHandler/]: Gathering custom tag collection reader from types.
[15Aug2026 15:44:32.587] [Render thread/WARN] [net.minecraft.command.Commands/]: Ambiguity between arguments [teleport, destination] and [teleport, targets] with inputs: [Player, 0123, @e, dd12be42-52a9-4a91-a8a1-11c01849e498]
[15Aug2026 15:44:32.589] [Render thread/WARN] [net.minecraft.command.Commands/]: Ambiguity between arguments [teleport, location] and [teleport, destination] with inputs: [0.1 -0.5 .9, 0 0 0]
[15Aug2026 15:44:32.590] [Render thread/WARN] [net.minecraft.command.Commands/]: Ambiguity between arguments [teleport, location] and [teleport, targets] with inputs: [0.1 -0.5 .9, 0 0 0]
[15Aug2026 15:44:32.592] [Render thread/WARN] [net.minecraft.command.Commands/]: Ambiguity between arguments [teleport, targets] and [teleport, destination] with inputs: [Player, 0123, dd12be42-52a9-4a91-a8a1-11c01849e498]
[15Aug2026 15:44:32.593] [Render thread/WARN] [net.minecraft.command.Commands/]: Ambiguity between arguments [teleport, targets, location] and [teleport, targets, destination] with inputs: [0.1 -0.5 .9, 0 0 0]
[15Aug2026 15:44:32.600] [Render thread/INFO] [net.minecraft.resources.SimpleReloadableResourceManager/]: Reloading ResourceManager: Default, forge-1.16.5-36.2.42_mapped_official_1.16.5.jar, main
[15Aug2026 15:44:37.929] [Render thread/INFO] [net.minecraft.item.crafting.RecipeManager/]: Loaded 7 recipes
[15Aug2026 15:44:39.582] [Render thread/INFO] [net.minecraft.advancements.AdvancementList/]: Loaded 927 advancements
[15Aug2026 15:44:39.731] [Render thread/INFO] [net.minecraftforge.registries.GameData/REGISTRIES]: Injecting existing registry data into this CLIENT instance
[15Aug2026 15:44:39.820] [Render thread/DEBUG] [net.minecraftforge.registries.ForgeRegistry/REGISTRIES]: Registry minecraft:block Sync: ACTIVE -> STAGING
[15Aug2026 15:44:39.832] [Render thread/DEBUG] [net.minecraftforge.registries.ForgeRegistry/REGISTRIES]: Registry minecraft:fluid Sync: ACTIVE -> STAGING
[15Aug2026 15:44:39.832] [Render thread/DEBUG] [net.minecraftforge.registries.ForgeRegistry/REGISTRIES]: Registry minecraft:item Sync: ACTIVE -> STAGING
[15Aug2026 15:44:39.843] [Render thread/DEBUG] [net.minecraftforge.registries.ForgeRegistry/REGISTRIES]: Registry minecraft:mob_effect Sync: ACTIVE -> STAGING
[15Aug2026 15:44:39.844] [Render thread/DEBUG] [net.minecraftforge.registries.ForgeRegistry/REGISTRIES]: Registry minecraft:sound_event Sync: ACTIVE -> STAGING
[15Aug2026 15:44:39.851] [Render thread/DEBUG] [net.minecraftforge.registries.ForgeRegistry/REGISTRIES]: Registry minecraft:potion Sync: ACTIVE -> STAGING
[15Aug2026 15:44:39.852] [Render thread/DEBUG] [net.minecraftforge.registries.ForgeRegistry/REGISTRIES]: Registry minecraft:enchantment Sync: ACTIVE -> STAGING
[15Aug2026 15:44:39.853] [Render thread/DEBUG] [net.minecraftforge.registries.ForgeRegistry/REGISTRIES]: Registry minecraft:entity_type Sync: ACTIVE -> STAGING
[15Aug2026 15:44:39.854] [Render thread/DEBUG] [net.minecraftforge.registries.ForgeRegistry/REGISTRIES]: Registry minecraft:block_entity_type Sync: ACTIVE -> STAGING
[15Aug2026 15:44:39.854] [Render thread/DEBUG] [net.minecraftforge.registries.ForgeRegistry/REGISTRIES]: Registry minecraft:particle_type Sync: ACTIVE -> STAGING
[15Aug2026 15:44:39.855] [Render thread/DEBUG] [net.minecraftforge.registries.ForgeRegistry/REGISTRIES]: Registry minecraft:menu Sync: ACTIVE -> STAGING
[15Aug2026 15:44:39.856] [Render thread/DEBUG] [net.minecraftforge.registries.ForgeRegistry/REGISTRIES]: Registry minecraft:motive Sync: ACTIVE -> STAGING
[15Aug2026 15:44:39.856] [Render thread/DEBUG] [net.minecraftforge.registries.ForgeRegistry/REGISTRIES]: Registry minecraft:recipe_serializer Sync: ACTIVE -> STAGING
[15Aug2026 15:44:39.856] [Render thread/DEBUG] [net.minecraftforge.registries.ForgeRegistry/REGISTRIES]: Registry minecraft:attribute Sync: ACTIVE -> STAGING
[15Aug2026 15:44:39.857] [Render thread/DEBUG] [net.minecraftforge.registries.ForgeRegistry/REGISTRIES]: Registry minecraft:stat_type Sync: ACTIVE -> STAGING
[15Aug2026 15:44:39.857] [Render thread/DEBUG] [net.minecraftforge.registries.ForgeRegistry/REGISTRIES]: Registry minecraft:villager_profession Sync: ACTIVE -> STAGING
[15Aug2026 15:44:39.858] [Render thread/DEBUG] [net.minecraftforge.registries.ForgeRegistry/REGISTRIES]: Registry minecraft:point_of_interest_type Sync: ACTIVE -> STAGING
[15Aug2026 15:44:39.860] [Render thread/DEBUG] [net.minecraftforge.registries.ForgeRegistry/REGISTRIES]: Registry minecraft:memory_module_type Sync: ACTIVE -> STAGING
[15Aug2026 15:44:39.862] [Render thread/DEBUG] [net.minecraftforge.registries.ForgeRegistry/REGISTRIES]: Registry minecraft:sensor_type Sync: ACTIVE -> STAGING
[15Aug2026 15:44:39.862] [Render thread/DEBUG] [net.minecraftforge.registries.ForgeRegistry/REGISTRIES]: Registry minecraft:schedule Sync: ACTIVE -> STAGING
[15Aug2026 15:44:39.862] [Render thread/DEBUG] [net.minecraftforge.registries.ForgeRegistry/REGISTRIES]: Registry minecraft:activity Sync: ACTIVE -> STAGING
[15Aug2026 15:44:39.864] [Render thread/DEBUG] [net.minecraftforge.registries.ForgeRegistry/REGISTRIES]: Registry minecraft:worldgen/carver Sync: ACTIVE -> STAGING
[15Aug2026 15:44:39.868] [Render thread/DEBUG] [net.minecraftforge.registries.ForgeRegistry/REGISTRIES]: Registry minecraft:worldgen/surface_builder Sync: ACTIVE -> STAGING
[15Aug2026 15:44:39.868] [Render thread/DEBUG] [net.minecraftforge.registries.ForgeRegistry/REGISTRIES]: Registry minecraft:worldgen/feature Sync: ACTIVE -> STAGING
[15Aug2026 15:44:39.869] [Render thread/DEBUG] [net.minecraftforge.registries.ForgeRegistry/REGISTRIES]: Registry minecraft:worldgen/decorator Sync: ACTIVE -> STAGING
[15Aug2026 15:44:39.870] [Render thread/DEBUG] [net.minecraftforge.registries.ForgeRegistry/REGISTRIES]: Registry minecraft:chunk_status Sync: ACTIVE -> STAGING
[15Aug2026 15:44:39.870] [Render thread/DEBUG] [net.minecraftforge.registries.ForgeRegistry/REGISTRIES]: Registry minecraft:worldgen/structure_feature Sync: ACTIVE -> STAGING
[15Aug2026 15:44:39.871] [Render thread/DEBUG] [net.minecraftforge.registries.ForgeRegistry/REGISTRIES]: Registry minecraft:worldgen/block_state_provider_type Sync: ACTIVE -> STAGING
[15Aug2026 15:44:39.871] [Render thread/DEBUG] [net.minecraftforge.registries.ForgeRegistry/REGISTRIES]: Registry minecraft:worldgen/block_placer_type Sync: ACTIVE -> STAGING
[15Aug2026 15:44:39.871] [Render thread/DEBUG] [net.minecraftforge.registries.ForgeRegistry/REGISTRIES]: Registry minecraft:worldgen/foliage_placer_type Sync: ACTIVE -> STAGING
[15Aug2026 15:44:39.871] [Render thread/DEBUG] [net.minecraftforge.registries.ForgeRegistry/REGISTRIES]: Registry minecraft:worldgen/tree_decorator_type Sync: ACTIVE -> STAGING
[15Aug2026 15:44:39.871] [Render thread/DEBUG] [net.minecraftforge.registries.ForgeRegistry/REGISTRIES]: Registry minecraft:worldgen/biome Sync: ACTIVE -> STAGING
[15Aug2026 15:44:39.872] [Render thread/DEBUG] [net.minecraftforge.registries.ForgeRegistry/REGISTRIES]: Registry minecraft:data_serializers Sync: ACTIVE -> STAGING
[15Aug2026 15:44:39.873] [Render thread/DEBUG] [net.minecraftforge.registries.ForgeRegistry/REGISTRIES]: Registry forge:loot_modifier_serializers Sync: ACTIVE -> STAGING
[15Aug2026 15:44:39.873] [Render thread/DEBUG] [net.minecraftforge.registries.ForgeRegistry/REGISTRIES]: Registry forge:world_types Sync: ACTIVE -> STAGING
[15Aug2026 15:44:40.700] [Render thread/DEBUG] [net.minecraftforge.registries.ObjectHolderRegistry/REGISTRIES]: Applying holder lookups
[15Aug2026 15:44:40.707] [Render thread/DEBUG] [net.minecraftforge.registries.ObjectHolderRegistry/REGISTRIES]: Holder lookups applied
[15Aug2026 15:44:40.970] [Render thread/DEBUG] [net.minecraftforge.fml.server.ServerLifecycleHooks/CORE]: Generating PackInfo named mod:forge for mod file C:\Users\ch\.gradle\caches\forge_gradle\minecraft_user_repo\net\minecraftforge\forge\1.16.5-36.2.42_mapped_official_1.16.5\forge-1.16.5-36.2.42_mapped_official_1.16.5.jar
[15Aug2026 15:44:40.971] [Render thread/DEBUG] [net.minecraftforge.fml.server.ServerLifecycleHooks/CORE]: Generating PackInfo named mod:mcbotai for mod file C:\Users\ch\Downloads\McBotAI\build\resources\main
[15Aug2026 15:44:40.972] [Render thread/DEBUG] [net.minecraftforge.common.ForgeTagHandler/]: Gathering custom tag collection reader from types.
[15Aug2026 15:44:40.989] [Render thread/WARN] [net.minecraft.command.Commands/]: Ambiguity between arguments [teleport, destination] and [teleport, targets] with inputs: [Player, 0123, @e, dd12be42-52a9-4a91-a8a1-11c01849e498]
[15Aug2026 15:44:40.991] [Render thread/WARN] [net.minecraft.command.Commands/]: Ambiguity between arguments [teleport, location] and [teleport, destination] with inputs: [0.1 -0.5 .9, 0 0 0]
[15Aug2026 15:44:40.993] [Render thread/WARN] [net.minecraft.command.Commands/]: Ambiguity between arguments [teleport, location] and [teleport, targets] with inputs: [0.1 -0.5 .9, 0 0 0]
[15Aug2026 15:44:40.995] [Render thread/WARN] [net.minecraft.command.Commands/]: Ambiguity between arguments [teleport, targets] and [teleport, destination] with inputs: [Player, 0123, dd12be42-52a9-4a91-a8a1-11c01849e498]
[15Aug2026 15:44:40.997] [Render thread/WARN] [net.minecraft.command.Commands/]: Ambiguity between arguments [teleport, targets, location] and [teleport, targets, destination] with inputs: [0.1 -0.5 .9, 0 0 0]
[15Aug2026 15:44:40.998] [Render thread/INFO] [net.minecraft.resources.SimpleReloadableResourceManager/]: Reloading ResourceManager: Default, forge-1.16.5-36.2.42_mapped_official_1.16.5.jar, main
[15Aug2026 15:44:44.550] [Render thread/INFO] [net.minecraft.item.crafting.RecipeManager/]: Loaded 7 recipes
[15Aug2026 15:44:45.848] [Render thread/INFO] [net.minecraft.advancements.AdvancementList/]: Loaded 927 advancements
[15Aug2026 15:44:45.912] [Render thread/INFO] [net.minecraftforge.registries.GameData/REGISTRIES]: Injecting existing registry data into this CLIENT instance
[15Aug2026 15:44:45.973] [Render thread/DEBUG] [net.minecraftforge.registries.ForgeRegistry/REGISTRIES]: Registry minecraft:block Sync: ACTIVE -> STAGING
[15Aug2026 15:44:45.984] [Render thread/DEBUG] [net.minecraftforge.registries.ForgeRegistry/REGISTRIES]: Registry minecraft:fluid Sync: ACTIVE -> STAGING
[15Aug2026 15:44:45.985] [Render thread/DEBUG] [net.minecraftforge.registries.ForgeRegistry/REGISTRIES]: Registry minecraft:item Sync: ACTIVE -> STAGING
[15Aug2026 15:44:45.992] [Render thread/DEBUG] [net.minecraftforge.registries.ForgeRegistry/REGISTRIES]: Registry minecraft:mob_effect Sync: ACTIVE -> STAGING
[15Aug2026 15:44:45.993] [Render thread/DEBUG] [net.minecraftforge.registries.ForgeRegistry/REGISTRIES]: Registry minecraft:sound_event Sync: ACTIVE -> STAGING
[15Aug2026 15:44:45.999] [Render thread/DEBUG] [net.minecraftforge.registries.ForgeRegistry/REGISTRIES]: Registry minecraft:potion Sync: ACTIVE -> STAGING
[15Aug2026 15:44:46.000] [Render thread/DEBUG] [net.minecraftforge.registries.ForgeRegistry/REGISTRIES]: Registry minecraft:enchantment Sync: ACTIVE -> STAGING
[15Aug2026 15:44:46.000] [Render thread/DEBUG] [net.minecraftforge.registries.ForgeRegistry/REGISTRIES]: Registry minecraft:entity_type Sync: ACTIVE -> STAGING
[15Aug2026 15:44:46.001] [Render thread/DEBUG] [net.minecraftforge.registries.ForgeRegistry/REGISTRIES]: Registry minecraft:block_entity_type Sync: ACTIVE -> STAGING
[15Aug2026 15:44:46.002] [Render thread/DEBUG] [net.minecraftforge.registries.ForgeRegistry/REGISTRIES]: Registry minecraft:particle_type Sync: ACTIVE -> STAGING
[15Aug2026 15:44:46.003] [Render thread/DEBUG] [net.minecraftforge.registries.ForgeRegistry/REGISTRIES]: Registry minecraft:menu Sync: ACTIVE -> STAGING
[15Aug2026 15:44:46.003] [Render thread/DEBUG] [net.minecraftforge.registries.ForgeRegistry/REGISTRIES]: Registry minecraft:motive Sync: ACTIVE -> STAGING
[15Aug2026 15:44:46.003] [Render thread/DEBUG] [net.minecraftforge.registries.ForgeRegistry/REGISTRIES]: Registry minecraft:recipe_serializer Sync: ACTIVE -> STAGING
[15Aug2026 15:44:46.004] [Render thread/DEBUG] [net.minecraftforge.registries.ForgeRegistry/REGISTRIES]: Registry minecraft:attribute Sync: ACTIVE -> STAGING
[15Aug2026 15:44:46.004] [Render thread/DEBUG] [net.minecraftforge.registries.ForgeRegistry/REGISTRIES]: Registry minecraft:stat_type Sync: ACTIVE -> STAGING
[15Aug2026 15:44:46.004] [Render thread/DEBUG] [net.minecraftforge.registries.ForgeRegistry/REGISTRIES]: Registry minecraft:villager_profession Sync: ACTIVE -> STAGING
[15Aug2026 15:44:46.004] [Render thread/DEBUG] [net.minecraftforge.registries.ForgeRegistry/REGISTRIES]: Registry minecraft:point_of_interest_type Sync: ACTIVE -> STAGING
[15Aug2026 15:44:46.005] [Render thread/DEBUG] [net.minecraftforge.registries.ForgeRegistry/REGISTRIES]: Registry minecraft:memory_module_type Sync: ACTIVE -> STAGING
[15Aug2026 15:44:46.006] [Render thread/DEBUG] [net.minecraftforge.registries.ForgeRegistry/REGISTRIES]: Registry minecraft:sensor_type Sync: ACTIVE -> STAGING
[15Aug2026 15:44:46.006] [Render thread/DEBUG] [net.minecraftforge.registries.ForgeRegistry/REGISTRIES]: Registry minecraft:schedule Sync: ACTIVE -> STAGING
[15Aug2026 15:44:46.009] [Render thread/DEBUG] [net.minecraftforge.registries.ForgeRegistry/REGISTRIES]: Registry minecraft:activity Sync: ACTIVE -> STAGING
[15Aug2026 15:44:46.009] [Render thread/DEBUG] [net.minecraftforge.registries.ForgeRegistry/REGISTRIES]: Registry minecraft:worldgen/carver Sync: ACTIVE -> STAGING
[15Aug2026 15:44:46.009] [Render thread/DEBUG] [net.minecraftforge.registries.ForgeRegistry/REGISTRIES]: Registry minecraft:worldgen/surface_builder Sync: ACTIVE -> STAGING
[15Aug2026 15:44:46.009] [Render thread/DEBUG] [net.minecraftforge.registries.ForgeRegistry/REGISTRIES]: Registry minecraft:worldgen/feature Sync: ACTIVE -> STAGING
[15Aug2026 15:44:46.009] [Render thread/DEBUG] [net.minecraftforge.registries.ForgeRegistry/REGISTRIES]: Registry minecraft:worldgen/decorator Sync: ACTIVE -> STAGING
[15Aug2026 15:44:46.010] [Render thread/DEBUG] [net.minecraftforge.registries.ForgeRegistry/REGISTRIES]: Registry minecraft:chunk_status Sync: ACTIVE -> STAGING
[15Aug2026 15:44:46.010] [Render thread/DEBUG] [net.minecraftforge.registries.ForgeRegistry/REGISTRIES]: Registry minecraft:worldgen/structure_feature Sync: ACTIVE -> STAGING
[15Aug2026 15:44:46.010] [Render thread/DEBUG] [net.minecraftforge.registries.ForgeRegistry/REGISTRIES]: Registry minecraft:worldgen/block_state_provider_type Sync: ACTIVE -> STAGING
[15Aug2026 15:44:46.010] [Render thread/DEBUG] [net.minecraftforge.registries.ForgeRegistry/REGISTRIES]: Registry minecraft:worldgen/block_placer_type Sync: ACTIVE -> STAGING
[15Aug2026 15:44:46.010] [Render thread/DEBUG] [net.minecraftforge.registries.ForgeRegistry/REGISTRIES]: Registry minecraft:worldgen/foliage_placer_type Sync: ACTIVE -> STAGING
[15Aug2026 15:44:46.011] [Render thread/DEBUG] [net.minecraftforge.registries.ForgeRegistry/REGISTRIES]: Registry minecraft:worldgen/tree_decorator_type Sync: ACTIVE -> STAGING
[15Aug2026 15:44:46.011] [Render thread/DEBUG] [net.minecraftforge.registries.ForgeRegistry/REGISTRIES]: Registry minecraft:worldgen/biome Sync: ACTIVE -> STAGING
[15Aug2026 15:44:46.011] [Render thread/DEBUG] [net.minecraftforge.registries.ForgeRegistry/REGISTRIES]: Registry minecraft:data_serializers Sync: ACTIVE -> STAGING
[15Aug2026 15:44:46.011] [Render thread/DEBUG] [net.minecraftforge.registries.ForgeRegistry/REGISTRIES]: Registry forge:loot_modifier_serializers Sync: ACTIVE -> STAGING
[15Aug2026 15:44:46.011] [Render thread/DEBUG] [net.minecraftforge.registries.ForgeRegistry/REGISTRIES]: Registry forge:world_types Sync: ACTIVE -> STAGING
[15Aug2026 15:44:46.783] [Render thread/DEBUG] [net.minecraftforge.registries.ObjectHolderRegistry/REGISTRIES]: Applying holder lookups
[15Aug2026 15:44:46.784] [Render thread/DEBUG] [net.minecraftforge.registries.ObjectHolderRegistry/REGISTRIES]: Holder lookups applied
[15Aug2026 15:44:46.879] [Render thread/DEBUG] [net.minecraftforge.fml.FMLWorldPersistenceHook/WP]: Gathering id map for writing to world save New World
[15Aug2026 15:44:46.906] [Render thread/DEBUG] [net.minecraftforge.fml.FMLWorldPersistenceHook/WP]: ID Map collection complete New World
[15Aug2026 15:44:47.670] [Render thread/INFO] [com.mojang.authlib.yggdrasil.YggdrasilAuthenticationService/]: Environment: authHost='https://authserver.mojang.com', accountsHost='https://api.mojang.com', sessionHost='https://sessionserver.mojang.com', servicesHost='https://api.minecraftservices.com', name='PROD'
[15Aug2026 15:44:47.751] [Server thread/INFO] [net.minecraft.server.integrated.IntegratedServer/]: Starting integrated minecraft server version 1.16.5
[15Aug2026 15:44:47.751] [Server thread/INFO] [net.minecraft.server.MinecraftServer/]: Generating keypair
[15Aug2026 15:44:47.929] [Server thread/DEBUG] [net.minecraftforge.fml.loading.FileUtils/CORE]: Found existing serverconfig directory : .\saves\New World\serverconfig
[15Aug2026 15:44:47.930] [Server thread/DEBUG] [net.minecraftforge.fml.config.ConfigTracker/CONFIG]: Loading configs type SERVER
[15Aug2026 15:44:47.931] [Server thread/DEBUG] [net.minecraftforge.fml.config.ConfigFileTypeHandler/CONFIG]: Built TOML config for .\saves\New World\serverconfig\forge-server.toml
[15Aug2026 15:44:47.933] [Server thread/DEBUG] [net.minecraftforge.fml.config.ConfigFileTypeHandler/CONFIG]: Loaded TOML config file .\saves\New World\serverconfig\forge-server.toml
[15Aug2026 15:44:47.937] [Server thread/DEBUG] [net.minecraftforge.fml.config.ConfigFileTypeHandler/CONFIG]: Watching TOML config file .\saves\New World\serverconfig\forge-server.toml for changes
[15Aug2026 15:44:47.939] [Server thread/DEBUG] [net.minecraftforge.common.ForgeConfig/FORGEMOD]: Loaded forge config file forge-server.toml
[15Aug2026 15:44:48.295] [Server thread/INFO] [net.minecraft.server.MinecraftServer/]: Preparing start region for dimension minecraft:overworld
[15Aug2026 15:44:50.395] [Render thread/INFO] [net.minecraft.world.chunk.listener.LoggingChunkStatusListener/]: Preparing spawn area: 0%
[15Aug2026 15:44:50.426] [Render thread/INFO] [net.minecraft.world.chunk.listener.LoggingChunkStatusListener/]: Preparing spawn area: 0%
[15Aug2026 15:44:50.426] [Render thread/INFO] [net.minecraft.world.chunk.listener.LoggingChunkStatusListener/]: Preparing spawn area: 0%
[15Aug2026 15:44:50.427] [Render thread/INFO] [net.minecraft.world.chunk.listener.LoggingChunkStatusListener/]: Preparing spawn area: 0%
[15Aug2026 15:44:50.621] [Render thread/INFO] [net.minecraft.world.chunk.listener.LoggingChunkStatusListener/]: Preparing spawn area: 0%
[15Aug2026 15:44:50.968] [Render thread/INFO] [net.minecraft.world.chunk.listener.LoggingChunkStatusListener/]: Preparing spawn area: 74%
[15Aug2026 15:44:51.519] [Render thread/INFO] [net.minecraft.world.chunk.listener.LoggingChunkStatusListener/]: Preparing spawn area: 83%
[15Aug2026 15:44:51.994] [Render thread/INFO] [net.minecraft.world.chunk.listener.LoggingChunkStatusListener/]: Preparing spawn area: 91%
[15Aug2026 15:44:52.653] [Render thread/INFO] [net.minecraft.world.chunk.listener.LoggingChunkStatusListener/]: Preparing spawn area: 91%
[15Aug2026 15:44:53.075] [Render thread/INFO] [net.minecraft.world.chunk.listener.LoggingChunkStatusListener/]: Preparing spawn area: 95%
[15Aug2026 15:44:54.006] [Render thread/INFO] [net.minecraft.world.chunk.listener.LoggingChunkStatusListener/]: Time elapsed: 5564 ms
[15Aug2026 15:44:54.062] [Server thread/DEBUG] [io.netty.buffer.AbstractByteBuf/]: -Dio.netty.buffer.bytebuf.checkAccessible: true
[15Aug2026 15:44:54.066] [Server thread/DEBUG] [io.netty.util.ResourceLeakDetectorFactory/]: Loaded default ResourceLeakDetector: io.netty.util.ResourceLeakDetector@2df24e5e
[15Aug2026 15:44:54.569] [Server thread/INFO] [net.minecraft.server.integrated.IntegratedServer/]: Changing view distance to 2, from 10
[15Aug2026 15:44:54.720] [Render thread/DEBUG] [io.netty.channel.MultithreadEventLoopGroup/]: -Dio.netty.eventLoopThreads: 4
[15Aug2026 15:44:54.935] [Render thread/DEBUG] [io.netty.channel.nio.NioEventLoop/]: -Dio.netty.noKeySetOptimization: false
[15Aug2026 15:44:54.936] [Render thread/DEBUG] [io.netty.channel.nio.NioEventLoop/]: -Dio.netty.selectorAutoRebuildThreshold: 512
[15Aug2026 15:44:54.958] [Render thread/DEBUG] [io.netty.util.internal.PlatformDependent/]: org.jctools-core.MpscChunkedArrayQueue: available
[15Aug2026 15:44:55.357] [Render thread/DEBUG] [io.netty.channel.DefaultChannelId/]: -Dio.netty.processId: 7684 (auto-detected)
[15Aug2026 15:44:55.366] [Render thread/DEBUG] [io.netty.util.NetUtil/]: -Djava.net.preferIPv4Stack: false
[15Aug2026 15:44:55.367] [Render thread/DEBUG] [io.netty.util.NetUtil/]: -Djava.net.preferIPv6Addresses: false
[15Aug2026 15:44:56.067] [Render thread/DEBUG] [io.netty.util.NetUtil/]: Loopback interface: lo (Software Loopback Interface 1, 127.0.0.1)
[15Aug2026 15:44:56.069] [Render thread/DEBUG] [io.netty.util.NetUtil/]: Failed to get SOMAXCONN from sysctl and file \proc\sys\net\core\somaxconn. Default: 200
[15Aug2026 15:44:56.220] [Render thread/DEBUG] [io.netty.channel.DefaultChannelId/]: -Dio.netty.machineId: 4c:72:b9:ff:fe:57:7d:6a (auto-detected)
[15Aug2026 15:44:56.369] [Render thread/DEBUG] [io.netty.buffer.PooledByteBufAllocator/]: -Dio.netty.allocator.numHeapArenas: 4
[15Aug2026 15:44:56.369] [Render thread/DEBUG] [io.netty.buffer.PooledByteBufAllocator/]: -Dio.netty.allocator.numDirectArenas: 4
[15Aug2026 15:44:56.369] [Render thread/DEBUG] [io.netty.buffer.PooledByteBufAllocator/]: -Dio.netty.allocator.pageSize: 8192
[15Aug2026 15:44:56.369] [Render thread/DEBUG] [io.netty.buffer.PooledByteBufAllocator/]: -Dio.netty.allocator.maxOrder: 11
[15Aug2026 15:44:56.369] [Render thread/DEBUG] [io.netty.buffer.PooledByteBufAllocator/]: -Dio.netty.allocator.chunkSize: 16777216
[15Aug2026 15:44:56.369] [Render thread/DEBUG] [io.netty.buffer.PooledByteBufAllocator/]: -Dio.netty.allocator.tinyCacheSize: 512
[15Aug2026 15:44:56.370] [Render thread/DEBUG] [io.netty.buffer.PooledByteBufAllocator/]: -Dio.netty.allocator.smallCacheSize: 256
[15Aug2026 15:44:56.370] [Render thread/DEBUG] [io.netty.buffer.PooledByteBufAllocator/]: -Dio.netty.allocator.normalCacheSize: 64
[15Aug2026 15:44:56.370] [Render thread/DEBUG] [io.netty.buffer.PooledByteBufAllocator/]: -Dio.netty.allocator.maxCachedBufferCapacity: 32768
[15Aug2026 15:44:56.370] [Render thread/DEBUG] [io.netty.buffer.PooledByteBufAllocator/]: -Dio.netty.allocator.cacheTrimInterval: 8192
[15Aug2026 15:44:56.370] [Render thread/DEBUG] [io.netty.buffer.PooledByteBufAllocator/]: -Dio.netty.allocator.useCacheForAllThreads: true
[15Aug2026 15:44:56.384] [Render thread/DEBUG] [io.netty.buffer.ByteBufUtil/]: -Dio.netty.allocator.type: pooled
[15Aug2026 15:44:56.384] [Render thread/DEBUG] [io.netty.buffer.ByteBufUtil/]: -Dio.netty.threadLocalDirectBufferSize: 0
[15Aug2026 15:44:56.384] [Render thread/DEBUG] [io.netty.buffer.ByteBufUtil/]: -Dio.netty.maxThreadLocalCharBufferSize: 16384
[15Aug2026 15:44:56.614] [Netty Local Client IO #0/DEBUG] [net.minecraftforge.fml.network.FMLHandshakeHandler/FMLHANDSHAKE]: Starting local connection.
[15Aug2026 15:44:56.821] [Netty Local Client IO #0/DEBUG] [net.minecraftforge.coremod.transformer.CoreModBaseTransformer/COREMOD]: Transforming net/minecraft/network/play/client/CClientSettingsPacket
[15Aug2026 15:44:56.978] [Netty Local Client IO #0/DEBUG] [io.netty.util.Recycler/]: -Dio.netty.recycler.maxCapacityPerThread: 4096
[15Aug2026 15:44:56.978] [Netty Local Client IO #0/DEBUG] [io.netty.util.Recycler/]: -Dio.netty.recycler.maxSharedCapacityFactor: 2
[15Aug2026 15:44:56.978] [Netty Local Client IO #0/DEBUG] [io.netty.util.Recycler/]: -Dio.netty.recycler.linkCapacity: 16
[15Aug2026 15:44:56.978] [Netty Local Client IO #0/DEBUG] [io.netty.util.Recycler/]: -Dio.netty.recycler.ratio: 8
[15Aug2026 15:44:57.000] [Netty Server IO #1/DEBUG] [net.minecraftforge.fml.network.FMLHandshakeHandler/FMLHANDSHAKE]: Starting local connection.
[15Aug2026 15:44:57.670] [Server thread/DEBUG] [net.minecraftforge.fml.network.FMLHandshakeHandler/FMLHANDSHAKE]: Sending ticking packet info 'net.minecraftforge.fml.network.FMLHandshakeMessages$S2CModList' to 'fml:handshake' sequence 0
[15Aug2026 15:44:57.729] [Server thread/DEBUG] [net.minecraftforge.fml.network.FMLHandshakeHandler/FMLHANDSHAKE]: Sending ticking packet info 'Config forge-server.toml' to 'fml:handshake' sequence 1
[15Aug2026 15:44:57.743] [Netty Local Client IO #0/DEBUG] [net.minecraftforge.fml.network.FMLLoginWrapper/FMLHANDSHAKE]: Recieved login wrapper packet event for channel fml:handshake with index 0
[15Aug2026 15:44:57.747] [Netty Local Client IO #0/DEBUG] [net.minecraftforge.fml.network.FMLHandshakeHandler/FMLHANDSHAKE]: Logging into server with mod list [minecraft, forge, mcbotai]
[15Aug2026 15:44:57.749] [Netty Local Client IO #0/DEBUG] [net.minecraftforge.fml.network.NetworkRegistry/NETREGISTRY]: Channel 'fml:loginwrapper' : Version test of 'FML2' from server : ACCEPTED
[15Aug2026 15:44:57.749] [Netty Local Client IO #0/DEBUG] [net.minecraftforge.fml.network.NetworkRegistry/NETREGISTRY]: Channel 'fml:handshake' : Version test of 'FML2' from server : ACCEPTED
[15Aug2026 15:44:57.749] [Netty Local Client IO #0/DEBUG] [net.minecraftforge.fml.network.NetworkRegistry/NETREGISTRY]: Channel 'forge:split_11' : Version test of '1.1' from server : ACCEPTED
[15Aug2026 15:44:57.749] [Netty Local Client IO #0/DEBUG] [net.minecraftforge.fml.network.NetworkRegistry/NETREGISTRY]: Channel 'minecraft:unregister' : Version test of 'FML2' from server : ACCEPTED
[15Aug2026 15:44:57.749] [Netty Local Client IO #0/DEBUG] [net.minecraftforge.fml.network.NetworkRegistry/NETREGISTRY]: Channel 'fml:play' : Version test of 'FML2' from server : ACCEPTED
[15Aug2026 15:44:57.749] [Netty Local Client IO #0/DEBUG] [net.minecraftforge.fml.network.NetworkRegistry/NETREGISTRY]: Channel 'minecraft:register' : Version test of 'FML2' from server : ACCEPTED
[15Aug2026 15:44:57.750] [Netty Local Client IO #0/DEBUG] [net.minecraftforge.fml.network.NetworkRegistry/NETREGISTRY]: Channel 'forge:split' : Version test of '1.0' from server : ACCEPTED
[15Aug2026 15:44:57.750] [Netty Local Client IO #0/DEBUG] [net.minecraftforge.fml.network.NetworkRegistry/NETREGISTRY]: Accepting channel list from server
[15Aug2026 15:44:57.752] [Netty Local Client IO #0/DEBUG] [net.minecraftforge.fml.network.FMLLoginWrapper/FMLHANDSHAKE]: Dispatching wrapped packet reply for channel fml:handshake with index 0
[15Aug2026 15:44:57.758] [Netty Local Client IO #0/DEBUG] [net.minecraftforge.fml.network.FMLHandshakeHandler/FMLHANDSHAKE]: Accepted server connection
[15Aug2026 15:44:57.760] [Netty Local Client IO #0/DEBUG] [net.minecraftforge.fml.network.FMLHandshakeHandler/REGISTRIES]: Expecting 16 registries: [minecraft:recipe_serializer, minecraft:sound_event, minecraft:particle_type, minecraft:villager_profession, minecraft:item, minecraft:potion, minecraft:block_entity_type, minecraft:block, minecraft:data_serializers, minecraft:mob_effect, minecraft:stat_type, minecraft:menu, minecraft:enchantment, minecraft:motive, minecraft:fluid, minecraft:entity_type]
[15Aug2026 15:44:57.760] [Netty Local Client IO #0/DEBUG] [net.minecraftforge.fml.network.FMLLoginWrapper/FMLHANDSHAKE]: Recieved login wrapper packet event for channel fml:handshake with index 1
[15Aug2026 15:44:57.762] [Netty Local Client IO #0/DEBUG] [net.minecraftforge.fml.network.FMLHandshakeHandler/FMLHANDSHAKE]: Received config sync from server
[15Aug2026 15:44:57.762] [Netty Local Client IO #0/DEBUG] [net.minecraftforge.fml.network.FMLLoginWrapper/FMLHANDSHAKE]: Dispatching wrapped packet reply for channel fml:handshake with index 1
[15Aug2026 15:44:57.801] [Netty Server IO #1/DEBUG] [net.minecraftforge.fml.network.FMLLoginWrapper/FMLHANDSHAKE]: Recieved login wrapper packet event for channel fml:handshake with index 0
[15Aug2026 15:44:57.802] [Netty Server IO #1/DEBUG] [net.minecraftforge.fml.network.FMLHandshakeHandler/FMLHANDSHAKE]: Received client indexed reply 0 of type net.minecraftforge.fml.network.FMLHandshakeMessages$C2SModListReply
[15Aug2026 15:44:57.803] [Netty Server IO #1/DEBUG] [net.minecraftforge.fml.network.FMLHandshakeHandler/FMLHANDSHAKE]: Received client connection with modlist [minecraft, forge, mcbotai]
[15Aug2026 15:44:57.804] [Netty Server IO #1/DEBUG] [net.minecraftforge.fml.network.NetworkRegistry/NETREGISTRY]: Channel 'fml:loginwrapper' : Version test of 'FML2' from client : ACCEPTED
[15Aug2026 15:44:57.804] [Netty Server IO #1/DEBUG] [net.minecraftforge.fml.network.NetworkRegistry/NETREGISTRY]: Channel 'fml:handshake' : Version test of 'FML2' from client : ACCEPTED
[15Aug2026 15:44:57.804] [Netty Server IO #1/DEBUG] [net.minecraftforge.fml.network.NetworkRegistry/NETREGISTRY]: Channel 'forge:split_11' : Version test of '1.1' from client : ACCEPTED
[15Aug2026 15:44:57.804] [Netty Server IO #1/DEBUG] [net.minecraftforge.fml.network.NetworkRegistry/NETREGISTRY]: Channel 'minecraft:unregister' : Version test of 'FML2' from client : ACCEPTED
[15Aug2026 15:44:57.804] [Netty Server IO #1/DEBUG] [net.minecraftforge.fml.network.NetworkRegistry/NETREGISTRY]: Channel 'fml:play' : Version test of 'FML2' from client : ACCEPTED
[15Aug2026 15:44:57.804] [Netty Server IO #1/DEBUG] [net.minecraftforge.fml.network.NetworkRegistry/NETREGISTRY]: Channel 'minecraft:register' : Version test of 'FML2' from client : ACCEPTED
[15Aug2026 15:44:57.804] [Netty Server IO #1/DEBUG] [net.minecraftforge.fml.network.NetworkRegistry/NETREGISTRY]: Channel 'forge:split' : Version test of '1.0' from client : ACCEPTED
[15Aug2026 15:44:57.804] [Netty Server IO #1/DEBUG] [net.minecraftforge.fml.network.NetworkRegistry/NETREGISTRY]: Accepting channel list from client
[15Aug2026 15:44:57.807] [Netty Server IO #1/DEBUG] [net.minecraftforge.fml.network.FMLHandshakeHandler/FMLHANDSHAKE]: Accepted client connection mod list
[15Aug2026 15:44:57.807] [Netty Server IO #1/DEBUG] [net.minecraftforge.fml.network.FMLLoginWrapper/FMLHANDSHAKE]: Recieved login wrapper packet event for channel fml:handshake with index 1
[15Aug2026 15:44:57.807] [Netty Server IO #1/DEBUG] [net.minecraftforge.fml.network.FMLHandshakeHandler/FMLHANDSHAKE]: Received client indexed reply 1 of type net.minecraftforge.fml.network.FMLHandshakeMessages$C2SAcknowledge
[15Aug2026 15:44:57.807] [Netty Server IO #1/DEBUG] [net.minecraftforge.fml.network.FMLHandshakeHandler/FMLHANDSHAKE]: Received acknowledgement from client
[15Aug2026 15:44:57.873] [Server thread/DEBUG] [net.minecraftforge.fml.network.FMLHandshakeHandler/FMLHANDSHAKE]: Handshake complete!
[15Aug2026 15:44:57.895] [Netty Local Client IO #0/INFO] [net.minecraftforge.fml.network.NetworkHooks/]: Connected to a modded server.
[15Aug2026 15:44:58.098] [Server thread/INFO] [net.minecraftforge.common.AdvancementLoadFix/]: Using new advancement loading for net.minecraft.advancements.PlayerAdvancements@7aa66987
[15Aug2026 15:44:58.226] [Server thread/INFO] [net.minecraft.server.management.PlayerList/]: Dev[local:E:18a28c1c] logged in with entity id 98 at (-52.61388801781126, 4.0, -54.12300521063564)
[15Aug2026 15:44:58.315] [Server thread/INFO] [net.minecraft.server.MinecraftServer/]: Dev joined the game
[15Aug2026 15:44:58.984] [Server thread/INFO] [net.minecraft.server.integrated.IntegratedServer/]: Saving and pausing game...
[15Aug2026 15:44:59.042] [Server thread/INFO] [net.minecraft.server.MinecraftServer/]: Saving chunks for level 'ServerLevel[New World]'/minecraft:overworld
[15Aug2026 15:44:59.291] [Render thread/INFO] [net.minecraft.advancements.AdvancementList/]: Loaded 0 advancements
[15Aug2026 15:45:00.053] [Server thread/INFO] [net.minecraft.server.MinecraftServer/]: Saving chunks for level 'ServerLevel[New World]'/minecraft:the_nether
[15Aug2026 15:45:00.054] [Server thread/INFO] [net.minecraft.server.MinecraftServer/]: Saving chunks for level 'ServerLevel[New World]'/minecraft:the_end
[15Aug2026 15:45:00.056] [Server thread/DEBUG] [net.minecraftforge.fml.FMLWorldPersistenceHook/WP]: Gathering id map for writing to world save New World
[15Aug2026 15:45:00.065] [Server thread/DEBUG] [net.minecraftforge.fml.FMLWorldPersistenceHook/WP]: ID Map collection complete New World
[15Aug2026 15:45:00.097] [Server thread/WARN] [net.minecraft.server.MinecraftServer/]: Can't keep up! Is the server overloaded? Running 2059ms or 41 ticks behind
[15Aug2026 15:45:04.880] [Server thread/INFO] [net.minecraft.server.integrated.IntegratedServer/]: Saving and pausing game...
[15Aug2026 15:45:04.887] [Server thread/INFO] [net.minecraft.server.MinecraftServer/]: Saving chunks for level 'ServerLevel[New World]'/minecraft:overworld
[15Aug2026 15:45:04.940] [Server thread/INFO] [net.minecraft.server.MinecraftServer/]: Saving chunks for level 'ServerLevel[New World]'/minecraft:the_nether
[15Aug2026 15:45:04.940] [Server thread/INFO] [net.minecraft.server.MinecraftServer/]: Saving chunks for level 'ServerLevel[New World]'/minecraft:the_end
[15Aug2026 15:45:04.942] [Server thread/DEBUG] [net.minecraftforge.fml.FMLWorldPersistenceHook/WP]: Gathering id map for writing to world save New World
[15Aug2026 15:45:04.948] [Server thread/DEBUG] [net.minecraftforge.fml.FMLWorldPersistenceHook/WP]: ID Map collection complete New World
[15Aug2026 15:45:23.928] [Render thread/INFO] [net.minecraft.network.NetworkSystem/]: Using default channel type
[15Aug2026 15:45:23.944] [Render thread/INFO] [net.minecraft.server.integrated.IntegratedServer/]: Started serving on 54689
[15Aug2026 15:45:23.965] [Render thread/INFO] [net.minecraft.client.gui.NewChatGui/]: [CHAT] Local game hosted on port 54689
[15Aug2026 15:49:17.756] [Netty Server IO #3/DEBUG] [net.minecraftforge.fml.network.NetworkRegistry/NETREGISTRY]: Channel 'fml:loginwrapper' : Vanilla acceptance test: ACCEPTED
[15Aug2026 15:49:17.756] [Netty Server IO #3/DEBUG] [net.minecraftforge.fml.network.NetworkRegistry/NETREGISTRY]: Channel 'fml:handshake' : Vanilla acceptance test: ACCEPTED
[15Aug2026 15:49:17.758] [Netty Server IO #3/DEBUG] [net.minecraftforge.fml.network.NetworkRegistry/NETREGISTRY]: Channel 'forge:split_11' : Vanilla acceptance test: ACCEPTED
[15Aug2026 15:49:17.758] [Netty Server IO #3/DEBUG] [net.minecraftforge.fml.network.NetworkRegistry/NETREGISTRY]: Channel 'minecraft:unregister' : Vanilla acceptance test: ACCEPTED
[15Aug2026 15:49:17.758] [Netty Server IO #3/DEBUG] [net.minecraftforge.fml.network.NetworkRegistry/NETREGISTRY]: Channel 'fml:play' : Vanilla acceptance test: ACCEPTED
[15Aug2026 15:49:17.758] [Netty Server IO #3/DEBUG] [net.minecraftforge.fml.network.NetworkRegistry/NETREGISTRY]: Channel 'minecraft:register' : Vanilla acceptance test: ACCEPTED
[15Aug2026 15:49:17.758] [Netty Server IO #3/DEBUG] [net.minecraftforge.fml.network.NetworkRegistry/NETREGISTRY]: Channel 'forge:split' : Vanilla acceptance test: ACCEPTED
[15Aug2026 15:49:17.758] [Netty Server IO #3/DEBUG] [net.minecraftforge.fml.network.NetworkRegistry/NETREGISTRY]: Accepting channel list from vanilla
[15Aug2026 15:49:17.759] [Netty Server IO #3/DEBUG] [net.minecraftforge.fml.network.FMLHandshakeHandler/FMLHANDSHAKE]: Starting new vanilla network connection.
[15Aug2026 15:49:18.634] [Netty Server IO #0/DEBUG] [net.minecraftforge.fml.network.NetworkRegistry/NETREGISTRY]: Channel 'fml:loginwrapper' : Vanilla acceptance test: ACCEPTED
[15Aug2026 15:49:18.635] [Netty Server IO #0/DEBUG] [net.minecraftforge.fml.network.NetworkRegistry/NETREGISTRY]: Channel 'fml:handshake' : Vanilla acceptance test: ACCEPTED
[15Aug2026 15:49:18.635] [Netty Server IO #0/DEBUG] [net.minecraftforge.fml.network.NetworkRegistry/NETREGISTRY]: Channel 'forge:split_11' : Vanilla acceptance test: ACCEPTED
[15Aug2026 15:49:18.635] [Netty Server IO #0/DEBUG] [net.minecraftforge.fml.network.NetworkRegistry/NETREGISTRY]: Channel 'minecraft:unregister' : Vanilla acceptance test: ACCEPTED
[15Aug2026 15:49:18.635] [Netty Server IO #0/DEBUG] [net.minecraftforge.fml.network.NetworkRegistry/NETREGISTRY]: Channel 'fml:play' : Vanilla acceptance test: ACCEPTED
[15Aug2026 15:49:18.635] [Netty Server IO #0/DEBUG] [net.minecraftforge.fml.network.NetworkRegistry/NETREGISTRY]: Channel 'minecraft:register' : Vanilla acceptance test: ACCEPTED
[15Aug2026 15:49:18.635] [Netty Server IO #0/DEBUG] [net.minecraftforge.fml.network.NetworkRegistry/NETREGISTRY]: Channel 'forge:split' : Vanilla acceptance test: ACCEPTED
[15Aug2026 15:49:18.635] [Netty Server IO #0/DEBUG] [net.minecraftforge.fml.network.NetworkRegistry/NETREGISTRY]: Accepting channel list from vanilla
[15Aug2026 15:49:18.635] [Netty Server IO #0/DEBUG] [net.minecraftforge.fml.network.FMLHandshakeHandler/FMLHANDSHAKE]: Starting new vanilla network connection.
[15Aug2026 15:49:19.220] [User Authenticator #1/WARN] [net.minecraft.network.login.ServerLoginNetHandler/]: Authentication servers are down but will let them in anyway!
[15Aug2026 15:49:19.237] [Server thread/DEBUG] [net.minecraftforge.fml.network.FMLHandshakeHandler/FMLHANDSHAKE]: Handshake complete!
[15Aug2026 15:49:19.274] [Server thread/INFO] [net.minecraftforge.common.AdvancementLoadFix/]: Using new advancement loading for net.minecraft.advancements.PlayerAdvancements@5bc32d4a
[15Aug2026 15:49:19.284] [Server thread/INFO] [net.minecraft.server.management.PlayerList/]: Bhota[/192.168.29.156:54709] logged in with entity id 166 at (-41.5, 4.0, -40.5)
[15Aug2026 15:49:19.286] [Server thread/DEBUG] [net.minecraftforge.network.NetworkFilters/]: Injected net.minecraftforge.network.VanillaConnectionNetworkFilter@61d71929 into net.minecraft.network.NetworkManager@3c8a36eb
[15Aug2026 15:49:19.316] [Server thread/INFO] [net.minecraft.server.MinecraftServer/]: Bhota joined the game
[15Aug2026 15:49:19.478] [User Authenticator #2/WARN] [net.minecraft.network.login.ServerLoginNetHandler/]: Failed to verify username but will let them in anyway!
[15Aug2026 15:49:19.487] [Render thread/INFO] [net.minecraft.client.gui.NewChatGui/]: [CHAT] Bhota joined the game
[15Aug2026 15:49:19.572] [Server thread/DEBUG] [net.minecraftforge.fml.network.FMLHandshakeHandler/FMLHANDSHAKE]: Handshake complete!
[15Aug2026 15:49:19.656] [Server thread/INFO] [net.minecraft.network.play.ServerPlayNetHandler/]: Bhota lost connection: You logged in from another location
[15Aug2026 15:49:19.657] [Server thread/INFO] [net.minecraft.server.MinecraftServer/]: Bhota left the game
[15Aug2026 15:49:19.674] [Server thread/INFO] [net.minecraft.server.management.PlayerList/]: Bhota[/192.168.29.156:54710] logged in with entity id 168 at (-41.5, 4.0, -40.5)
[15Aug2026 15:49:19.675] [Server thread/DEBUG] [net.minecraftforge.network.NetworkFilters/]: Injected net.minecraftforge.network.VanillaConnectionNetworkFilter@681429fb into net.minecraft.network.NetworkManager@46191655
[15Aug2026 15:49:19.697] [Server thread/INFO] [net.minecraft.server.MinecraftServer/]: Bhota joined the game
[15Aug2026 15:49:19.938] [Render thread/INFO] [net.minecraft.client.gui.NewChatGui/]: [CHAT] Bhota left the game
[15Aug2026 15:49:19.938] [Render thread/INFO] [net.minecraft.client.gui.NewChatGui/]: [CHAT] Bhota joined the game
[15Aug2026 15:49:21.274] [Server thread/INFO] [net.minecraft.server.MinecraftServer/]: <Bhota> Bot online. Mention me and tell me what you want, or use !help.
[15Aug2026 15:49:25.671] [Netty Server IO #1/DEBUG] [net.minecraftforge.fml.network.NetworkRegistry/NETREGISTRY]: Channel 'fml:loginwrapper' : Vanilla acceptance test: ACCEPTED
[15Aug2026 15:49:25.671] [Netty Server IO #1/DEBUG] [net.minecraftforge.fml.network.NetworkRegistry/NETREGISTRY]: Channel 'fml:handshake' : Vanilla acceptance test: ACCEPTED
[15Aug2026 15:49:25.671] [Netty Server IO #1/DEBUG] [net.minecraftforge.fml.network.NetworkRegistry/NETREGISTRY]: Channel 'forge:split_11' : Vanilla acceptance test: ACCEPTED
[15Aug2026 15:49:25.671] [Netty Server IO #1/DEBUG] [net.minecraftforge.fml.network.NetworkRegistry/NETREGISTRY]: Channel 'minecraft:unregister' : Vanilla acceptance test: ACCEPTED
[15Aug2026 15:49:25.671] [Netty Server IO #1/DEBUG] [net.minecraftforge.fml.network.NetworkRegistry/NETREGISTRY]: Channel 'fml:play' : Vanilla acceptance test: ACCEPTED
[15Aug2026 15:49:25.672] [Netty Server IO #1/DEBUG] [net.minecraftforge.fml.network.NetworkRegistry/NETREGISTRY]: Channel 'minecraft:register' : Vanilla acceptance test: ACCEPTED
[15Aug2026 15:49:25.672] [Netty Server IO #1/DEBUG] [net.minecraftforge.fml.network.NetworkRegistry/NETREGISTRY]: Channel 'forge:split' : Vanilla acceptance test: ACCEPTED
[15Aug2026 15:49:25.672] [Netty Server IO #1/DEBUG] [net.minecraftforge.fml.network.NetworkRegistry/NETREGISTRY]: Accepting channel list from vanilla
[15Aug2026 15:49:25.672] [Netty Server IO #1/DEBUG] [net.minecraftforge.fml.network.FMLHandshakeHandler/FMLHANDSHAKE]: Starting new vanilla network connection.
[15Aug2026 15:49:26.897] [User Authenticator #3/WARN] [net.minecraft.network.login.ServerLoginNetHandler/]: Failed to verify username but will let them in anyway!
[15Aug2026 15:49:26.986] [Server thread/DEBUG] [net.minecraftforge.fml.network.FMLHandshakeHandler/FMLHANDSHAKE]: Handshake complete!
[15Aug2026 15:49:27.003] [Server thread/INFO] [net.minecraft.network.play.ServerPlayNetHandler/]: Bhota lost connection: You logged in from another location
[15Aug2026 15:49:27.004] [Server thread/INFO] [net.minecraft.server.MinecraftServer/]: Bhota left the game
[15Aug2026 15:49:27.013] [Server thread/INFO] [net.minecraftforge.common.AdvancementLoadFix/]: Using new advancement loading for net.minecraft.advancements.PlayerAdvancements@4632b28a
[15Aug2026 15:49:27.023] [Server thread/WARN] [net.minecraft.network.NetworkManager/]: handleDisconnection() called twice
[15Aug2026 15:49:27.027] [Server thread/INFO] [net.minecraft.server.management.PlayerList/]: Bhota[/192.168.29.156:54715] logged in with entity id 170 at (-41.5, 4.0, -40.5)
[15Aug2026 15:49:27.028] [Server thread/DEBUG] [net.minecraftforge.network.NetworkFilters/]: Injected net.minecraftforge.network.VanillaConnectionNetworkFilter@675c93b8 into net.minecraft.network.NetworkManager@34a9db3b
[15Aug2026 15:49:27.044] [Server thread/INFO] [net.minecraft.server.MinecraftServer/]: Bhota joined the game
[15Aug2026 15:49:27.255] [Render thread/INFO] [net.minecraft.client.gui.NewChatGui/]: [CHAT] Bhota left the game
[15Aug2026 15:49:27.275] [Render thread/INFO] [net.minecraft.client.gui.NewChatGui/]: [CHAT] Bhota joined the game
[15Aug2026 15:49:27.645] [Server thread/INFO] [net.minecraft.server.MinecraftServer/]: <Bhota> Bot online. Mention me and tell me what you want, or use !help.
[15Aug2026 15:49:31.005] [Server thread/INFO] [net.minecraft.server.MinecraftServer/]: <Bhota> > retreatFrom(source="player_attack:Dev")
[15Aug2026 15:49:31.410] [Server thread/INFO] [net.minecraft.server.MinecraftServer/]: <Bhota> > endFlee()
[15Aug2026 15:49:32.126] [Netty Server IO #2/DEBUG] [net.minecraftforge.fml.network.NetworkRegistry/NETREGISTRY]: Channel 'fml:loginwrapper' : Vanilla acceptance test: ACCEPTED
[15Aug2026 15:49:32.126] [Netty Server IO #2/DEBUG] [net.minecraftforge.fml.network.NetworkRegistry/NETREGISTRY]: Channel 'fml:handshake' : Vanilla acceptance test: ACCEPTED
[15Aug2026 15:49:32.126] [Netty Server IO #2/DEBUG] [net.minecraftforge.fml.network.NetworkRegistry/NETREGISTRY]: Channel 'forge:split_11' : Vanilla acceptance test: ACCEPTED
[15Aug2026 15:49:32.126] [Netty Server IO #2/DEBUG] [net.minecraftforge.fml.network.NetworkRegistry/NETREGISTRY]: Channel 'minecraft:unregister' : Vanilla acceptance test: ACCEPTED
[15Aug2026 15:49:32.126] [Netty Server IO #2/DEBUG] [net.minecraftforge.fml.network.NetworkRegistry/NETREGISTRY]: Channel 'fml:play' : Vanilla acceptance test: ACCEPTED
[15Aug2026 15:49:32.126] [Netty Server IO #2/DEBUG] [net.minecraftforge.fml.network.NetworkRegistry/NETREGISTRY]: Channel 'minecraft:register' : Vanilla acceptance test: ACCEPTED
[15Aug2026 15:49:32.126] [Netty Server IO #2/DEBUG] [net.minecraftforge.fml.network.NetworkRegistry/NETREGISTRY]: Channel 'forge:split' : Vanilla acceptance test: ACCEPTED
[15Aug2026 15:49:32.127] [Netty Server IO #2/DEBUG] [net.minecraftforge.fml.network.NetworkRegistry/NETREGISTRY]: Accepting channel list from vanilla
[15Aug2026 15:49:32.127] [Netty Server IO #2/DEBUG] [net.minecraftforge.fml.network.FMLHandshakeHandler/FMLHANDSHAKE]: Starting new vanilla network connection.
[15Aug2026 15:49:32.935] [User Authenticator #4/WARN] [net.minecraft.network.login.ServerLoginNetHandler/]: Failed to verify username but will let them in anyway!
[15Aug2026 15:49:33.001] [Server thread/DEBUG] [net.minecraftforge.fml.network.FMLHandshakeHandler/FMLHANDSHAKE]: Handshake complete!
[15Aug2026 15:49:33.086] [Server thread/INFO] [net.minecraft.network.play.ServerPlayNetHandler/]: Bhota lost connection: You logged in from another location
[15Aug2026 15:49:33.086] [Server thread/INFO] [net.minecraft.server.MinecraftServer/]: Bhota left the game
[15Aug2026 15:49:33.130] [Server thread/INFO] [net.minecraft.server.management.PlayerList/]: Bhota[/192.168.29.156:54716] logged in with entity id 172 at (-37.41927519466488, 4.0, -49.5)
[15Aug2026 15:49:33.144] [Server thread/DEBUG] [net.minecraftforge.network.NetworkFilters/]: Injected net.minecraftforge.network.VanillaConnectionNetworkFilter@6bedd36d into net.minecraft.network.NetworkManager@53d831a
[15Aug2026 15:49:33.185] [Server thread/INFO] [net.minecraft.server.MinecraftServer/]: Bhota joined the game
[15Aug2026 15:49:33.356] [Render thread/INFO] [net.minecraft.client.gui.NewChatGui/]: [CHAT] Bhota left the game
[15Aug2026 15:49:33.357] [Render thread/INFO] [net.minecraft.client.gui.NewChatGui/]: [CHAT] Bhota joined the game
[15Aug2026 15:49:33.615] [Server thread/INFO] [net.minecraft.server.MinecraftServer/]: <Bhota> Bot online. Mention me and tell me what you want, or use !help.
[15Aug2026 15:49:36.667] [Server thread/INFO] [net.minecraft.server.MinecraftServer/]: <Bhota> > retreatFrom(source="player_attack:Dev")
[15Aug2026 15:49:36.924] [Server thread/INFO] [net.minecraft.server.MinecraftServer/]: <Bhota> > endFlee()
[15Aug2026 15:49:38.156] [Netty Server IO #3/DEBUG] [net.minecraftforge.fml.network.NetworkRegistry/NETREGISTRY]: Channel 'fml:loginwrapper' : Vanilla acceptance test: ACCEPTED
[15Aug2026 15:49:38.157] [Netty Server IO #3/DEBUG] [net.minecraftforge.fml.network.NetworkRegistry/NETREGISTRY]: Channel 'fml:handshake' : Vanilla acceptance test: ACCEPTED
[15Aug2026 15:49:38.157] [Netty Server IO #3/DEBUG] [net.minecraftforge.fml.network.NetworkRegistry/NETREGISTRY]: Channel 'forge:split_11' : Vanilla acceptance test: ACCEPTED
[15Aug2026 15:49:38.157] [Netty Server IO #3/DEBUG] [net.minecraftforge.fml.network.NetworkRegistry/NETREGISTRY]: Channel 'minecraft:unregister' : Vanilla acceptance test: ACCEPTED
[15Aug2026 15:49:38.157] [Netty Server IO #3/DEBUG] [net.minecraftforge.fml.network.NetworkRegistry/NETREGISTRY]: Channel 'fml:play' : Vanilla acceptance test: ACCEPTED
[15Aug2026 15:49:38.157] [Netty Server IO #3/DEBUG] [net.minecraftforge.fml.network.NetworkRegistry/NETREGISTRY]: Channel 'minecraft:register' : Vanilla acceptance test: ACCEPTED
[15Aug2026 15:49:38.157] [Netty Server IO #3/DEBUG] [net.minecraftforge.fml.network.NetworkRegistry/NETREGISTRY]: Channel 'forge:split' : Vanilla acceptance test: ACCEPTED
[15Aug2026 15:49:38.157] [Netty Server IO #3/DEBUG] [net.minecraftforge.fml.network.NetworkRegistry/NETREGISTRY]: Accepting channel list from vanilla
[15Aug2026 15:49:38.157] [Netty Server IO #3/DEBUG] [net.minecraftforge.fml.network.FMLHandshakeHandler/FMLHANDSHAKE]: Starting new vanilla network connection.
[15Aug2026 15:49:38.987] [User Authenticator #5/WARN] [net.minecraft.network.login.ServerLoginNetHandler/]: Failed to verify username but will let them in anyway!
[15Aug2026 15:49:38.997] [Server thread/DEBUG] [net.minecraftforge.fml.network.FMLHandshakeHandler/FMLHANDSHAKE]: Handshake complete!
[15Aug2026 15:49:39.052] [Server thread/INFO] [net.minecraft.network.play.ServerPlayNetHandler/]: Bhota lost connection: Disconnected
[15Aug2026 15:49:39.075] [Server thread/INFO] [net.minecraft.server.MinecraftServer/]: Bhota left the game
[15Aug2026 15:49:39.099] [Server thread/INFO] [net.minecraftforge.common.AdvancementLoadFix/]: Using new advancement loading for net.minecraft.advancements.PlayerAdvancements@66df0251
[15Aug2026 15:49:39.107] [Server thread/WARN] [net.minecraft.network.NetworkManager/]: handleDisconnection() called twice
[15Aug2026 15:49:39.109] [Server thread/INFO] [net.minecraft.server.management.PlayerList/]: Bhota[/192.168.29.156:54718] logged in with entity id 174 at (-33.46999488583079, 4.0, -58.5)
[15Aug2026 15:49:39.110] [Server thread/DEBUG] [net.minecraftforge.network.NetworkFilters/]: Injected net.minecraftforge.network.VanillaConnectionNetworkFilter@6a7ce28c into net.minecraft.network.NetworkManager@74afb818
[15Aug2026 15:49:39.127] [Server thread/INFO] [net.minecraft.server.MinecraftServer/]: Bhota joined the game
[15Aug2026 15:49:39.256] [Render thread/INFO] [net.minecraft.client.gui.NewChatGui/]: [CHAT] Bhota left the game
[15Aug2026 15:49:39.257] [Render thread/INFO] [net.minecraft.client.gui.NewChatGui/]: [CHAT] Bhota joined the game
[15Aug2026 15:49:39.454] [Server thread/INFO] [net.minecraft.server.MinecraftServer/]: <Bhota> Bot online. Mention me and tell me what you want, or use !help.
[15Aug2026 15:49:44.268] [Netty Server IO #0/DEBUG] [net.minecraftforge.fml.network.NetworkRegistry/NETREGISTRY]: Channel 'fml:loginwrapper' : Vanilla acceptance test: ACCEPTED
[15Aug2026 15:49:44.268] [Netty Server IO #0/DEBUG] [net.minecraftforge.fml.network.NetworkRegistry/NETREGISTRY]: Channel 'fml:handshake' : Vanilla acceptance test: ACCEPTED
[15Aug2026 15:49:44.268] [Netty Server IO #0/DEBUG] [net.minecraftforge.fml.network.NetworkRegistry/NETREGISTRY]: Channel 'forge:split_11' : Vanilla acceptance test: ACCEPTED
[15Aug2026 15:49:44.268] [Netty Server IO #0/DEBUG] [net.minecraftforge.fml.network.NetworkRegistry/NETREGISTRY]: Channel 'minecraft:unregister' : Vanilla acceptance test: ACCEPTED
[15Aug2026 15:49:44.268] [Netty Server IO #0/DEBUG] [net.minecraftforge.fml.network.NetworkRegistry/NETREGISTRY]: Channel 'fml:play' : Vanilla acceptance test: ACCEPTED
[15Aug2026 15:49:44.268] [Netty Server IO #0/DEBUG] [net.minecraftforge.fml.network.NetworkRegistry/NETREGISTRY]: Channel 'minecraft:register' : Vanilla acceptance test: ACCEPTED
[15Aug2026 15:49:44.268] [Netty Server IO #0/DEBUG] [net.minecraftforge.fml.network.NetworkRegistry/NETREGISTRY]: Channel 'forge:split' : Vanilla acceptance test: ACCEPTED
[15Aug2026 15:49:44.268] [Netty Server IO #0/DEBUG] [net.minecraftforge.fml.network.NetworkRegistry/NETREGISTRY]: Accepting channel list from vanilla
[15Aug2026 15:49:44.268] [Netty Server IO #0/DEBUG] [net.minecraftforge.fml.network.FMLHandshakeHandler/FMLHANDSHAKE]: Starting new vanilla network connection.
[15Aug2026 15:49:44.699] [User Authenticator #6/WARN] [net.minecraft.network.login.ServerLoginNetHandler/]: Failed to verify username but will let them in anyway!
[15Aug2026 15:49:44.812] [Server thread/DEBUG] [net.minecraftforge.fml.network.FMLHandshakeHandler/FMLHANDSHAKE]: Handshake complete!
[15Aug2026 15:49:44.823] [Server thread/INFO] [net.minecraft.network.play.ServerPlayNetHandler/]: Bhota lost connection: You logged in from another location
[15Aug2026 15:49:44.823] [Server thread/INFO] [net.minecraft.server.MinecraftServer/]: Bhota left the game
[15Aug2026 15:49:44.846] [Server thread/INFO] [net.minecraftforge.common.AdvancementLoadFix/]: Using new advancement loading for net.minecraft.advancements.PlayerAdvancements@5604652a
[15Aug2026 15:49:44.854] [Server thread/WARN] [net.minecraft.network.NetworkManager/]: handleDisconnection() called twice
[15Aug2026 15:49:44.857] [Server thread/INFO] [net.minecraft.server.management.PlayerList/]: Bhota[/192.168.29.156:54719] logged in with entity id 176 at (-33.46999488583079, 4.0, -58.5)
[15Aug2026 15:49:44.857] [Server thread/DEBUG] [net.minecraftforge.network.NetworkFilters/]: Injected net.minecraftforge.network.VanillaConnectionNetworkFilter@1811e9c7 into net.minecraft.network.NetworkManager@6dc9f2da
[15Aug2026 15:49:44.894] [Server thread/INFO] [net.minecraft.server.MinecraftServer/]: Bhota joined the game
[15Aug2026 15:49:45.066] [Render thread/INFO] [net.minecraft.client.gui.NewChatGui/]: [CHAT] Bhota left the game
[15Aug2026 15:49:45.067] [Render thread/INFO] [net.minecraft.client.gui.NewChatGui/]: [CHAT] Bhota joined the game
[15Aug2026 15:49:45.328] [Server thread/INFO] [net.minecraft.server.MinecraftServer/]: <Bhota> Bot online. Mention me and tell me what you want, or use !help.
[15Aug2026 15:49:48.462] [Server thread/WARN] [net.minecraft.server.MinecraftServer/]: Can't keep up! Is the server overloaded? Running 2224ms or 44 ticks behind
[15Aug2026 15:49:50.046] [Netty Server IO #1/DEBUG] [net.minecraftforge.fml.network.NetworkRegistry/NETREGISTRY]: Channel 'fml:loginwrapper' : Vanilla acceptance test: ACCEPTED
[15Aug2026 15:49:50.047] [Netty Server IO #1/DEBUG] [net.minecraftforge.fml.network.NetworkRegistry/NETREGISTRY]: Channel 'fml:handshake' : Vanilla acceptance test: ACCEPTED
[15Aug2026 15:49:50.047] [Netty Server IO #1/DEBUG] [net.minecraftforge.fml.network.NetworkRegistry/NETREGISTRY]: Channel 'forge:split_11' : Vanilla acceptance test: ACCEPTED
[15Aug2026 15:49:50.047] [Netty Server IO #1/DEBUG] [net.minecraftforge.fml.network.NetworkRegistry/NETREGISTRY]: Channel 'minecraft:unregister' : Vanilla acceptance test: ACCEPTED
[15Aug2026 15:49:50.047] [Netty Server IO #1/DEBUG] [net.minecraftforge.fml.network.NetworkRegistry/NETREGISTRY]: Channel 'fml:play' : Vanilla acceptance test: ACCEPTED
[15Aug2026 15:49:50.047] [Netty Server IO #1/DEBUG] [net.minecraftforge.fml.network.NetworkRegistry/NETREGISTRY]: Channel 'minecraft:register' : Vanilla acceptance test: ACCEPTED
[15Aug2026 15:49:50.047] [Netty Server IO #1/DEBUG] [net.minecraftforge.fml.network.NetworkRegistry/NETREGISTRY]: Channel 'forge:split' : Vanilla acceptance test: ACCEPTED
[15Aug2026 15:49:50.047] [Netty Server IO #1/DEBUG] [net.minecraftforge.fml.network.NetworkRegistry/NETREGISTRY]: Accepting channel list from vanilla
[15Aug2026 15:49:50.047] [Netty Server IO #1/DEBUG] [net.minecraftforge.fml.network.FMLHandshakeHandler/FMLHANDSHAKE]: Starting new vanilla network connection.
[15Aug2026 15:49:50.525] [User Authenticator #7/WARN] [net.minecraft.network.login.ServerLoginNetHandler/]: Failed to verify username but will let them in anyway!
[15Aug2026 15:49:50.585] [Server thread/DEBUG] [net.minecraftforge.fml.network.FMLHandshakeHandler/FMLHANDSHAKE]: Handshake complete!
[15Aug2026 15:49:50.599] [Server thread/INFO] [net.minecraft.network.play.ServerPlayNetHandler/]: Bhota lost connection: You logged in from another location
[15Aug2026 15:49:50.599] [Server thread/INFO] [net.minecraft.server.MinecraftServer/]: Bhota left the game
[15Aug2026 15:49:50.631] [Server thread/INFO] [net.minecraftforge.common.AdvancementLoadFix/]: Using new advancement loading for net.minecraft.advancements.PlayerAdvancements@41fb6271
[15Aug2026 15:49:50.740] [Render thread/INFO] [net.minecraft.client.gui.NewChatGui/]: [CHAT] Bhota left the game
[15Aug2026 15:49:50.744] [Server thread/WARN] [net.minecraft.network.NetworkManager/]: handleDisconnection() called twice
[15Aug2026 15:49:50.747] [Server thread/INFO] [net.minecraft.server.management.PlayerList/]: Bhota[/192.168.29.156:54720] logged in with entity id 178 at (-33.46999488583079, 4.0, -58.5)
[15Aug2026 15:49:50.747] [Server thread/DEBUG] [net.minecraftforge.network.NetworkFilters/]: Injected net.minecraftforge.network.VanillaConnectionNetworkFilter@4ed9d9d7 into net.minecraft.network.NetworkManager@54abc297
[15Aug2026 15:49:50.784] [Server thread/INFO] [net.minecraft.server.MinecraftServer/]: Bhota joined the game
[15Aug2026 15:49:50.945] [Render thread/INFO] [net.minecraft.client.gui.NewChatGui/]: [CHAT] Bhota joined the game
[15Aug2026 15:49:51.060] [Server thread/INFO] [net.minecraft.server.MinecraftServer/]: <Bhota> Bot online. Mention me and tell me what you want, or use !help.
[15Aug2026 15:49:55.110] [Server thread/INFO] [net.minecraft.server.MinecraftServer/]: <Bhota> > retreatFrom(source="player_attack:Dev")
[15Aug2026 15:49:55.523] [Server thread/INFO] [net.minecraft.server.MinecraftServer/]: <Bhota> > endFlee()
[15Aug2026 15:49:55.740] [Netty Server IO #2/DEBUG] [net.minecraftforge.fml.network.NetworkRegistry/NETREGISTRY]: Channel 'fml:loginwrapper' : Vanilla acceptance test: ACCEPTED
[15Aug2026 15:49:55.740] [Netty Server IO #2/DEBUG] [net.minecraftforge.fml.network.NetworkRegistry/NETREGISTRY]: Channel 'fml:handshake' : Vanilla acceptance test: ACCEPTED
[15Aug2026 15:49:55.740] [Netty Server IO #2/DEBUG] [net.minecraftforge.fml.network.NetworkRegistry/NETREGISTRY]: Channel 'forge:split_11' : Vanilla acceptance test: ACCEPTED
[15Aug2026 15:49:55.740] [Netty Server IO #2/DEBUG] [net.minecraftforge.fml.network.NetworkRegistry/NETREGISTRY]: Channel 'minecraft:unregister' : Vanilla acceptance test: ACCEPTED
[15Aug2026 15:49:55.740] [Netty Server IO #2/DEBUG] [net.minecraftforge.fml.network.NetworkRegistry/NETREGISTRY]: Channel 'fml:play' : Vanilla acceptance test: ACCEPTED
[15Aug2026 15:49:55.740] [Netty Server IO #2/DEBUG] [net.minecraftforge.fml.network.NetworkRegistry/NETREGISTRY]: Channel 'minecraft:register' : Vanilla acceptance test: ACCEPTED
[15Aug2026 15:49:55.740] [Netty Server IO #2/DEBUG] [net.minecraftforge.fml.network.NetworkRegistry/NETREGISTRY]: Channel 'forge:split' : Vanilla acceptance test: ACCEPTED
[15Aug2026 15:49:55.740] [Netty Server IO #2/DEBUG] [net.minecraftforge.fml.network.NetworkRegistry/NETREGISTRY]: Accepting channel list from vanilla
[15Aug2026 15:49:55.740] [Netty Server IO #2/DEBUG] [net.minecraftforge.fml.network.FMLHandshakeHandler/FMLHANDSHAKE]: Starting new vanilla network connection.
[15Aug2026 15:49:56.180] [User Authenticator #8/WARN] [net.minecraft.network.login.ServerLoginNetHandler/]: Failed to verify username but will let them in anyway!
[15Aug2026 15:49:56.197] [Server thread/DEBUG] [net.minecraftforge.fml.network.FMLHandshakeHandler/FMLHANDSHAKE]: Handshake complete!
[15Aug2026 15:49:56.335] [Server thread/INFO] [net.minecraft.network.play.ServerPlayNetHandler/]: Bhota lost connection: You logged in from another location
[15Aug2026 15:49:56.335] [Server thread/INFO] [net.minecraft.server.MinecraftServer/]: Bhota left the game
[15Aug2026 15:49:56.352] [Server thread/INFO] [net.minecraft.server.management.PlayerList/]: Bhota[/192.168.29.156:54721] logged in with entity id 180 at (-33.49907842168425, 4.0, -65.5338287311277)
[15Aug2026 15:49:56.353] [Server thread/DEBUG] [net.minecraftforge.network.NetworkFilters/]: Injected net.minecraftforge.network.VanillaConnectionNetworkFilter@17842b4c into net.minecraft.network.NetworkManager@151e3ccf
[15Aug2026 15:49:56.380] [Server thread/INFO] [net.minecraft.server.MinecraftServer/]: Bhota joined the game
[15Aug2026 15:49:56.469] [Render thread/INFO] [net.minecraft.client.gui.NewChatGui/]: [CHAT] Bhota left the game
[15Aug2026 15:49:56.470] [Render thread/INFO] [net.minecraft.client.gui.NewChatGui/]: [CHAT] Bhota joined the game
[15Aug2026 15:49:56.605] [Server thread/INFO] [net.minecraft.server.MinecraftServer/]: <Bhota> Bot online. Mention me and tell me what you want, or use !help.
[15Aug2026 15:49:59.637] [Server thread/INFO] [net.minecraft.server.MinecraftServer/]: <Bhota> > retreatFrom(source="player_attack:Dev")
[15Aug2026 15:50:00.036] [Server thread/INFO] [net.minecraft.server.MinecraftServer/]: <Bhota> > endFlee()
[15Aug2026 15:50:01.354] [Netty Server IO #3/DEBUG] [net.minecraftforge.fml.network.NetworkRegistry/NETREGISTRY]: Channel 'fml:loginwrapper' : Vanilla acceptance test: ACCEPTED
[15Aug2026 15:50:01.354] [Netty Server IO #3/DEBUG] [net.minecraftforge.fml.network.NetworkRegistry/NETREGISTRY]: Channel 'fml:handshake' : Vanilla acceptance test: ACCEPTED
[15Aug2026 15:50:01.354] [Netty Server IO #3/DEBUG] [net.minecraftforge.fml.network.NetworkRegistry/NETREGISTRY]: Channel 'forge:split_11' : Vanilla acceptance test: ACCEPTED
[15Aug2026 15:50:01.354] [Netty Server IO #3/DEBUG] [net.minecraftforge.fml.network.NetworkRegistry/NETREGISTRY]: Channel 'minecraft:unregister' : Vanilla acceptance test: ACCEPTED
[15Aug2026 15:50:01.354] [Netty Server IO #3/DEBUG] [net.minecraftforge.fml.network.NetworkRegistry/NETREGISTRY]: Channel 'fml:play' : Vanilla acceptance test: ACCEPTED
[15Aug2026 15:50:01.354] [Netty Server IO #3/DEBUG] [net.minecraftforge.fml.network.NetworkRegistry/NETREGISTRY]: Channel 'minecraft:register' : Vanilla acceptance test: ACCEPTED
[15Aug2026 15:50:01.355] [Netty Server IO #3/DEBUG] [net.minecraftforge.fml.network.NetworkRegistry/NETREGISTRY]: Channel 'forge:split' : Vanilla acceptance test: ACCEPTED
[15Aug2026 15:50:01.355] [Netty Server IO #3/DEBUG] [net.minecraftforge.fml.network.NetworkRegistry/NETREGISTRY]: Accepting channel list from vanilla
[15Aug2026 15:50:01.355] [Netty Server IO #3/DEBUG] [net.minecraftforge.fml.network.FMLHandshakeHandler/FMLHANDSHAKE]: Starting new vanilla network connection.
[15Aug2026 15:50:02.316] [User Authenticator #9/WARN] [net.minecraft.network.login.ServerLoginNetHandler/]: Failed to verify username but will let them in anyway!
[15Aug2026 15:50:02.336] [Server thread/DEBUG] [net.minecraftforge.fml.network.FMLHandshakeHandler/FMLHANDSHAKE]: Handshake complete!
[15Aug2026 15:50:02.384] [Server thread/INFO] [net.minecraft.network.play.ServerPlayNetHandler/]: Bhota lost connection: You logged in from another location
[15Aug2026 15:50:02.385] [Server thread/INFO] [net.minecraft.server.MinecraftServer/]: Bhota left the game
[15Aug2026 15:50:02.421] [Server thread/INFO] [net.minecraftforge.common.AdvancementLoadFix/]: Using new advancement loading for net.minecraft.advancements.PlayerAdvancements@18f2f3c5
[15Aug2026 15:50:02.442] [Server thread/WARN] [net.minecraft.network.NetworkManager/]: handleDisconnection() called twice
[15Aug2026 15:50:02.444] [Server thread/INFO] [net.minecraft.server.management.PlayerList/]: Bhota[/192.168.29.156:54722] logged in with entity id 182 at (-29.438809123409964, 4.0, -76.38462433952624)
[15Aug2026 15:50:02.444] [Server thread/DEBUG] [net.minecraftforge.network.NetworkFilters/]: Injected net.minecraftforge.network.VanillaConnectionNetworkFilter@32b180a7 into net.minecraft.network.NetworkManager@3d5221ef
[15Aug2026 15:50:02.481] [Server thread/INFO] [net.minecraft.server.MinecraftServer/]: Bhota joined the game
[15Aug2026 15:50:02.652] [Render thread/INFO] [net.minecraft.client.gui.NewChatGui/]: [CHAT] Bhota left the game
[15Aug2026 15:50:02.653] [Render thread/INFO] [net.minecraft.client.gui.NewChatGui/]: [CHAT] Bhota joined the game
[15Aug2026 15:50:02.958] [Server thread/INFO] [net.minecraft.server.MinecraftServer/]: <Bhota> Bot online. Mention me and tell me what you want, or use !help.
[15Aug2026 15:50:07.580] [Netty Server IO #0/DEBUG] [net.minecraftforge.fml.network.NetworkRegistry/NETREGISTRY]: Channel 'fml:loginwrapper' : Vanilla acceptance test: ACCEPTED
[15Aug2026 15:50:07.581] [Netty Server IO #0/DEBUG] [net.minecraftforge.fml.network.NetworkRegistry/NETREGISTRY]: Channel 'fml:handshake' : Vanilla acceptance test: ACCEPTED
[15Aug2026 15:50:07.581] [Netty Server IO #0/DEBUG] [net.minecraftforge.fml.network.NetworkRegistry/NETREGISTRY]: Channel 'forge:split_11' : Vanilla acceptance test: ACCEPTED
[15Aug2026 15:50:07.581] [Netty Server IO #0/DEBUG] [net.minecraftforge.fml.network.NetworkRegistry/NETREGISTRY]: Channel 'minecraft:unregister' : Vanilla acceptance test: ACCEPTED
[15Aug2026 15:50:07.581] [Netty Server IO #0/DEBUG] [net.minecraftforge.fml.network.NetworkRegistry/NETREGISTRY]: Channel 'fml:play' : Vanilla acceptance test: ACCEPTED
[15Aug2026 15:50:07.581] [Netty Server IO #0/DEBUG] [net.minecraftforge.fml.network.NetworkRegistry/NETREGISTRY]: Channel 'minecraft:register' : Vanilla acceptance test: ACCEPTED
[15Aug2026 15:50:07.581] [Netty Server IO #0/DEBUG] [net.minecraftforge.fml.network.NetworkRegistry/NETREGISTRY]: Channel 'forge:split' : Vanilla acceptance test: ACCEPTED
[15Aug2026 15:50:07.581] [Netty Server IO #0/DEBUG] [net.minecraftforge.fml.network.NetworkRegistry/NETREGISTRY]: Accepting channel list from vanilla
[15Aug2026 15:50:07.581] [Netty Server IO #0/DEBUG] [net.minecraftforge.fml.network.FMLHandshakeHandler/FMLHANDSHAKE]: Starting new vanilla network connection.
[15Aug2026 15:50:08.022] [User Authenticator #10/WARN] [net.minecraft.network.login.ServerLoginNetHandler/]: Failed to verify username but will let them in anyway!
[15Aug2026 15:50:08.045] [Server thread/DEBUG] [net.minecraftforge.fml.network.FMLHandshakeHandler/FMLHANDSHAKE]: Handshake complete!
[15Aug2026 15:50:08.099] [Server thread/INFO] [net.minecraft.network.play.ServerPlayNetHandler/]: Bhota lost connection: Disconnected
[15Aug2026 15:50:08.099] [Server thread/INFO] [net.minecraft.server.MinecraftServer/]: Bhota left the game
[15Aug2026 15:50:08.107] [Server thread/INFO] [net.minecraftforge.common.AdvancementLoadFix/]: Using new advancement loading for net.minecraft.advancements.PlayerAdvancements@3350e6d9
[15Aug2026 15:50:08.163] [Render thread/INFO] [net.minecraft.client.gui.NewChatGui/]: [CHAT] Bhota left the game
[15Aug2026 15:50:08.169] [Server thread/WARN] [net.minecraft.network.NetworkManager/]: handleDisconnection() called twice
[15Aug2026 15:50:08.193] [Server thread/INFO] [net.minecraft.server.management.PlayerList/]: Bhota[/192.168.29.156:54724] logged in with entity id 184 at (-29.438809123409964, 4.0, -76.38462433952624)
[15Aug2026 15:50:08.194] [Server thread/DEBUG] [net.minecraftforge.network.NetworkFilters/]: Injected net.minecraftforge.network.VanillaConnectionNetworkFilter@195c602f into net.minecraft.network.NetworkManager@2d8e3bf3
[15Aug2026 15:50:08.226] [Server thread/INFO] [net.minecraft.server.MinecraftServer/]: Bhota joined the game
[15Aug2026 15:50:08.427] [Render thread/INFO] [net.minecraft.client.gui.NewChatGui/]: [CHAT] Bhota joined the game
[15Aug2026 15:50:08.582] [Server thread/INFO] [net.minecraft.server.MinecraftServer/]: <Bhota> Bot online. Mention me and tell me what you want, or use !help.
[15Aug2026 15:50:13.260] [Netty Server IO #1/DEBUG] [net.minecraftforge.fml.network.NetworkRegistry/NETREGISTRY]: Channel 'fml:loginwrapper' : Vanilla acceptance test: ACCEPTED
[15Aug2026 15:50:13.260] [Netty Server IO #1/DEBUG] [net.minecraftforge.fml.network.NetworkRegistry/NETREGISTRY]: Channel 'fml:handshake' : Vanilla acceptance test: ACCEPTED
[15Aug2026 15:50:13.260] [Netty Server IO #1/DEBUG] [net.minecraftforge.fml.network.NetworkRegistry/NETREGISTRY]: Channel 'forge:split_11' : Vanilla acceptance test: ACCEPTED
[15Aug2026 15:50:13.260] [Netty Server IO #1/DEBUG] [net.minecraftforge.fml.network.NetworkRegistry/NETREGISTRY]: Channel 'minecraft:unregister' : Vanilla acceptance test: ACCEPTED
[15Aug2026 15:50:13.260] [Netty Server IO #1/DEBUG] [net.minecraftforge.fml.network.NetworkRegistry/NETREGISTRY]: Channel 'fml:play' : Vanilla acceptance test: ACCEPTED
[15Aug2026 15:50:13.260] [Netty Server IO #1/DEBUG] [net.minecraftforge.fml.network.NetworkRegistry/NETREGISTRY]: Channel 'minecraft:register' : Vanilla acceptance test: ACCEPTED
[15Aug2026 15:50:13.260] [Netty Server IO #1/DEBUG] [net.minecraftforge.fml.network.NetworkRegistry/NETREGISTRY]: Channel 'forge:split' : Vanilla acceptance test: ACCEPTED
[15Aug2026 15:50:13.260] [Netty Server IO #1/DEBUG] [net.minecraftforge.fml.network.NetworkRegistry/NETREGISTRY]: Accepting channel list from vanilla
[15Aug2026 15:50:13.261] [Netty Server IO #1/DEBUG] [net.minecraftforge.fml.network.FMLHandshakeHandler/FMLHANDSHAKE]: Starting new vanilla network connection.
[15Aug2026 15:50:13.984] [User Authenticator #11/WARN] [net.minecraft.network.login.ServerLoginNetHandler/]: Failed to verify username but will let them in anyway!
[15Aug2026 15:50:14.036] [Server thread/DEBUG] [net.minecraftforge.fml.network.FMLHandshakeHandler/FMLHANDSHAKE]: Handshake complete!
[15Aug2026 15:50:14.104] [Server thread/INFO] [net.minecraft.network.play.ServerPlayNetHandler/]: Bhota lost connection: You logged in from another location
[15Aug2026 15:50:14.106] [Server thread/INFO] [net.minecraft.server.MinecraftServer/]: Bhota left the game
[15Aug2026 15:50:14.148] [Server thread/INFO] [net.minecraft.server.management.PlayerList/]: Bhota[/192.168.29.156:54725] logged in with entity id 186 at (-29.438809123409964, 4.0, -76.38462433952624)
[15Aug2026 15:50:14.148] [Server thread/DEBUG] [net.minecraftforge.network.NetworkFilters/]: Injected net.minecraftforge.network.VanillaConnectionNetworkFilter@39264407 into net.minecraft.network.NetworkManager@652bb173
[15Aug2026 15:50:14.158] [Server thread/INFO] [net.minecraft.server.MinecraftServer/]: Bhota joined the game
[15Aug2026 15:50:14.324] [Render thread/INFO] [net.minecraft.client.gui.NewChatGui/]: [CHAT] Bhota left the game
[15Aug2026 15:50:14.325] [Render thread/INFO] [net.minecraft.client.gui.NewChatGui/]: [CHAT] Bhota joined the game
[15Aug2026 15:50:14.435] [Server thread/INFO] [net.minecraft.server.MinecraftServer/]: <Bhota> Bot online. Mention me and tell me what you want, or use !help.
[15Aug2026 15:50:18.490] [Server thread/DEBUG] [net.minecraftforge.fml.FMLWorldPersistenceHook/WP]: Gathering id map for writing to world save New World
[15Aug2026 15:50:18.496] [Server thread/DEBUG] [net.minecraftforge.fml.FMLWorldPersistenceHook/WP]: ID Map collection complete New World
[15Aug2026 15:50:19.234] [Netty Server IO #2/DEBUG] [net.minecraftforge.fml.network.NetworkRegistry/NETREGISTRY]: Channel 'fml:loginwrapper' : Vanilla acceptance test: ACCEPTED
[15Aug2026 15:50:19.235] [Netty Server IO #2/DEBUG] [net.minecraftforge.fml.network.NetworkRegistry/NETREGISTRY]: Channel 'fml:handshake' : Vanilla acceptance test: ACCEPTED
[15Aug2026 15:50:19.235] [Netty Server IO #2/DEBUG] [net.minecraftforge.fml.network.NetworkRegistry/NETREGISTRY]: Channel 'forge:split_11' : Vanilla acceptance test: ACCEPTED
[15Aug2026 15:50:19.235] [Netty Server IO #2/DEBUG] [net.minecraftforge.fml.network.NetworkRegistry/NETREGISTRY]: Channel 'minecraft:unregister' : Vanilla acceptance test: ACCEPTED
[15Aug2026 15:50:19.235] [Netty Server IO #2/DEBUG] [net.minecraftforge.fml.network.NetworkRegistry/NETREGISTRY]: Channel 'fml:play' : Vanilla acceptance test: ACCEPTED
[15Aug2026 15:50:19.235] [Netty Server IO #2/DEBUG] [net.minecraftforge.fml.network.NetworkRegistry/NETREGISTRY]: Channel 'minecraft:register' : Vanilla acceptance test: ACCEPTED
[15Aug2026 15:50:19.235] [Netty Server IO #2/DEBUG] [net.minecraftforge.fml.network.NetworkRegistry/NETREGISTRY]: Channel 'forge:split' : Vanilla acceptance test: ACCEPTED
[15Aug2026 15:50:19.235] [Netty Server IO #2/DEBUG] [net.minecraftforge.fml.network.NetworkRegistry/NETREGISTRY]: Accepting channel list from vanilla
[15Aug2026 15:50:19.235] [Netty Server IO #2/DEBUG] [net.minecraftforge.fml.network.FMLHandshakeHandler/FMLHANDSHAKE]: Starting new vanilla network connection.
[15Aug2026 15:50:19.684] [User Authenticator #12/WARN] [net.minecraft.network.login.ServerLoginNetHandler/]: Failed to verify username but will let them in anyway!
[15Aug2026 15:50:19.704] [Server thread/DEBUG] [net.minecraftforge.fml.network.FMLHandshakeHandler/FMLHANDSHAKE]: Handshake complete!
[15Aug2026 15:50:19.781] [Server thread/INFO] [net.minecraft.network.play.ServerPlayNetHandler/]: Bhota lost connection: You logged in from another location
[15Aug2026 15:50:19.781] [Server thread/INFO] [net.minecraft.server.MinecraftServer/]: Bhota left the game
[15Aug2026 15:50:19.789] [Server thread/INFO] [net.minecraftforge.common.AdvancementLoadFix/]: Using new advancement loading for net.minecraft.advancements.PlayerAdvancements@647dd43f
[15Aug2026 15:50:19.794] [Server thread/WARN] [net.minecraft.network.NetworkManager/]: handleDisconnection() called twice
[15Aug2026 15:50:19.796] [Server thread/INFO] [net.minecraft.server.management.PlayerList/]: Bhota[/192.168.29.156:54726] logged in with entity id 192 at (-29.438809123409964, 4.0, -76.38462433952624)
[15Aug2026 15:50:19.797] [Server thread/DEBUG] [net.minecraftforge.network.NetworkFilters/]: Injected net.minecraftforge.network.VanillaConnectionNetworkFilter@3d1849ce into net.minecraft.network.NetworkManager@54ca594b
[15Aug2026 15:50:19.811] [Server thread/INFO] [net.minecraft.server.MinecraftServer/]: Bhota joined the game
[15Aug2026 15:50:20.057] [Render thread/INFO] [net.minecraft.client.gui.NewChatGui/]: [CHAT] Bhota left the game
[15Aug2026 15:50:20.058] [Render thread/INFO] [net.minecraft.client.gui.NewChatGui/]: [CHAT] Bhota joined the game
[15Aug2026 15:50:20.263] [Server thread/INFO] [net.minecraft.server.MinecraftServer/]: <Bhota> Bot online. Mention me and tell me what you want, or use !help.
[15Aug2026 15:50:24.915] [Netty Server IO #3/DEBUG] [net.minecraftforge.fml.network.NetworkRegistry/NETREGISTRY]: Channel 'fml:loginwrapper' : Vanilla acceptance test: ACCEPTED
[15Aug2026 15:50:24.915] [Netty Server IO #3/DEBUG] [net.minecraftforge.fml.network.NetworkRegistry/NETREGISTRY]: Channel 'fml:handshake' : Vanilla acceptance test: ACCEPTED
[15Aug2026 15:50:24.915] [Netty Server IO #3/DEBUG] [net.minecraftforge.fml.network.NetworkRegistry/NETREGISTRY]: Channel 'forge:split_11' : Vanilla acceptance test: ACCEPTED
[15Aug2026 15:50:24.915] [Netty Server IO #3/DEBUG] [net.minecraftforge.fml.network.NetworkRegistry/NETREGISTRY]: Channel 'minecraft:unregister' : Vanilla acceptance test: ACCEPTED
[15Aug2026 15:50:24.916] [Netty Server IO #3/DEBUG] [net.minecraftforge.fml.network.NetworkRegistry/NETREGISTRY]: Channel 'fml:play' : Vanilla acceptance test: ACCEPTED
[15Aug2026 15:50:24.916] [Netty Server IO #3/DEBUG] [net.minecraftforge.fml.network.NetworkRegistry/NETREGISTRY]: Channel 'minecraft:register' : Vanilla acceptance test: ACCEPTED
[15Aug2026 15:50:24.916] [Netty Server IO #3/DEBUG] [net.minecraftforge.fml.network.NetworkRegistry/NETREGISTRY]: Channel 'forge:split' : Vanilla acceptance test: ACCEPTED
[15Aug2026 15:50:24.916] [Netty Server IO #3/DEBUG] [net.minecraftforge.fml.network.NetworkRegistry/NETREGISTRY]: Accepting channel list from vanilla
[15Aug2026 15:50:24.916] [Netty Server IO #3/DEBUG] [net.minecraftforge.fml.network.FMLHandshakeHandler/FMLHANDSHAKE]: Starting new vanilla network connection.
[15Aug2026 15:50:25.370] [User Authenticator #13/WARN] [net.minecraft.network.login.ServerLoginNetHandler/]: Failed to verify username but will let them in anyway!
[15Aug2026 15:50:25.504] [Server thread/DEBUG] [net.minecraftforge.fml.network.FMLHandshakeHandler/FMLHANDSHAKE]: Handshake complete!
[15Aug2026 15:50:25.515] [Server thread/INFO] [net.minecraft.network.play.ServerPlayNetHandler/]: Bhota lost connection: You logged in from another location
[15Aug2026 15:50:25.516] [Server thread/INFO] [net.minecraft.server.MinecraftServer/]: Bhota left the game
[15Aug2026 15:50:25.527] [Server thread/INFO] [net.minecraftforge.common.AdvancementLoadFix/]: Using new advancement loading for net.minecraft.advancements.PlayerAdvancements@54f49208
[15Aug2026 15:50:25.535] [Server thread/WARN] [net.minecraft.network.NetworkManager/]: handleDisconnection() called twice
[15Aug2026 15:50:25.546] [Server thread/INFO] [net.minecraft.server.management.PlayerList/]: Bhota[/192.168.29.156:54727] logged in with entity id 197 at (-29.438809123409964, 4.0, -76.38462433952624)
[15Aug2026 15:50:25.547] [Server thread/DEBUG] [net.minecraftforge.network.NetworkFilters/]: Injected net.minecraftforge.network.VanillaConnectionNetworkFilter@1510e106 into net.minecraft.network.NetworkManager@62a76b1a
[15Aug2026 15:50:25.551] [Server thread/INFO] [net.minecraft.server.MinecraftServer/]: Bhota joined the game
[15Aug2026 15:50:25.760] [Render thread/INFO] [net.minecraft.client.gui.NewChatGui/]: [CHAT] Bhota left the game
[15Aug2026 15:50:25.760] [Render thread/INFO] [net.minecraft.client.gui.NewChatGui/]: [CHAT] Bhota joined the game
[15Aug2026 15:50:26.082] [Server thread/INFO] [net.minecraft.server.MinecraftServer/]: <Bhota> Bot online. Mention me and tell me what you want, or use !help.
[15Aug2026 15:50:30.666] [Netty Server IO #0/DEBUG] [net.minecraftforge.fml.network.NetworkRegistry/NETREGISTRY]: Channel 'fml:loginwrapper' : Vanilla acceptance test: ACCEPTED
[15Aug2026 15:50:30.666] [Netty Server IO #0/DEBUG] [net.minecraftforge.fml.network.NetworkRegistry/NETREGISTRY]: Channel 'fml:handshake' : Vanilla acceptance test: ACCEPTED
[15Aug2026 15:50:30.666] [Netty Server IO #0/DEBUG] [net.minecraftforge.fml.network.NetworkRegistry/NETREGISTRY]: Channel 'forge:split_11' : Vanilla acceptance test: ACCEPTED
[15Aug2026 15:50:30.666] [Netty Server IO #0/DEBUG] [net.minecraftforge.fml.network.NetworkRegistry/NETREGISTRY]: Channel 'minecraft:unregister' : Vanilla acceptance test: ACCEPTED
[15Aug2026 15:50:30.666] [Netty Server IO #0/DEBUG] [net.minecraftforge.fml.network.NetworkRegistry/NETREGISTRY]: Channel 'fml:play' : Vanilla acceptance test: ACCEPTED
[15Aug2026 15:50:30.666] [Netty Server IO #0/DEBUG] [net.minecraftforge.fml.network.NetworkRegistry/NETREGISTRY]: Channel 'minecraft:register' : Vanilla acceptance test: ACCEPTED
[15Aug2026 15:50:30.666] [Netty Server IO #0/DEBUG] [net.minecraftforge.fml.network.NetworkRegistry/NETREGISTRY]: Channel 'forge:split' : Vanilla acceptance test: ACCEPTED
[15Aug2026 15:50:30.666] [Netty Server IO #0/DEBUG] [net.minecraftforge.fml.network.NetworkRegistry/NETREGISTRY]: Accepting channel list from vanilla
[15Aug2026 15:50:30.667] [Netty Server IO #0/DEBUG] [net.minecraftforge.fml.network.FMLHandshakeHandler/FMLHANDSHAKE]: Starting new vanilla network connection.
[15Aug2026 15:50:31.125] [User Authenticator #14/WARN] [net.minecraft.network.login.ServerLoginNetHandler/]: Failed to verify username but will let them in anyway!
[15Aug2026 15:50:31.131] [Server thread/DEBUG] [net.minecraftforge.fml.network.FMLHandshakeHandler/FMLHANDSHAKE]: Handshake complete!
[15Aug2026 15:50:31.153] [Server thread/INFO] [net.minecraft.network.play.ServerPlayNetHandler/]: Bhota lost connection: You logged in from another location
[15Aug2026 15:50:31.153] [Server thread/INFO] [net.minecraft.server.MinecraftServer/]: Bhota left the game
[15Aug2026 15:50:31.189] [Server thread/INFO] [net.minecraftforge.common.AdvancementLoadFix/]: Using new advancement loading for net.minecraft.advancements.PlayerAdvancements@39d9ad22
[15Aug2026 15:50:31.200] [Server thread/WARN] [net.minecraft.network.NetworkManager/]: handleDisconnection() called twice
[15Aug2026 15:50:31.202] [Server thread/INFO] [net.minecraft.server.management.PlayerList/]: Bhota[/192.168.29.156:54728] logged in with entity id 275 at (-29.438809123409964, 4.0, -76.38462433952624)
[15Aug2026 15:50:31.202] [Server thread/DEBUG] [net.minecraftforge.network.NetworkFilters/]: Injected net.minecraftforge.network.VanillaConnectionNetworkFilter@7eb0c47 into net.minecraft.network.NetworkManager@5498793d
[15Aug2026 15:50:31.207] [Server thread/INFO] [net.minecraft.server.MinecraftServer/]: Bhota joined the game
[15Aug2026 15:50:31.506] [Render thread/INFO] [net.minecraft.client.gui.NewChatGui/]: [CHAT] Bhota left the game
[15Aug2026 15:50:31.507] [Render thread/INFO] [net.minecraft.client.gui.NewChatGui/]: [CHAT] Bhota joined the game
[15Aug2026 15:50:31.763] [Server thread/INFO] [net.minecraft.server.MinecraftServer/]: <Bhota> Bot online. Mention me and tell me what you want, or use !help.
[15Aug2026 15:50:36.219] [Netty Server IO #1/DEBUG] [net.minecraftforge.fml.network.NetworkRegistry/NETREGISTRY]: Channel 'fml:loginwrapper' : Vanilla acceptance test: ACCEPTED
[15Aug2026 15:50:36.219] [Netty Server IO #1/DEBUG] [net.minecraftforge.fml.network.NetworkRegistry/NETREGISTRY]: Channel 'fml:handshake' : Vanilla acceptance test: ACCEPTED
[15Aug2026 15:50:36.219] [Netty Server IO #1/DEBUG] [net.minecraftforge.fml.network.NetworkRegistry/NETREGISTRY]: Channel 'forge:split_11' : Vanilla acceptance test: ACCEPTED
[15Aug2026 15:50:36.219] [Netty Server IO #1/DEBUG] [net.minecraftforge.fml.network.NetworkRegistry/NETREGISTRY]: Channel 'minecraft:unregister' : Vanilla acceptance test: ACCEPTED
[15Aug2026 15:50:36.219] [Netty Server IO #1/DEBUG] [net.minecraftforge.fml.network.NetworkRegistry/NETREGISTRY]: Channel 'fml:play' : Vanilla acceptance test: ACCEPTED
[15Aug2026 15:50:36.219] [Netty Server IO #1/DEBUG] [net.minecraftforge.fml.network.NetworkRegistry/NETREGISTRY]: Channel 'minecraft:register' : Vanilla acceptance test: ACCEPTED
[15Aug2026 15:50:36.219] [Netty Server IO #1/DEBUG] [net.minecraftforge.fml.network.NetworkRegistry/NETREGISTRY]: Channel 'forge:split' : Vanilla acceptance test: ACCEPTED
[15Aug2026 15:50:36.219] [Netty Server IO #1/DEBUG] [net.minecraftforge.fml.network.NetworkRegistry/NETREGISTRY]: Accepting channel list from vanilla
[15Aug2026 15:50:36.219] [Netty Server IO #1/DEBUG] [net.minecraftforge.fml.network.FMLHandshakeHandler/FMLHANDSHAKE]: Starting new vanilla network connection.
[15Aug2026 15:50:36.529] [User Authenticator #15/WARN] [net.minecraft.network.login.ServerLoginNetHandler/]: Failed to verify username but will let them in anyway!
[15Aug2026 15:50:36.561] [Server thread/DEBUG] [net.minecraftforge.fml.network.FMLHandshakeHandler/FMLHANDSHAKE]: Handshake complete!
[15Aug2026 15:50:36.679] [Server thread/INFO] [net.minecraft.network.play.ServerPlayNetHandler/]: Bhota lost connection: You logged in from another location
[15Aug2026 15:50:36.679] [Server thread/INFO] [net.minecraft.server.MinecraftServer/]: Bhota left the game
[15Aug2026 15:50:36.688] [Server thread/INFO] [net.minecraft.server.management.PlayerList/]: Bhota[/192.168.29.156:54729] logged in with entity id 278 at (-29.438809123409964, 4.0, -76.38462433952624)
[15Aug2026 15:50:36.688] [Server thread/DEBUG] [net.minecraftforge.network.NetworkFilters/]: Injected net.minecraftforge.network.VanillaConnectionNetworkFilter@64211ead into net.minecraft.network.NetworkManager@57db6356
[15Aug2026 15:50:36.710] [Server thread/INFO] [net.minecraft.server.MinecraftServer/]: Bhota joined the game
[15Aug2026 15:50:36.851] [Render thread/INFO] [net.minecraft.client.gui.NewChatGui/]: [CHAT] Bhota left the game
[15Aug2026 15:50:36.851] [Render thread/INFO] [net.minecraft.client.gui.NewChatGui/]: [CHAT] Bhota joined the game
[15Aug2026 15:50:36.958] [Server thread/INFO] [net.minecraft.server.MinecraftServer/]: <Bhota> Bot online. Mention me and tell me what you want, or use !help.
[15Aug2026 15:50:41.729] [Netty Server IO #2/DEBUG] [net.minecraftforge.fml.network.NetworkRegistry/NETREGISTRY]: Channel 'fml:loginwrapper' : Vanilla acceptance test: ACCEPTED
[15Aug2026 15:50:41.729] [Netty Server IO #2/DEBUG] [net.minecraftforge.fml.network.NetworkRegistry/NETREGISTRY]: Channel 'fml:handshake' : Vanilla acceptance test: ACCEPTED
[15Aug2026 15:50:41.729] [Netty Server IO #2/DEBUG] [net.minecraftforge.fml.network.NetworkRegistry/NETREGISTRY]: Channel 'forge:split_11' : Vanilla acceptance test: ACCEPTED
[15Aug2026 15:50:41.729] [Netty Server IO #2/DEBUG] [net.minecraftforge.fml.network.NetworkRegistry/NETREGISTRY]: Channel 'minecraft:unregister' : Vanilla acceptance test: ACCEPTED
[15Aug2026 15:50:41.729] [Netty Server IO #2/DEBUG] [net.minecraftforge.fml.network.NetworkRegistry/NETREGISTRY]: Channel 'fml:play' : Vanilla acceptance test: ACCEPTED
[15Aug2026 15:50:41.730] [Netty Server IO #2/DEBUG] [net.minecraftforge.fml.network.NetworkRegistry/NETREGISTRY]: Channel 'minecraft:register' : Vanilla acceptance test: ACCEPTED
[15Aug2026 15:50:41.730] [Netty Server IO #2/DEBUG] [net.minecraftforge.fml.network.NetworkRegistry/NETREGISTRY]: Channel 'forge:split' : Vanilla acceptance test: ACCEPTED
[15Aug2026 15:50:41.730] [Netty Server IO #2/DEBUG] [net.minecraftforge.fml.network.NetworkRegistry/NETREGISTRY]: Accepting channel list from vanilla
[15Aug2026 15:50:41.730] [Netty Server IO #2/DEBUG] [net.minecraftforge.fml.network.FMLHandshakeHandler/FMLHANDSHAKE]: Starting new vanilla network connection.
[15Aug2026 15:50:42.127] [User Authenticator #16/WARN] [net.minecraft.network.login.ServerLoginNetHandler/]: Failed to verify username but will let them in anyway!
[15Aug2026 15:50:42.155] [Server thread/DEBUG] [net.minecraftforge.fml.network.FMLHandshakeHandler/FMLHANDSHAKE]: Handshake complete!
[15Aug2026 15:50:42.221] [Server thread/INFO] [net.minecraft.network.play.ServerPlayNetHandler/]: Bhota lost connection: You logged in from another location
[15Aug2026 15:50:42.221] [Server thread/INFO] [net.minecraft.server.MinecraftServer/]: Bhota left the game
[15Aug2026 15:50:42.263] [Server thread/INFO] [net.minecraftforge.common.AdvancementLoadFix/]: Using new advancement loading for net.minecraft.advancements.PlayerAdvancements@5dd927c0
[15Aug2026 15:50:42.277] [Server thread/WARN] [net.minecraft.network.NetworkManager/]: handleDisconnection() called twice
[15Aug2026 15:50:42.279] [Server thread/INFO] [net.minecraft.server.management.PlayerList/]: Bhota[/192.168.29.156:54731] logged in with entity id 280 at (-29.438809123409964, 4.0, -76.38462433952624)
[15Aug2026 15:50:42.295] [Server thread/DEBUG] [net.minecraftforge.network.NetworkFilters/]: Injected net.minecraftforge.network.VanillaConnectionNetworkFilter@6ca125e8 into net.minecraft.network.NetworkManager@4e9a1617
[15Aug2026 15:50:42.324] [Server thread/INFO] [net.minecraft.server.MinecraftServer/]: Bhota joined the game
[15Aug2026 15:50:42.468] [Render thread/INFO] [net.minecraft.client.gui.NewChatGui/]: [CHAT] Bhota left the game
[15Aug2026 15:50:42.469] [Render thread/INFO] [net.minecraft.client.gui.NewChatGui/]: [CHAT] Bhota joined the game
[15Aug2026 15:50:42.944] [Server thread/INFO] [net.minecraft.server.MinecraftServer/]: <Bhota> Bot online. Mention me and tell me what you want, or use !help.
[15Aug2026 15:50:47.548] [Netty Server IO #3/DEBUG] [net.minecraftforge.fml.network.NetworkRegistry/NETREGISTRY]: Channel 'fml:loginwrapper' : Vanilla acceptance test: ACCEPTED
[15Aug2026 15:50:47.548] [Netty Server IO #3/DEBUG] [net.minecraftforge.fml.network.NetworkRegistry/NETREGISTRY]: Channel 'fml:handshake' : Vanilla acceptance test: ACCEPTED
[15Aug2026 15:50:47.548] [Netty Server IO #3/DEBUG] [net.minecraftforge.fml.network.NetworkRegistry/NETREGISTRY]: Channel 'forge:split_11' : Vanilla acceptance test: ACCEPTED
[15Aug2026 15:50:47.548] [Netty Server IO #3/DEBUG] [net.minecraftforge.fml.network.NetworkRegistry/NETREGISTRY]: Channel 'minecraft:unregister' : Vanilla acceptance test: ACCEPTED
[15Aug2026 15:50:47.548] [Netty Server IO #3/DEBUG] [net.minecraftforge.fml.network.NetworkRegistry/NETREGISTRY]: Channel 'fml:play' : Vanilla acceptance test: ACCEPTED
[15Aug2026 15:50:47.548] [Netty Server IO #3/DEBUG] [net.minecraftforge.fml.network.NetworkRegistry/NETREGISTRY]: Channel 'minecraft:register' : Vanilla acceptance test: ACCEPTED
[15Aug2026 15:50:47.548] [Netty Server IO #3/DEBUG] [net.minecraftforge.fml.network.NetworkRegistry/NETREGISTRY]: Channel 'forge:split' : Vanilla acceptance test: ACCEPTED
[15Aug2026 15:50:47.548] [Netty Server IO #3/DEBUG] [net.minecraftforge.fml.network.NetworkRegistry/NETREGISTRY]: Accepting channel list from vanilla
[15Aug2026 15:50:47.549] [Netty Server IO #3/DEBUG] [net.minecraftforge.fml.network.FMLHandshakeHandler/FMLHANDSHAKE]: Starting new vanilla network connection.
[15Aug2026 15:50:47.896] [User Authenticator #17/WARN] [net.minecraft.network.login.ServerLoginNetHandler/]: Failed to verify username but will let them in anyway!
[15Aug2026 15:50:47.927] [Server thread/DEBUG] [net.minecraftforge.fml.network.FMLHandshakeHandler/FMLHANDSHAKE]: Handshake complete!
[15Aug2026 15:50:47.972] [Server thread/INFO] [net.minecraft.network.play.ServerPlayNetHandler/]: Bhota lost connection: You logged in from another location
[15Aug2026 15:50:47.972] [Server thread/INFO] [net.minecraft.server.MinecraftServer/]: Bhota left the game
[15Aug2026 15:50:47.985] [Server thread/INFO] [net.minecraftforge.common.AdvancementLoadFix/]: Using new advancement loading for net.minecraft.advancements.PlayerAdvancements@453e4e39
[15Aug2026 15:50:48.036] [Render thread/INFO] [net.minecraft.client.gui.NewChatGui/]: [CHAT] Bhota left the game
[15Aug2026 15:50:48.045] [Server thread/WARN] [net.minecraft.network.NetworkManager/]: handleDisconnection() called twice
[15Aug2026 15:50:48.048] [Server thread/INFO] [net.minecraft.server.management.PlayerList/]: Bhota[/192.168.29.156:54732] logged in with entity id 285 at (-29.438809123409964, 4.0, -76.38462433952624)
[15Aug2026 15:50:48.048] [Server thread/DEBUG] [net.minecraftforge.network.NetworkFilters/]: Injected net.minecraftforge.network.VanillaConnectionNetworkFilter@667426de into net.minecraft.network.NetworkManager@50278117
[15Aug2026 15:50:48.060] [Server thread/INFO] [net.minecraft.server.MinecraftServer/]: Bhota joined the game
[15Aug2026 15:50:48.213] [Render thread/INFO] [net.minecraft.client.gui.NewChatGui/]: [CHAT] Bhota joined the game
[15Aug2026 15:50:48.515] [Server thread/INFO] [net.minecraft.server.MinecraftServer/]: <Bhota> Bot online. Mention me and tell me what you want, or use !help.
[15Aug2026 15:50:53.072] [Netty Server IO #0/DEBUG] [net.minecraftforge.fml.network.NetworkRegistry/NETREGISTRY]: Channel 'fml:loginwrapper' : Vanilla acceptance test: ACCEPTED
[15Aug2026 15:50:53.072] [Netty Server IO #0/DEBUG] [net.minecraftforge.fml.network.NetworkRegistry/NETREGISTRY]: Channel 'fml:handshake' : Vanilla acceptance test: ACCEPTED
[15Aug2026 15:50:53.073] [Netty Server IO #0/DEBUG] [net.minecraftforge.fml.network.NetworkRegistry/NETREGISTRY]: Channel 'forge:split_11' : Vanilla acceptance test: ACCEPTED
[15Aug2026 15:50:53.073] [Netty Server IO #0/DEBUG] [net.minecraftforge.fml.network.NetworkRegistry/NETREGISTRY]: Channel 'minecraft:unregister' : Vanilla acceptance test: ACCEPTED
[15Aug2026 15:50:53.073] [Netty Server IO #0/DEBUG] [net.minecraftforge.fml.network.NetworkRegistry/NETREGISTRY]: Channel 'fml:play' : Vanilla acceptance test: ACCEPTED
[15Aug2026 15:50:53.073] [Netty Server IO #0/DEBUG] [net.minecraftforge.fml.network.NetworkRegistry/NETREGISTRY]: Channel 'minecraft:register' : Vanilla acceptance test: ACCEPTED
[15Aug2026 15:50:53.073] [Netty Server IO #0/DEBUG] [net.minecraftforge.fml.network.NetworkRegistry/NETREGISTRY]: Channel 'forge:split' : Vanilla acceptance test: ACCEPTED
[15Aug2026 15:50:53.073] [Netty Server IO #0/DEBUG] [net.minecraftforge.fml.network.NetworkRegistry/NETREGISTRY]: Accepting channel list from vanilla
[15Aug2026 15:50:53.073] [Netty Server IO #0/DEBUG] [net.minecraftforge.fml.network.FMLHandshakeHandler/FMLHANDSHAKE]: Starting new vanilla network connection.
[15Aug2026 15:50:53.627] [User Authenticator #18/WARN] [net.minecraft.network.login.ServerLoginNetHandler/]: Failed to verify username but will let them in anyway!
[15Aug2026 15:50:53.630] [Server thread/DEBUG] [net.minecraftforge.fml.network.FMLHandshakeHandler/FMLHANDSHAKE]: Handshake complete!
[15Aug2026 15:50:53.656] [Server thread/INFO] [net.minecraft.network.play.ServerPlayNetHandler/]: Bhota lost connection: You logged in from another location
[15Aug2026 15:50:53.656] [Server thread/INFO] [net.minecraft.server.MinecraftServer/]: Bhota left the game
[15Aug2026 15:50:53.666] [Server thread/INFO] [net.minecraftforge.common.AdvancementLoadFix/]: Using new advancement loading for net.minecraft.advancements.PlayerAdvancements@5c537b15
[15Aug2026 15:50:53.698] [Render thread/INFO] [net.minecraft.client.gui.NewChatGui/]: [CHAT] Bhota left the game
[15Aug2026 15:50:53.738] [Server thread/WARN] [net.minecraft.network.NetworkManager/]: handleDisconnection() called twice
[15Aug2026 15:50:53.741] [Server thread/INFO] [net.minecraft.server.management.PlayerList/]: Bhota[/192.168.29.156:54743] logged in with entity id 290 at (-29.438809123409964, 4.0, -76.38462433952624)
[15Aug2026 15:50:53.741] [Server thread/DEBUG] [net.minecraftforge.network.NetworkFilters/]: Injected net.minecraftforge.network.VanillaConnectionNetworkFilter@6c9e98a into net.minecraft.network.NetworkManager@75e4440a
[15Aug2026 15:50:53.748] [Server thread/INFO] [net.minecraft.server.MinecraftServer/]: Bhota joined the game
[15Aug2026 15:50:53.883] [Render thread/INFO] [net.minecraft.client.gui.NewChatGui/]: [CHAT] Bhota joined the game
[15Aug2026 15:50:54.066] [Server thread/INFO] [net.minecraft.server.MinecraftServer/]: <Bhota> Bot online. Mention me and tell me what you want, or use !help.
[15Aug2026 15:50:57.791] [Render thread/INFO] [net.minecraft.advancements.AdvancementList/]: Loaded 3 advancements
[15Aug2026 15:50:58.752] [Netty Server IO #1/DEBUG] [net.minecraftforge.fml.network.NetworkRegistry/NETREGISTRY]: Channel 'fml:loginwrapper' : Vanilla acceptance test: ACCEPTED
[15Aug2026 15:50:58.752] [Netty Server IO #1/DEBUG] [net.minecraftforge.fml.network.NetworkRegistry/NETREGISTRY]: Channel 'fml:handshake' : Vanilla acceptance test: ACCEPTED
[15Aug2026 15:50:58.752] [Netty Server IO #1/DEBUG] [net.minecraftforge.fml.network.NetworkRegistry/NETREGISTRY]: Channel 'forge:split_11' : Vanilla acceptance test: ACCEPTED
[15Aug2026 15:50:58.752] [Netty Server IO #1/DEBUG] [net.minecraftforge.fml.network.NetworkRegistry/NETREGISTRY]: Channel 'minecraft:unregister' : Vanilla acceptance test: ACCEPTED
[15Aug2026 15:50:58.752] [Netty Server IO #1/DEBUG] [net.minecraftforge.fml.network.NetworkRegistry/NETREGISTRY]: Channel 'fml:play' : Vanilla acceptance test: ACCEPTED
[15Aug2026 15:50:58.752] [Netty Server IO #1/DEBUG] [net.minecraftforge.fml.network.NetworkRegistry/NETREGISTRY]: Channel 'minecraft:register' : Vanilla acceptance test: ACCEPTED
[15Aug2026 15:50:58.752] [Netty Server IO #1/DEBUG] [net.minecraftforge.fml.network.NetworkRegistry/NETREGISTRY]: Channel 'forge:split' : Vanilla acceptance test: ACCEPTED
[15Aug2026 15:50:58.753] [Netty Server IO #1/DEBUG] [net.minecraftforge.fml.network.NetworkRegistry/NETREGISTRY]: Accepting channel list from vanilla
[15Aug2026 15:50:58.753] [Netty Server IO #1/DEBUG] [net.minecraftforge.fml.network.FMLHandshakeHandler/FMLHANDSHAKE]: Starting new vanilla network connection.
[15Aug2026 15:50:59.137] [User Authenticator #19/WARN] [net.minecraft.network.login.ServerLoginNetHandler/]: Failed to verify username but will let them in anyway!
[15Aug2026 15:50:59.141] [Server thread/DEBUG] [net.minecraftforge.fml.network.FMLHandshakeHandler/FMLHANDSHAKE]: Handshake complete!
[15Aug2026 15:50:59.151] [Server thread/INFO] [net.minecraft.network.play.ServerPlayNetHandler/]: Bhota lost connection: You logged in from another location
[15Aug2026 15:50:59.151] [Server thread/INFO] [net.minecraft.server.MinecraftServer/]: Bhota left the game
[15Aug2026 15:50:59.162] [Server thread/INFO] [net.minecraftforge.common.AdvancementLoadFix/]: Using new advancement loading for net.minecraft.advancements.PlayerAdvancements@243b42aa
[15Aug2026 15:50:59.211] [Server thread/WARN] [net.minecraft.network.NetworkManager/]: handleDisconnection() called twice
[15Aug2026 15:50:59.213] [Server thread/INFO] [net.minecraft.server.management.PlayerList/]: Bhota[/192.168.29.156:54746] logged in with entity id 295 at (-29.438809123409964, 4.0, -76.38462433952624)
[15Aug2026 15:50:59.218] [Server thread/DEBUG] [net.minecraftforge.network.NetworkFilters/]: Injected net.minecraftforge.network.VanillaConnectionNetworkFilter@7a137446 into net.minecraft.network.NetworkManager@2fc525cb
[15Aug2026 15:50:59.232] [Server thread/INFO] [net.minecraft.server.MinecraftServer/]: Bhota joined the game
[15Aug2026 15:50:59.310] [Render thread/INFO] [net.minecraft.client.gui.NewChatGui/]: [CHAT] Bhota left the game
[15Aug2026 15:50:59.310] [Render thread/INFO] [net.minecraft.client.gui.NewChatGui/]: [CHAT] Bhota joined the game
[15Aug2026 15:50:59.410] [Server thread/INFO] [net.minecraft.server.MinecraftServer/]: <Bhota> Bot online. Mention me and tell me what you want, or use !help.
[15Aug2026 15:51:04.197] [Netty Server IO #2/DEBUG] [net.minecraftforge.fml.network.NetworkRegistry/NETREGISTRY]: Channel 'fml:loginwrapper' : Vanilla acceptance test: ACCEPTED
[15Aug2026 15:51:04.197] [Netty Server IO #2/DEBUG] [net.minecraftforge.fml.network.NetworkRegistry/NETREGISTRY]: Channel 'fml:handshake' : Vanilla acceptance test: ACCEPTED
[15Aug2026 15:51:04.197] [Netty Server IO #2/DEBUG] [net.minecraftforge.fml.network.NetworkRegistry/NETREGISTRY]: Channel 'forge:split_11' : Vanilla acceptance test: ACCEPTED
[15Aug2026 15:51:04.197] [Netty Server IO #2/DEBUG] [net.minecraftforge.fml.network.NetworkRegistry/NETREGISTRY]: Channel 'minecraft:unregister' : Vanilla acceptance test: ACCEPTED
[15Aug2026 15:51:04.197] [Netty Server IO #2/DEBUG] [net.minecraftforge.fml.network.NetworkRegistry/NETREGISTRY]: Channel 'fml:play' : Vanilla acceptance test: ACCEPTED
[15Aug2026 15:51:04.197] [Netty Server IO #2/DEBUG] [net.minecraftforge.fml.network.NetworkRegistry/NETREGISTRY]: Channel 'minecraft:register' : Vanilla acceptance test: ACCEPTED
[15Aug2026 15:51:04.197] [Netty Server IO #2/DEBUG] [net.minecraftforge.fml.network.NetworkRegistry/NETREGISTRY]: Channel 'forge:split' : Vanilla acceptance test: ACCEPTED
[15Aug2026 15:51:04.197] [Netty Server IO #2/DEBUG] [net.minecraftforge.fml.network.NetworkRegistry/NETREGISTRY]: Accepting channel list from vanilla
[15Aug2026 15:51:04.197] [Netty Server IO #2/DEBUG] [net.minecraftforge.fml.network.FMLHandshakeHandler/FMLHANDSHAKE]: Starting new vanilla network connection.
[15Aug2026 15:51:04.586] [User Authenticator #20/WARN] [net.minecraft.network.login.ServerLoginNetHandler/]: Failed to verify username but will let them in anyway!
[15Aug2026 15:51:04.597] [Server thread/DEBUG] [net.minecraftforge.fml.network.FMLHandshakeHandler/FMLHANDSHAKE]: Handshake complete!
[15Aug2026 15:51:04.652] [Server thread/INFO] [net.minecraft.network.play.ServerPlayNetHandler/]: Bhota lost connection: You logged in from another location
[15Aug2026 15:51:04.652] [Server thread/INFO] [net.minecraft.server.MinecraftServer/]: Bhota left the game
[15Aug2026 15:51:04.660] [Server thread/INFO] [net.minecraftforge.common.AdvancementLoadFix/]: Using new advancement loading for net.minecraft.advancements.PlayerAdvancements@2eaaec28
[15Aug2026 15:51:04.680] [Render thread/INFO] [net.minecraft.client.gui.NewChatGui/]: [CHAT] Bhota left the game
[15Aug2026 15:51:04.740] [Server thread/WARN] [net.minecraft.network.NetworkManager/]: handleDisconnection() called twice
[15Aug2026 15:51:04.742] [Server thread/INFO] [net.minecraft.server.management.PlayerList/]: Bhota[/192.168.29.156:54747] logged in with entity id 309 at (-29.438809123409964, 4.0, -76.38462433952624)
[15Aug2026 15:51:04.743] [Server thread/DEBUG] [net.minecraftforge.network.NetworkFilters/]: Injected net.minecraftforge.network.VanillaConnectionNetworkFilter@1c0d3fbc into net.minecraft.network.NetworkManager@67aea936
[15Aug2026 15:51:04.761] [Server thread/INFO] [net.minecraft.server.MinecraftServer/]: Bhota joined the game
[15Aug2026 15:51:04.810] [Render thread/INFO] [net.minecraft.client.gui.NewChatGui/]: [CHAT] Bhota joined the game
[15Aug2026 15:51:05.204] [Server thread/INFO] [net.minecraft.server.MinecraftServer/]: <Bhota> Bot online. Mention me and tell me what you want, or use !help.
[15Aug2026 15:51:07.547] [Server thread/INFO] [net.minecraft.server.MinecraftServer/]: <Dev> botie come here
[15Aug2026 15:51:07.556] [Render thread/INFO] [net.minecraft.client.gui.NewChatGui/]: [CHAT] <Dev> botie come here
[15Aug2026 15:51:09.700] [Netty Server IO #3/DEBUG] [net.minecraftforge.fml.network.NetworkRegistry/NETREGISTRY]: Channel 'fml:loginwrapper' : Vanilla acceptance test: ACCEPTED
[15Aug2026 15:51:09.700] [Netty Server IO #3/DEBUG] [net.minecraftforge.fml.network.NetworkRegistry/NETREGISTRY]: Channel 'fml:handshake' : Vanilla acceptance test: ACCEPTED
[15Aug2026 15:51:09.700] [Netty Server IO #3/DEBUG] [net.minecraftforge.fml.network.NetworkRegistry/NETREGISTRY]: Channel 'forge:split_11' : Vanilla acceptance test: ACCEPTED
[15Aug2026 15:51:09.700] [Netty Server IO #3/DEBUG] [net.minecraftforge.fml.network.NetworkRegistry/NETREGISTRY]: Channel 'minecraft:unregister' : Vanilla acceptance test: ACCEPTED
[15Aug2026 15:51:09.700] [Netty Server IO #3/DEBUG] [net.minecraftforge.fml.network.NetworkRegistry/NETREGISTRY]: Channel 'fml:play' : Vanilla acceptance test: ACCEPTED
[15Aug2026 15:51:09.700] [Netty Server IO #3/DEBUG] [net.minecraftforge.fml.network.NetworkRegistry/NETREGISTRY]: Channel 'minecraft:register' : Vanilla acceptance test: ACCEPTED
[15Aug2026 15:51:09.700] [Netty Server IO #3/DEBUG] [net.minecraftforge.fml.network.NetworkRegistry/NETREGISTRY]: Channel 'forge:split' : Vanilla acceptance test: ACCEPTED
[15Aug2026 15:51:09.700] [Netty Server IO #3/DEBUG] [net.minecraftforge.fml.network.NetworkRegistry/NETREGISTRY]: Accepting channel list from vanilla
[15Aug2026 15:51:09.700] [Netty Server IO #3/DEBUG] [net.minecraftforge.fml.network.FMLHandshakeHandler/FMLHANDSHAKE]: Starting new vanilla network connection.
[15Aug2026 15:51:09.955] [User Authenticator #21/WARN] [net.minecraft.network.login.ServerLoginNetHandler/]: Failed to verify username but will let them in anyway!
[15Aug2026 15:51:09.980] [Server thread/DEBUG] [net.minecraftforge.fml.network.FMLHandshakeHandler/FMLHANDSHAKE]: Handshake complete!
[15Aug2026 15:51:10.059] [Server thread/INFO] [net.minecraft.network.play.ServerPlayNetHandler/]: Bhota lost connection: You logged in from another location
[15Aug2026 15:51:10.060] [Server thread/INFO] [net.minecraft.server.MinecraftServer/]: Bhota left the game
[15Aug2026 15:51:10.075] [Server thread/INFO] [net.minecraft.server.management.PlayerList/]: Bhota[/192.168.29.156:54748] logged in with entity id 317 at (-29.438809123409964, 4.0, -76.38462433952624)
[15Aug2026 15:51:10.078] [Server thread/DEBUG] [net.minecraftforge.network.NetworkFilters/]: Injected net.minecraftforge.network.VanillaConnectionNetworkFilter@4088c1ad into net.minecraft.network.NetworkManager@255d6a8e
[15Aug2026 15:51:10.086] [Server thread/INFO] [net.minecraft.server.MinecraftServer/]: Bhota joined the game
[15Aug2026 15:51:10.224] [Render thread/INFO] [net.minecraft.client.gui.NewChatGui/]: [CHAT] Bhota left the game
[15Aug2026 15:51:10.225] [Render thread/INFO] [net.minecraft.client.gui.NewChatGui/]: [CHAT] Bhota joined the game
[15Aug2026 15:51:10.462] [Server thread/INFO] [net.minecraft.server.MinecraftServer/]: <Bhota> Bot online. Mention me and tell me what you want, or use !help.
[15Aug2026 15:51:15.274] [Netty Server IO #0/DEBUG] [net.minecraftforge.fml.network.NetworkRegistry/NETREGISTRY]: Channel 'fml:loginwrapper' : Vanilla acceptance test: ACCEPTED
[15Aug2026 15:51:15.274] [Netty Server IO #0/DEBUG] [net.minecraftforge.fml.network.NetworkRegistry/NETREGISTRY]: Channel 'fml:handshake' : Vanilla acceptance test: ACCEPTED
[15Aug2026 15:51:15.274] [Netty Server IO #0/DEBUG] [net.minecraftforge.fml.network.NetworkRegistry/NETREGISTRY]: Channel 'forge:split_11' : Vanilla acceptance test: ACCEPTED
[15Aug2026 15:51:15.274] [Netty Server IO #0/DEBUG] [net.minecraftforge.fml.network.NetworkRegistry/NETREGISTRY]: Channel 'minecraft:unregister' : Vanilla acceptance test: ACCEPTED
[15Aug2026 15:51:15.274] [Netty Server IO #0/DEBUG] [net.minecraftforge.fml.network.NetworkRegistry/NETREGISTRY]: Channel 'fml:play' : Vanilla acceptance test: ACCEPTED
[15Aug2026 15:51:15.274] [Netty Server IO #0/DEBUG] [net.minecraftforge.fml.network.NetworkRegistry/NETREGISTRY]: Channel 'minecraft:register' : Vanilla acceptance test: ACCEPTED
[15Aug2026 15:51:15.274] [Netty Server IO #0/DEBUG] [net.minecraftforge.fml.network.NetworkRegistry/NETREGISTRY]: Channel 'forge:split' : Vanilla acceptance test: ACCEPTED
[15Aug2026 15:51:15.274] [Netty Server IO #0/DEBUG] [net.minecraftforge.fml.network.NetworkRegistry/NETREGISTRY]: Accepting channel list from vanilla
[15Aug2026 15:51:15.274] [Netty Server IO #0/DEBUG] [net.minecraftforge.fml.network.FMLHandshakeHandler/FMLHANDSHAKE]: Starting new vanilla network connection.
[15Aug2026 15:51:15.387] [Server thread/INFO] [net.minecraft.server.MinecraftServer/]: <Dev> bhota come here
[15Aug2026 15:51:15.396] [Render thread/INFO] [net.minecraft.client.gui.NewChatGui/]: [CHAT] <Dev> bhota come here
[15Aug2026 15:51:15.424] [Server thread/INFO] [net.minecraft.server.MinecraftServer/]: <Bhota> I only take instructions from my master.
[15Aug2026 15:51:15.686] [User Authenticator #22/WARN] [net.minecraft.network.login.ServerLoginNetHandler/]: Failed to verify username but will let them in anyway!
[15Aug2026 15:51:15.725] [Server thread/DEBUG] [net.minecraftforge.fml.network.FMLHandshakeHandler/FMLHANDSHAKE]: Handshake complete!
[15Aug2026 15:51:15.801] [Server thread/INFO] [net.minecraft.network.play.ServerPlayNetHandler/]: Bhota lost connection: You logged in from another location
[15Aug2026 15:51:15.802] [Server thread/INFO] [net.minecraft.server.MinecraftServer/]: Bhota left the game
[15Aug2026 15:51:15.808] [Server thread/INFO] [net.minecraftforge.common.AdvancementLoadFix/]: Using new advancement loading for net.minecraft.advancements.PlayerAdvancements@4a0d7879
[15Aug2026 15:51:15.823] [Server thread/WARN] [net.minecraft.network.NetworkManager/]: handleDisconnection() called twice
[15Aug2026 15:51:15.827] [Server thread/INFO] [net.minecraft.server.management.PlayerList/]: Bhota[/192.168.29.156:54749] logged in with entity id 327 at (-29.438809123409964, 4.0, -76.38462433952624)
[15Aug2026 15:51:15.828] [Server thread/DEBUG] [net.minecraftforge.network.NetworkFilters/]: Injected net.minecraftforge.network.VanillaConnectionNetworkFilter@4fae3eb0 into net.minecraft.network.NetworkManager@73be13f6
[15Aug2026 15:51:15.849] [Server thread/INFO] [net.minecraft.server.MinecraftServer/]: Bhota joined the game
[15Aug2026 15:51:15.961] [Render thread/INFO] [net.minecraft.client.gui.NewChatGui/]: [CHAT] Bhota left the game
[15Aug2026 15:51:15.962] [Render thread/INFO] [net.minecraft.client.gui.NewChatGui/]: [CHAT] Bhota joined the game
[15Aug2026 15:51:16.200] [Server thread/INFO] [net.minecraft.server.MinecraftServer/]: <Bhota> Bot online. Mention me and tell me what you want, or use !help.
[15Aug2026 15:51:18.605] [Server thread/INFO] [net.minecraft.server.MinecraftServer/]: <Dev> bhota come here
[15Aug2026 15:51:18.652] [Render thread/INFO] [net.minecraft.client.gui.NewChatGui/]: [CHAT] <Dev> bhota come here
[15Aug2026 15:51:18.748] [Server thread/INFO] [net.minecraft.server.MinecraftServer/]: <Bhota> I only take instructions from my master.
[15Aug2026 15:51:20.900] [Netty Server IO #1/DEBUG] [net.minecraftforge.fml.network.NetworkRegistry/NETREGISTRY]: Channel 'fml:loginwrapper' : Vanilla acceptance test: ACCEPTED
[15Aug2026 15:51:20.900] [Netty Server IO #1/DEBUG] [net.minecraftforge.fml.network.NetworkRegistry/NETREGISTRY]: Channel 'fml:handshake' : Vanilla acceptance test: ACCEPTED
[15Aug2026 15:51:20.900] [Netty Server IO #1/DEBUG] [net.minecraftforge.fml.network.NetworkRegistry/NETREGISTRY]: Channel 'forge:split_11' : Vanilla acceptance test: ACCEPTED
[15Aug2026 15:51:20.900] [Netty Server IO #1/DEBUG] [net.minecraftforge.fml.network.NetworkRegistry/NETREGISTRY]: Channel 'minecraft:unregister' : Vanilla acceptance test: ACCEPTED
[15Aug2026 15:51:20.900] [Netty Server IO #1/DEBUG] [net.minecraftforge.fml.network.NetworkRegistry/NETREGISTRY]: Channel 'fml:play' : Vanilla acceptance test: ACCEPTED
[15Aug2026 15:51:20.900] [Netty Server IO #1/DEBUG] [net.minecraftforge.fml.network.NetworkRegistry/NETREGISTRY]: Channel 'minecraft:register' : Vanilla acceptance test: ACCEPTED
[15Aug2026 15:51:20.900] [Netty Server IO #1/DEBUG] [net.minecraftforge.fml.network.NetworkRegistry/NETREGISTRY]: Channel 'forge:split' : Vanilla acceptance test: ACCEPTED
[15Aug2026 15:51:20.900] [Netty Server IO #1/DEBUG] [net.minecraftforge.fml.network.NetworkRegistry/NETREGISTRY]: Accepting channel list from vanilla
[15Aug2026 15:51:20.900] [Netty Server IO #1/DEBUG] [net.minecraftforge.fml.network.FMLHandshakeHandler/FMLHANDSHAKE]: Starting new vanilla network connection.
[15Aug2026 15:51:21.302] [User Authenticator #23/WARN] [net.minecraft.network.login.ServerLoginNetHandler/]: Failed to verify username but will let them in anyway!
[15Aug2026 15:51:21.332] [Server thread/DEBUG] [net.minecraftforge.fml.network.FMLHandshakeHandler/FMLHANDSHAKE]: Handshake complete!
[15Aug2026 15:51:21.355] [Server thread/INFO] [net.minecraft.network.play.ServerPlayNetHandler/]: Bhota lost connection: You logged in from another location
[15Aug2026 15:51:21.355] [Server thread/INFO] [net.minecraft.server.MinecraftServer/]: Bhota left the game
[15Aug2026 15:51:21.369] [Server thread/INFO] [net.minecraftforge.common.AdvancementLoadFix/]: Using new advancement loading for net.minecraft.advancements.PlayerAdvancements@e1968d4
[15Aug2026 15:51:21.407] [Server thread/WARN] [net.minecraft.network.NetworkManager/]: handleDisconnection() called twice
[15Aug2026 15:51:21.409] [Server thread/INFO] [net.minecraft.server.management.PlayerList/]: Bhota[/192.168.29.156:54750] logged in with entity id 339 at (-29.438809123409964, 4.0, -76.38462433952624)
[15Aug2026 15:51:21.409] [Server thread/DEBUG] [net.minecraftforge.network.NetworkFilters/]: Injected net.minecraftforge.network.VanillaConnectionNetworkFilter@47c1c810 into net.minecraft.network.NetworkManager@7284a052
[15Aug2026 15:51:21.427] [Server thread/INFO] [net.minecraft.server.MinecraftServer/]: Bhota joined the game
[15Aug2026 15:51:21.573] [Render thread/INFO] [net.minecraft.client.gui.NewChatGui/]: [CHAT] Bhota left the game
[15Aug2026 15:51:21.573] [Render thread/INFO] [net.minecraft.client.gui.NewChatGui/]: [CHAT] Bhota joined the game
[15Aug2026 15:51:21.660] [Server thread/INFO] [net.minecraft.server.MinecraftServer/]: <Bhota> Bot online. Mention me and tell me what you want, or use !help.
[15Aug2026 15:51:21.778] [Server thread/INFO] [net.minecraft.server.MinecraftServer/]: <Dev> bhota come here
[15Aug2026 15:51:21.793] [Render thread/INFO] [net.minecraft.client.gui.NewChatGui/]: [CHAT] <Dev> bhota come here
[15Aug2026 15:51:21.804] [Server thread/INFO] [net.minecraft.server.MinecraftServer/]: <Bhota> I only take instructions from my master.
[15Aug2026 15:51:26.426] [Netty Server IO #2/DEBUG] [net.minecraftforge.fml.network.NetworkRegistry/NETREGISTRY]: Channel 'fml:loginwrapper' : Vanilla acceptance test: ACCEPTED
[15Aug2026 15:51:26.426] [Netty Server IO #2/DEBUG] [net.minecraftforge.fml.network.NetworkRegistry/NETREGISTRY]: Channel 'fml:handshake' : Vanilla acceptance test: ACCEPTED
[15Aug2026 15:51:26.426] [Netty Server IO #2/DEBUG] [net.minecraftforge.fml.network.NetworkRegistry/NETREGISTRY]: Channel 'forge:split_11' : Vanilla acceptance test: ACCEPTED
[15Aug2026 15:51:26.426] [Netty Server IO #2/DEBUG] [net.minecraftforge.fml.network.NetworkRegistry/NETREGISTRY]: Channel 'minecraft:unregister' : Vanilla acceptance test: ACCEPTED
[15Aug2026 15:51:26.426] [Netty Server IO #2/DEBUG] [net.minecraftforge.fml.network.NetworkRegistry/NETREGISTRY]: Channel 'fml:play' : Vanilla acceptance test: ACCEPTED
[15Aug2026 15:51:26.427] [Netty Server IO #2/DEBUG] [net.minecraftforge.fml.network.NetworkRegistry/NETREGISTRY]: Channel 'minecraft:register' : Vanilla acceptance test: ACCEPTED
[15Aug2026 15:51:26.427] [Netty Server IO #2/DEBUG] [net.minecraftforge.fml.network.NetworkRegistry/NETREGISTRY]: Channel 'forge:split' : Vanilla acceptance test: ACCEPTED
[15Aug2026 15:51:26.427] [Netty Server IO #2/DEBUG] [net.minecraftforge.fml.network.NetworkRegistry/NETREGISTRY]: Accepting channel list from vanilla
[15Aug2026 15:51:26.427] [Netty Server IO #2/DEBUG] [net.minecraftforge.fml.network.FMLHandshakeHandler/FMLHANDSHAKE]: Starting new vanilla network connection.
[15Aug2026 15:51:26.904] [User Authenticator #24/WARN] [net.minecraft.network.login.ServerLoginNetHandler/]: Failed to verify username but will let them in anyway!
[15Aug2026 15:51:26.907] [Server thread/DEBUG] [net.minecraftforge.fml.network.FMLHandshakeHandler/FMLHANDSHAKE]: Handshake complete!
[15Aug2026 15:51:26.985] [Server thread/INFO] [net.minecraft.network.play.ServerPlayNetHandler/]: Bhota lost connection: You logged in from another location
[15Aug2026 15:51:26.985] [Server thread/INFO] [net.minecraft.server.MinecraftServer/]: Bhota left the game
[15Aug2026 15:51:26.994] [Server thread/INFO] [net.minecraft.server.management.PlayerList/]: Bhota[/192.168.29.156:54751] logged in with entity id 343 at (-29.438809123409964, 4.0, -76.38462433952624)
[15Aug2026 15:51:26.995] [Server thread/DEBUG] [net.minecraftforge.network.NetworkFilters/]: Injected net.minecraftforge.network.VanillaConnectionNetworkFilter@7f519e15 into net.minecraft.network.NetworkManager@c0f1e43
[15Aug2026 15:51:27.016] [Server thread/INFO] [net.minecraft.server.MinecraftServer/]: Bhota joined the game
[15Aug2026 15:51:27.158] [Render thread/INFO] [net.minecraft.client.gui.NewChatGui/]: [CHAT] Bhota left the game
[15Aug2026 15:51:27.159] [Render thread/INFO] [net.minecraft.client.gui.NewChatGui/]: [CHAT] Bhota joined the game
[15Aug2026 15:51:27.538] [Server thread/INFO] [net.minecraft.server.MinecraftServer/]: <Bhota> Bot online. Mention me and tell me what you want, or use !help.
[15Aug2026 15:51:28.992] [Server thread/INFO] [net.minecraft.server.MinecraftServer/]: <Dev> botie come here
[15Aug2026 15:51:29.005] [Render thread/INFO] [net.minecraft.client.gui.NewChatGui/]: [CHAT] <Dev> botie come here
[15Aug2026 15:51:32.115] [Netty Server IO #3/DEBUG] [net.minecraftforge.fml.network.NetworkRegistry/NETREGISTRY]: Channel 'fml:loginwrapper' : Vanilla acceptance test: ACCEPTED
[15Aug2026 15:51:32.115] [Netty Server IO #3/DEBUG] [net.minecraftforge.fml.network.NetworkRegistry/NETREGISTRY]: Channel 'fml:handshake' : Vanilla acceptance test: ACCEPTED
[15Aug2026 15:51:32.115] [Netty Server IO #3/DEBUG] [net.minecraftforge.fml.network.NetworkRegistry/NETREGISTRY]: Channel 'forge:split_11' : Vanilla acceptance test: ACCEPTED
[15Aug2026 15:51:32.115] [Netty Server IO #3/DEBUG] [net.minecraftforge.fml.network.NetworkRegistry/NETREGISTRY]: Channel 'minecraft:unregister' : Vanilla acceptance test: ACCEPTED
[15Aug2026 15:51:32.115] [Netty Server IO #3/DEBUG] [net.minecraftforge.fml.network.NetworkRegistry/NETREGISTRY]: Channel 'fml:play' : Vanilla acceptance test: ACCEPTED
[15Aug2026 15:51:32.115] [Netty Server IO #3/DEBUG] [net.minecraftforge.fml.network.NetworkRegistry/NETREGISTRY]: Channel 'minecraft:register' : Vanilla acceptance test: ACCEPTED
[15Aug2026 15:51:32.131] [Netty Server IO #3/DEBUG] [net.minecraftforge.fml.network.NetworkRegistry/NETREGISTRY]: Channel 'forge:split' : Vanilla acceptance test: ACCEPTED
[15Aug2026 15:51:32.131] [Netty Server IO #3/DEBUG] [net.minecraftforge.fml.network.NetworkRegistry/NETREGISTRY]: Accepting channel list from vanilla
[15Aug2026 15:51:32.131] [Netty Server IO #3/DEBUG] [net.minecraftforge.fml.network.FMLHandshakeHandler/FMLHANDSHAKE]: Starting new vanilla network connection.
[15Aug2026 15:51:32.562] [User Authenticator #25/WARN] [net.minecraft.network.login.ServerLoginNetHandler/]: Failed to verify username but will let them in anyway!
[15Aug2026 15:51:32.576] [Server thread/DEBUG] [net.minecraftforge.fml.network.FMLHandshakeHandler/FMLHANDSHAKE]: Handshake complete!
[15Aug2026 15:51:32.627] [Server thread/INFO] [net.minecraft.network.play.ServerPlayNetHandler/]: Bhota lost connection: You logged in from another location
[15Aug2026 15:51:32.627] [Server thread/INFO] [net.minecraft.server.MinecraftServer/]: Bhota left the game
[15Aug2026 15:51:32.633] [Server thread/INFO] [net.minecraftforge.common.AdvancementLoadFix/]: Using new advancement loading for net.minecraft.advancements.PlayerAdvancements@54c5a1c4
[15Aug2026 15:51:32.648] [Server thread/WARN] [net.minecraft.network.NetworkManager/]: handleDisconnection() called twice
[15Aug2026 15:51:32.651] [Server thread/INFO] [net.minecraft.server.management.PlayerList/]: Bhota[/192.168.29.156:54752] logged in with entity id 349 at (-29.438809123409964, 4.0, -76.38462433952624)
[15Aug2026 15:51:32.651] [Server thread/DEBUG] [net.minecraftforge.network.NetworkFilters/]: Injected net.minecraftforge.network.VanillaConnectionNetworkFilter@b81331c into net.minecraft.network.NetworkManager@4f66443f
[15Aug2026 15:51:32.659] [Server thread/INFO] [net.minecraft.server.MinecraftServer/]: Bhota joined the game
[15Aug2026 15:51:32.780] [Render thread/INFO] [net.minecraft.client.gui.NewChatGui/]: [CHAT] Bhota left the game
[15Aug2026 15:51:32.781] [Render thread/INFO] [net.minecraft.client.gui.NewChatGui/]: [CHAT] Bhota joined the game
[15Aug2026 15:51:32.989] [Server thread/INFO] [net.minecraft.server.MinecraftServer/]: <Bhota> Bot online. Mention me and tell me what you want, or use !help.
[15Aug2026 15:51:37.803] [Netty Server IO #0/DEBUG] [net.minecraftforge.fml.network.NetworkRegistry/NETREGISTRY]: Channel 'fml:loginwrapper' : Vanilla acceptance test: ACCEPTED
[15Aug2026 15:51:37.803] [Netty Server IO #0/DEBUG] [net.minecraftforge.fml.network.NetworkRegistry/NETREGISTRY]: Channel 'fml:handshake' : Vanilla acceptance test: ACCEPTED
[15Aug2026 15:51:37.803] [Netty Server IO #0/DEBUG] [net.minecraftforge.fml.network.NetworkRegistry/NETREGISTRY]: Channel 'forge:split_11' : Vanilla acceptance test: ACCEPTED
[15Aug2026 15:51:37.803] [Netty Server IO #0/DEBUG] [net.minecraftforge.fml.network.NetworkRegistry/NETREGISTRY]: Channel 'minecraft:unregister' : Vanilla acceptance test: ACCEPTED
[15Aug2026 15:51:37.803] [Netty Server IO #0/DEBUG] [net.minecraftforge.fml.network.NetworkRegistry/NETREGISTRY]: Channel 'fml:play' : Vanilla acceptance test: ACCEPTED
[15Aug2026 15:51:37.803] [Netty Server IO #0/DEBUG] [net.minecraftforge.fml.network.NetworkRegistry/NETREGISTRY]: Channel 'minecraft:register' : Vanilla acceptance test: ACCEPTED
[15Aug2026 15:51:37.803] [Netty Server IO #0/DEBUG] [net.minecraftforge.fml.network.NetworkRegistry/NETREGISTRY]: Channel 'forge:split' : Vanilla acceptance test: ACCEPTED
[15Aug2026 15:51:37.804] [Netty Server IO #0/DEBUG] [net.minecraftforge.fml.network.NetworkRegistry/NETREGISTRY]: Accepting channel list from vanilla
[15Aug2026 15:51:37.804] [Netty Server IO #0/DEBUG] [net.minecraftforge.fml.network.FMLHandshakeHandler/FMLHANDSHAKE]: Starting new vanilla network connection.
[15Aug2026 15:51:38.142] [User Authenticator #26/WARN] [net.minecraft.network.login.ServerLoginNetHandler/]: Failed to verify username but will let them in anyway!
[15Aug2026 15:51:38.160] [Server thread/DEBUG] [net.minecraftforge.fml.network.FMLHandshakeHandler/FMLHANDSHAKE]: Handshake complete!
[15Aug2026 15:51:38.284] [Server thread/INFO] [net.minecraft.network.play.ServerPlayNetHandler/]: Bhota lost connection: You logged in from another location
[15Aug2026 15:51:38.284] [Server thread/INFO] [net.minecraft.server.MinecraftServer/]: Bhota left the game
[15Aug2026 15:51:38.292] [Server thread/INFO] [net.minecraft.server.management.PlayerList/]: Bhota[/192.168.29.156:54753] logged in with entity id 361 at (-29.438809123409964, 4.0, -76.38462433952624)
[15Aug2026 15:51:38.292] [Server thread/DEBUG] [net.minecraftforge.network.NetworkFilters/]: Injected net.minecraftforge.network.VanillaConnectionNetworkFilter@305db5a into net.minecraft.network.NetworkManager@39839d18
[15Aug2026 15:51:38.301] [Server thread/INFO] [net.minecraft.server.MinecraftServer/]: Bhota joined the game
[15Aug2026 15:51:38.322] [Render thread/INFO] [net.minecraft.client.gui.NewChatGui/]: [CHAT] Bhota left the game
[15Aug2026 15:51:38.322] [Render thread/INFO] [net.minecraft.client.gui.NewChatGui/]: [CHAT] Bhota joined the game
[15Aug2026 15:51:38.523] [Server thread/INFO] [net.minecraft.server.MinecraftServer/]: <Bhota> Bot online. Mention me and tell me what you want, or use !help.
[15Aug2026 15:51:40.250] [Server thread/INFO] [net.minecraft.server.MinecraftServer/]: <Dev> botie follow
[15Aug2026 15:51:40.313] [Render thread/INFO] [net.minecraft.client.gui.NewChatGui/]: [CHAT] <Dev> botie follow
[15Aug2026 15:51:43.289] [Netty Server IO #1/DEBUG] [net.minecraftforge.fml.network.NetworkRegistry/NETREGISTRY]: Channel 'fml:loginwrapper' : Vanilla acceptance test: ACCEPTED
[15Aug2026 15:51:43.290] [Netty Server IO #1/DEBUG] [net.minecraftforge.fml.network.NetworkRegistry/NETREGISTRY]: Channel 'fml:handshake' : Vanilla acceptance test: ACCEPTED
[15Aug2026 15:51:43.290] [Netty Server IO #1/DEBUG] [net.minecraftforge.fml.network.NetworkRegistry/NETREGISTRY]: Channel 'forge:split_11' : Vanilla acceptance test: ACCEPTED
[15Aug2026 15:51:43.290] [Netty Server IO #1/DEBUG] [net.minecraftforge.fml.network.NetworkRegistry/NETREGISTRY]: Channel 'minecraft:unregister' : Vanilla acceptance test: ACCEPTED
[15Aug2026 15:51:43.290] [Netty Server IO #1/DEBUG] [net.minecraftforge.fml.network.NetworkRegistry/NETREGISTRY]: Channel 'fml:play' : Vanilla acceptance test: ACCEPTED
[15Aug2026 15:51:43.290] [Netty Server IO #1/DEBUG] [net.minecraftforge.fml.network.NetworkRegistry/NETREGISTRY]: Channel 'minecraft:register' : Vanilla acceptance test: ACCEPTED
[15Aug2026 15:51:43.290] [Netty Server IO #1/DEBUG] [net.minecraftforge.fml.network.NetworkRegistry/NETREGISTRY]: Channel 'forge:split' : Vanilla acceptance test: ACCEPTED
[15Aug2026 15:51:43.290] [Netty Server IO #1/DEBUG] [net.minecraftforge.fml.network.NetworkRegistry/NETREGISTRY]: Accepting channel list from vanilla
[15Aug2026 15:51:43.290] [Netty Server IO #1/DEBUG] [net.minecraftforge.fml.network.FMLHandshakeHandler/FMLHANDSHAKE]: Starting new vanilla network connection.
[15Aug2026 15:51:43.400] [Server thread/INFO] [net.minecraft.server.MinecraftServer/]: <Dev> botie follow me
[15Aug2026 15:51:43.402] [Render thread/INFO] [net.minecraft.client.gui.NewChatGui/]: [CHAT] <Dev> botie follow me
[15Aug2026 15:51:43.710] [User Authenticator #27/WARN] [net.minecraft.network.login.ServerLoginNetHandler/]: Failed to verify username but will let them in anyway!
[15Aug2026 15:51:43.730] [Server thread/DEBUG] [net.minecraftforge.fml.network.FMLHandshakeHandler/FMLHANDSHAKE]: Handshake complete!
[15Aug2026 15:51:43.793] [Server thread/INFO] [net.minecraftforge.common.AdvancementLoadFix/]: Using new advancement loading for net.minecraft.advancements.PlayerAdvancements@7dc3c0a7
[15Aug2026 15:51:43.804] [Server thread/INFO] [net.minecraft.network.play.ServerPlayNetHandler/]: Bhota lost connection: You logged in from another location
[15Aug2026 15:51:43.804] [Server thread/INFO] [net.minecraft.server.MinecraftServer/]: Bhota left the game
[15Aug2026 15:51:43.819] [Server thread/INFO] [net.minecraft.server.management.PlayerList/]: Bhota[/192.168.29.156:54754] logged in with entity id 372 at (-29.438809123409964, 4.0, -76.38462433952624)
[15Aug2026 15:51:43.819] [Server thread/DEBUG] [net.minecraftforge.network.NetworkFilters/]: Injected net.minecraftforge.network.VanillaConnectionNetworkFilter@7924a9a0 into net.minecraft.network.NetworkManager@39837edd
[15Aug2026 15:51:43.825] [Server thread/INFO] [net.minecraft.server.MinecraftServer/]: Bhota joined the game
[15Aug2026 15:51:43.987] [Render thread/INFO] [net.minecraft.client.gui.NewChatGui/]: [CHAT] Bhota left the game
[15Aug2026 15:51:43.987] [Render thread/INFO] [net.minecraft.client.gui.NewChatGui/]: [CHAT] Bhota joined the game
[15Aug2026 15:51:44.141] [Server thread/INFO] [net.minecraft.server.MinecraftServer/]: <Bhota> Bot online. Mention me and tell me what you want, or use !help.
[15Aug2026 15:51:48.814] [Netty Server IO #2/DEBUG] [net.minecraftforge.fml.network.NetworkRegistry/NETREGISTRY]: Channel 'fml:loginwrapper' : Vanilla acceptance test: ACCEPTED
[15Aug2026 15:51:48.814] [Netty Server IO #2/DEBUG] [net.minecraftforge.fml.network.NetworkRegistry/NETREGISTRY]: Channel 'fml:handshake' : Vanilla acceptance test: ACCEPTED
[15Aug2026 15:51:48.814] [Netty Server IO #2/DEBUG] [net.minecraftforge.fml.network.NetworkRegistry/NETREGISTRY]: Channel 'forge:split_11' : Vanilla acceptance test: ACCEPTED
[15Aug2026 15:51:48.814] [Netty Server IO #2/DEBUG] [net.minecraftforge.fml.network.NetworkRegistry/NETREGISTRY]: Channel 'minecraft:unregister' : Vanilla acceptance test: ACCEPTED
[15Aug2026 15:51:48.814] [Netty Server IO #2/DEBUG] [net.minecraftforge.fml.network.NetworkRegistry/NETREGISTRY]: Channel 'fml:play' : Vanilla acceptance test: ACCEPTED
[15Aug2026 15:51:48.814] [Netty Server IO #2/DEBUG] [net.minecraftforge.fml.network.NetworkRegistry/NETREGISTRY]: Channel 'minecraft:register' : Vanilla acceptance test: ACCEPTED
[15Aug2026 15:51:48.814] [Netty Server IO #2/DEBUG] [net.minecraftforge.fml.network.NetworkRegistry/NETREGISTRY]: Channel 'forge:split' : Vanilla acceptance test: ACCEPTED
[15Aug2026 15:51:48.814] [Netty Server IO #2/DEBUG] [net.minecraftforge.fml.network.NetworkRegistry/NETREGISTRY]: Accepting channel list from vanilla
[15Aug2026 15:51:48.814] [Netty Server IO #2/DEBUG] [net.minecraftforge.fml.network.FMLHandshakeHandler/FMLHANDSHAKE]: Starting new vanilla network connection.
[15Aug2026 15:51:49.257] [User Authenticator #28/WARN] [net.minecraft.network.login.ServerLoginNetHandler/]: Failed to verify username but will let them in anyway!
[15Aug2026 15:51:49.267] [Server thread/DEBUG] [net.minecraftforge.fml.network.FMLHandshakeHandler/FMLHANDSHAKE]: Handshake complete!
[15Aug2026 15:51:49.339] [Server thread/INFO] [net.minecraftforge.common.AdvancementLoadFix/]: Using new advancement loading for net.minecraft.advancements.PlayerAdvancements@68f72dc6
[15Aug2026 15:51:49.350] [Server thread/INFO] [net.minecraft.network.play.ServerPlayNetHandler/]: Bhota lost connection: You logged in from another location
[15Aug2026 15:51:49.351] [Server thread/INFO] [net.minecraft.server.MinecraftServer/]: Bhota left the game
[15Aug2026 15:51:49.372] [Server thread/INFO] [net.minecraft.server.management.PlayerList/]: Bhota[/192.168.29.156:54755] logged in with entity id 381 at (-29.438809123409964, 4.0, -76.38462433952624)
[15Aug2026 15:51:49.373] [Server thread/DEBUG] [net.minecraftforge.network.NetworkFilters/]: Injected net.minecraftforge.network.VanillaConnectionNetworkFilter@7ca3e38d into net.minecraft.network.NetworkManager@6a07c4f1
[15Aug2026 15:51:49.380] [Server thread/INFO] [net.minecraft.server.MinecraftServer/]: Bhota joined the game
[15Aug2026 15:51:49.563] [Render thread/INFO] [net.minecraft.client.gui.NewChatGui/]: [CHAT] Bhota left the game
[15Aug2026 15:51:49.563] [Render thread/INFO] [net.minecraft.client.gui.NewChatGui/]: [CHAT] Bhota joined the game
[15Aug2026 15:51:49.684] [Server thread/INFO] [net.minecraft.server.MinecraftServer/]: <Bhota> Bot online. Mention me and tell me what you want, or use !help.
[15Aug2026 15:51:54.504] [Netty Server IO #3/DEBUG] [net.minecraftforge.fml.network.NetworkRegistry/NETREGISTRY]: Channel 'fml:loginwrapper' : Vanilla acceptance test: ACCEPTED
[15Aug2026 15:51:54.504] [Netty Server IO #3/DEBUG] [net.minecraftforge.fml.network.NetworkRegistry/NETREGISTRY]: Channel 'fml:handshake' : Vanilla acceptance test: ACCEPTED
[15Aug2026 15:51:54.504] [Netty Server IO #3/DEBUG] [net.minecraftforge.fml.network.NetworkRegistry/NETREGISTRY]: Channel 'forge:split_11' : Vanilla acceptance test: ACCEPTED
[15Aug2026 15:51:54.504] [Netty Server IO #3/DEBUG] [net.minecraftforge.fml.network.NetworkRegistry/NETREGISTRY]: Channel 'minecraft:unregister' : Vanilla acceptance test: ACCEPTED
[15Aug2026 15:51:54.504] [Netty Server IO #3/DEBUG] [net.minecraftforge.fml.network.NetworkRegistry/NETREGISTRY]: Channel 'fml:play' : Vanilla acceptance test: ACCEPTED
[15Aug2026 15:51:54.504] [Netty Server IO #3/DEBUG] [net.minecraftforge.fml.network.NetworkRegistry/NETREGISTRY]: Channel 'minecraft:register' : Vanilla acceptance test: ACCEPTED
[15Aug2026 15:51:54.505] [Netty Server IO #3/DEBUG] [net.minecraftforge.fml.network.NetworkRegistry/NETREGISTRY]: Channel 'forge:split' : Vanilla acceptance test: ACCEPTED
[15Aug2026 15:51:54.505] [Netty Server IO #3/DEBUG] [net.minecraftforge.fml.network.NetworkRegistry/NETREGISTRY]: Accepting channel list from vanilla
[15Aug2026 15:51:54.505] [Netty Server IO #3/DEBUG] [net.minecraftforge.fml.network.FMLHandshakeHandler/FMLHANDSHAKE]: Starting new vanilla network connection.
[15Aug2026 15:51:54.612] [Server thread/INFO] [net.minecraft.server.MinecraftServer/]: <Dev> bhota follow me
[15Aug2026 15:51:54.625] [Render thread/INFO] [net.minecraft.client.gui.NewChatGui/]: [CHAT] <Dev> bhota follow me
[15Aug2026 15:51:54.625] [Server thread/INFO] [net.minecraft.server.MinecraftServer/]: <Bhota> I only take instructions from my master.
[15Aug2026 15:51:54.865] [User Authenticator #29/WARN] [net.minecraft.network.login.ServerLoginNetHandler/]: Failed to verify username but will let them in anyway!
[15Aug2026 15:51:54.888] [Server thread/DEBUG] [net.minecraftforge.fml.network.FMLHandshakeHandler/FMLHANDSHAKE]: Handshake complete!
[15Aug2026 15:51:54.904] [Server thread/INFO] [net.minecraft.network.play.ServerPlayNetHandler/]: Bhota lost connection: You logged in from another location
[15Aug2026 15:51:54.904] [Server thread/INFO] [net.minecraft.server.MinecraftServer/]: Bhota left the game
[15Aug2026 15:51:54.910] [Server thread/INFO] [net.minecraftforge.common.AdvancementLoadFix/]: Using new advancement loading for net.minecraft.advancements.PlayerAdvancements@3913180a
[15Aug2026 15:51:54.955] [Render thread/INFO] [net.minecraft.client.gui.NewChatGui/]: [CHAT] Bhota left the game
[15Aug2026 15:51:54.968] [Server thread/WARN] [net.minecraft.network.NetworkManager/]: handleDisconnection() called twice
[15Aug2026 15:51:54.973] [Server thread/INFO] [net.minecraft.server.management.PlayerList/]: Bhota[/192.168.29.156:54756] logged in with entity id 392 at (-29.438809123409964, 4.0, -76.38462433952624)
[15Aug2026 15:51:54.973] [Server thread/DEBUG] [net.minecraftforge.network.NetworkFilters/]: Injected net.minecraftforge.network.VanillaConnectionNetworkFilter@4de034cb into net.minecraft.network.NetworkManager@1d9da535
[15Aug2026 15:51:54.996] [Server thread/INFO] [net.minecraft.server.MinecraftServer/]: Bhota joined the game
[15Aug2026 15:51:55.150] [Render thread/INFO] [net.minecraft.client.gui.NewChatGui/]: [CHAT] Bhota joined the game
[15Aug2026 15:51:55.371] [Server thread/INFO] [net.minecraft.server.MinecraftServer/]: <Bhota> Bot online. Mention me and tell me what you want, or use !help.
[15Aug2026 15:52:00.073] [Netty Server IO #0/DEBUG] [net.minecraftforge.fml.network.NetworkRegistry/NETREGISTRY]: Channel 'fml:loginwrapper' : Vanilla acceptance test: ACCEPTED
[15Aug2026 15:52:00.074] [Netty Server IO #0/DEBUG] [net.minecraftforge.fml.network.NetworkRegistry/NETREGISTRY]: Channel 'fml:handshake' : Vanilla acceptance test: ACCEPTED
[15Aug2026 15:52:00.074] [Netty Server IO #0/DEBUG] [net.minecraftforge.fml.network.NetworkRegistry/NETREGISTRY]: Channel 'forge:split_11' : Vanilla acceptance test: ACCEPTED
[15Aug2026 15:52:00.074] [Netty Server IO #0/DEBUG] [net.minecraftforge.fml.network.NetworkRegistry/NETREGISTRY]: Channel 'minecraft:unregister' : Vanilla acceptance test: ACCEPTED
[15Aug2026 15:52:00.074] [Netty Server IO #0/DEBUG] [net.minecraftforge.fml.network.NetworkRegistry/NETREGISTRY]: Channel 'fml:play' : Vanilla acceptance test: ACCEPTED
[15Aug2026 15:52:00.074] [Netty Server IO #0/DEBUG] [net.minecraftforge.fml.network.NetworkRegistry/NETREGISTRY]: Channel 'minecraft:register' : Vanilla acceptance test: ACCEPTED
[15Aug2026 15:52:00.074] [Netty Server IO #0/DEBUG] [net.minecraftforge.fml.network.NetworkRegistry/NETREGISTRY]: Channel 'forge:split' : Vanilla acceptance test: ACCEPTED
[15Aug2026 15:52:00.074] [Netty Server IO #0/DEBUG] [net.minecraftforge.fml.network.NetworkRegistry/NETREGISTRY]: Accepting channel list from vanilla
[15Aug2026 15:52:00.074] [Netty Server IO #0/DEBUG] [net.minecraftforge.fml.network.FMLHandshakeHandler/FMLHANDSHAKE]: Starting new vanilla network connection.
[15Aug2026 15:52:00.912] [User Authenticator #30/WARN] [net.minecraft.network.login.ServerLoginNetHandler/]: Failed to verify username but will let them in anyway!
[15Aug2026 15:52:00.924] [Server thread/DEBUG] [net.minecraftforge.fml.network.FMLHandshakeHandler/FMLHANDSHAKE]: Handshake complete!
[15Aug2026 15:52:00.945] [Server thread/INFO] [net.minecraft.network.play.ServerPlayNetHandler/]: Bhota lost connection: You logged in from another location
[15Aug2026 15:52:00.945] [Server thread/INFO] [net.minecraft.server.MinecraftServer/]: Bhota left the game
[15Aug2026 15:52:00.965] [Server thread/INFO] [net.minecraft.server.management.PlayerList/]: Bhota[/192.168.29.156:54758] logged in with entity id 403 at (-29.438809123409964, 4.0, -76.38462433952624)
[15Aug2026 15:52:00.967] [Server thread/DEBUG] [net.minecraftforge.network.NetworkFilters/]: Injected net.minecraftforge.network.VanillaConnectionNetworkFilter@1cd94958 into net.minecraft.network.NetworkManager@3543cf79
[15Aug2026 15:52:01.008] [Server thread/INFO] [net.minecraft.server.MinecraftServer/]: Bhota joined the game
[15Aug2026 15:52:01.170] [Render thread/INFO] [net.minecraft.client.gui.NewChatGui/]: [CHAT] Bhota left the game
[15Aug2026 15:52:01.171] [Render thread/INFO] [net.minecraft.client.gui.NewChatGui/]: [CHAT] Bhota joined the game
[15Aug2026 15:52:01.598] [Server thread/INFO] [net.minecraft.server.MinecraftServer/]: <Bhota> Bot online. Mention me and tell me what you want, or use !help.
[15Aug2026 15:52:06.292] [Netty Server IO #1/DEBUG] [net.minecraftforge.fml.network.NetworkRegistry/NETREGISTRY]: Channel 'fml:loginwrapper' : Vanilla acceptance test: ACCEPTED
[15Aug2026 15:52:06.293] [Netty Server IO #1/DEBUG] [net.minecraftforge.fml.network.NetworkRegistry/NETREGISTRY]: Channel 'fml:handshake' : Vanilla acceptance test: ACCEPTED
[15Aug2026 15:52:06.293] [Netty Server IO #1/DEBUG] [net.minecraftforge.fml.network.NetworkRegistry/NETREGISTRY]: Channel 'forge:split_11' : Vanilla acceptance test: ACCEPTED
[15Aug2026 15:52:06.293] [Netty Server IO #1/DEBUG] [net.minecraftforge.fml.network.NetworkRegistry/NETREGISTRY]: Channel 'minecraft:unregister' : Vanilla acceptance test: ACCEPTED
[15Aug2026 15:52:06.293] [Netty Server IO #1/DEBUG] [net.minecraftforge.fml.network.NetworkRegistry/NETREGISTRY]: Channel 'fml:play' : Vanilla acceptance test: ACCEPTED
[15Aug2026 15:52:06.293] [Netty Server IO #1/DEBUG] [net.minecraftforge.fml.network.NetworkRegistry/NETREGISTRY]: Channel 'minecraft:register' : Vanilla acceptance test: ACCEPTED
[15Aug2026 15:52:06.293] [Netty Server IO #1/DEBUG] [net.minecraftforge.fml.network.NetworkRegistry/NETREGISTRY]: Channel 'forge:split' : Vanilla acceptance test: ACCEPTED
[15Aug2026 15:52:06.293] [Netty Server IO #1/DEBUG] [net.minecraftforge.fml.network.NetworkRegistry/NETREGISTRY]: Accepting channel list from vanilla
[15Aug2026 15:52:06.293] [Netty Server IO #1/DEBUG] [net.minecraftforge.fml.network.FMLHandshakeHandler/FMLHANDSHAKE]: Starting new vanilla network connection.
[15Aug2026 15:52:06.773] [User Authenticator #31/WARN] [net.minecraft.network.login.ServerLoginNetHandler/]: Failed to verify username but will let them in anyway!
[15Aug2026 15:52:06.792] [Server thread/DEBUG] [net.minecraftforge.fml.network.FMLHandshakeHandler/FMLHANDSHAKE]: Handshake complete!
[15Aug2026 15:52:06.803] [Server thread/INFO] [net.minecraftforge.common.AdvancementLoadFix/]: Using new advancement loading for net.minecraft.advancements.PlayerAdvancements@33aa452b
[15Aug2026 15:52:06.861] [Server thread/INFO] [net.minecraft.network.play.ServerPlayNetHandler/]: Bhota lost connection: You logged in from another location
[15Aug2026 15:52:06.861] [Server thread/INFO] [net.minecraft.server.MinecraftServer/]: Bhota left the game
[15Aug2026 15:52:06.899] [Server thread/INFO] [net.minecraft.server.management.PlayerList/]: Bhota[/192.168.29.156:54760] logged in with entity id 412 at (-29.438809123409964, 4.0, -76.38462433952624)
[15Aug2026 15:52:06.899] [Server thread/DEBUG] [net.minecraftforge.network.NetworkFilters/]: Injected net.minecraftforge.network.VanillaConnectionNetworkFilter@438c5a76 into net.minecraft.network.NetworkManager@11a350cb
[15Aug2026 15:52:06.923] [Server thread/INFO] [net.minecraft.server.MinecraftServer/]: Bhota joined the game
[15Aug2026 15:52:07.039] [Render thread/INFO] [net.minecraft.client.gui.NewChatGui/]: [CHAT] Bhota left the game
[15Aug2026 15:52:07.039] [Render thread/INFO] [net.minecraft.client.gui.NewChatGui/]: [CHAT] Bhota joined the game
[15Aug2026 15:52:07.345] [Server thread/INFO] [net.minecraft.server.MinecraftServer/]: <Bhota> Bot online. Mention me and tell me what you want, or use !help.
[15Aug2026 15:52:11.831] [Netty Server IO #2/DEBUG] [net.minecraftforge.fml.network.NetworkRegistry/NETREGISTRY]: Channel 'fml:loginwrapper' : Vanilla acceptance test: ACCEPTED
[15Aug2026 15:52:11.831] [Netty Server IO #2/DEBUG] [net.minecraftforge.fml.network.NetworkRegistry/NETREGISTRY]: Channel 'fml:handshake' : Vanilla acceptance test: ACCEPTED
[15Aug2026 15:52:11.831] [Netty Server IO #2/DEBUG] [net.minecraftforge.fml.network.NetworkRegistry/NETREGISTRY]: Channel 'forge:split_11' : Vanilla acceptance test: ACCEPTED
[15Aug2026 15:52:11.831] [Netty Server IO #2/DEBUG] [net.minecraftforge.fml.network.NetworkRegistry/NETREGISTRY]: Channel 'minecraft:unregister' : Vanilla acceptance test: ACCEPTED
[15Aug2026 15:52:11.831] [Netty Server IO #2/DEBUG] [net.minecraftforge.fml.network.NetworkRegistry/NETREGISTRY]: Channel 'fml:play' : Vanilla acceptance test: ACCEPTED
[15Aug2026 15:52:11.831] [Netty Server IO #2/DEBUG] [net.minecraftforge.fml.network.NetworkRegistry/NETREGISTRY]: Channel 'minecraft:register' : Vanilla acceptance test: ACCEPTED
[15Aug2026 15:52:11.831] [Netty Server IO #2/DEBUG] [net.minecraftforge.fml.network.NetworkRegistry/NETREGISTRY]: Channel 'forge:split' : Vanilla acceptance test: ACCEPTED
[15Aug2026 15:52:11.831] [Netty Server IO #2/DEBUG] [net.minecraftforge.fml.network.NetworkRegistry/NETREGISTRY]: Accepting channel list from vanilla
[15Aug2026 15:52:11.831] [Netty Server IO #2/DEBUG] [net.minecraftforge.fml.network.FMLHandshakeHandler/FMLHANDSHAKE]: Starting new vanilla network connection.
[15Aug2026 15:52:12.189] [User Authenticator #32/WARN] [net.minecraft.network.login.ServerLoginNetHandler/]: Failed to verify username but will let them in anyway!
[15Aug2026 15:52:12.242] [Server thread/DEBUG] [net.minecraftforge.fml.network.FMLHandshakeHandler/FMLHANDSHAKE]: Handshake complete!
[15Aug2026 15:52:12.254] [Server thread/INFO] [net.minecraft.network.play.ServerPlayNetHandler/]: Bhota lost connection: You logged in from another location
[15Aug2026 15:52:12.254] [Server thread/INFO] [net.minecraft.server.MinecraftServer/]: Bhota left the game
[15Aug2026 15:52:12.264] [Server thread/INFO] [net.minecraftforge.common.AdvancementLoadFix/]: Using new advancement loading for net.minecraft.advancements.PlayerAdvancements@2c2df520
[15Aug2026 15:52:12.276] [Render thread/INFO] [net.minecraft.client.gui.NewChatGui/]: [CHAT] Bhota left the game
[15Aug2026 15:52:12.356] [Server thread/WARN] [net.minecraft.network.NetworkManager/]: handleDisconnection() called twice
[15Aug2026 15:52:12.358] [Server thread/INFO] [net.minecraft.server.management.PlayerList/]: Bhota[/192.168.29.156:54761] logged in with entity id 418 at (-29.438809123409964, 4.0, -76.38462433952624)
[15Aug2026 15:52:12.360] [Server thread/DEBUG] [net.minecraftforge.network.NetworkFilters/]: Injected net.minecraftforge.network.VanillaConnectionNetworkFilter@78642193 into net.minecraft.network.NetworkManager@bd89cb6
[15Aug2026 15:52:12.374] [Server thread/INFO] [net.minecraft.server.MinecraftServer/]: Bhota joined the game
[15Aug2026 15:52:12.538] [Render thread/INFO] [net.minecraft.client.gui.NewChatGui/]: [CHAT] Bhota joined the game
[15Aug2026 15:52:12.798] [Server thread/INFO] [net.minecraft.server.MinecraftServer/]: <Bhota> Bot online. Mention me and tell me what you want, or use !help.
[15Aug2026 15:52:14.229] [Server thread/INFO] [net.minecraft.server.MinecraftServer/]: <Dev> botie mine me some wood
[15Aug2026 15:52:14.283] [Render thread/INFO] [net.minecraft.client.gui.NewChatGui/]: [CHAT] <Dev> botie mine me some wood
[15Aug2026 15:52:17.288] [Netty Server IO #3/DEBUG] [net.minecraftforge.fml.network.NetworkRegistry/NETREGISTRY]: Channel 'fml:loginwrapper' : Vanilla acceptance test: ACCEPTED
[15Aug2026 15:52:17.288] [Netty Server IO #3/DEBUG] [net.minecraftforge.fml.network.NetworkRegistry/NETREGISTRY]: Channel 'fml:handshake' : Vanilla acceptance test: ACCEPTED
[15Aug2026 15:52:17.288] [Netty Server IO #3/DEBUG] [net.minecraftforge.fml.network.NetworkRegistry/NETREGISTRY]: Channel 'forge:split_11' : Vanilla acceptance test: ACCEPTED
[15Aug2026 15:52:17.289] [Netty Server IO #3/DEBUG] [net.minecraftforge.fml.network.NetworkRegistry/NETREGISTRY]: Channel 'minecraft:unregister' : Vanilla acceptance test: ACCEPTED
[15Aug2026 15:52:17.289] [Netty Server IO #3/DEBUG] [net.minecraftforge.fml.network.NetworkRegistry/NETREGISTRY]: Channel 'fml:play' : Vanilla acceptance test: ACCEPTED
[15Aug2026 15:52:17.289] [Netty Server IO #3/DEBUG] [net.minecraftforge.fml.network.NetworkRegistry/NETREGISTRY]: Channel 'minecraft:register' : Vanilla acceptance test: ACCEPTED
[15Aug2026 15:52:17.289] [Netty Server IO #3/DEBUG] [net.minecraftforge.fml.network.NetworkRegistry/NETREGISTRY]: Channel 'forge:split' : Vanilla acceptance test: ACCEPTED
[15Aug2026 15:52:17.289] [Netty Server IO #3/DEBUG] [net.minecraftforge.fml.network.NetworkRegistry/NETREGISTRY]: Accepting channel list from vanilla
[15Aug2026 15:52:17.289] [Netty Server IO #3/DEBUG] [net.minecraftforge.fml.network.FMLHandshakeHandler/FMLHANDSHAKE]: Starting new vanilla network connection.
[15Aug2026 15:52:17.687] [User Authenticator #33/WARN] [net.minecraft.network.login.ServerLoginNetHandler/]: Failed to verify username but will let them in anyway!
[15Aug2026 15:52:17.730] [Server thread/DEBUG] [net.minecraftforge.fml.network.FMLHandshakeHandler/FMLHANDSHAKE]: Handshake complete!
[15Aug2026 15:52:17.794] [Server thread/INFO] [net.minecraft.network.play.ServerPlayNetHandler/]: Bhota lost connection: You logged in from another location
[15Aug2026 15:52:17.794] [Server thread/INFO] [net.minecraft.server.MinecraftServer/]: Bhota left the game
[15Aug2026 15:52:17.802] [Server thread/INFO] [net.minecraftforge.common.AdvancementLoadFix/]: Using new advancement loading for net.minecraft.advancements.PlayerAdvancements@1cf0c957
[15Aug2026 15:52:17.815] [Server thread/WARN] [net.minecraft.network.NetworkManager/]: handleDisconnection() called twice
[15Aug2026 15:52:17.817] [Server thread/INFO] [net.minecraft.server.management.PlayerList/]: Bhota[/192.168.29.156:54762] logged in with entity id 428 at (-29.438809123409964, 4.0, -76.38462433952624)
[15Aug2026 15:52:17.818] [Server thread/DEBUG] [net.minecraftforge.network.NetworkFilters/]: Injected net.minecraftforge.network.VanillaConnectionNetworkFilter@585d6d04 into net.minecraft.network.NetworkManager@5d862e78
[15Aug2026 15:52:17.822] [Server thread/INFO] [net.minecraft.server.MinecraftServer/]: Bhota joined the game
[15Aug2026 15:52:17.930] [Render thread/INFO] [net.minecraft.client.gui.NewChatGui/]: [CHAT] Bhota left the game
[15Aug2026 15:52:17.930] [Render thread/INFO] [net.minecraft.client.gui.NewChatGui/]: [CHAT] Bhota joined the game
[15Aug2026 15:52:18.105] [Server thread/INFO] [net.minecraft.server.MinecraftServer/]: <Bhota> Bot online. Mention me and tell me what you want, or use !help.
[15Aug2026 15:52:22.990] [Netty Server IO #0/DEBUG] [net.minecraftforge.fml.network.NetworkRegistry/NETREGISTRY]: Channel 'fml:loginwrapper' : Vanilla acceptance test: ACCEPTED
[15Aug2026 15:52:22.990] [Netty Server IO #0/DEBUG] [net.minecraftforge.fml.network.NetworkRegistry/NETREGISTRY]: Channel 'fml:handshake' : Vanilla acceptance test: ACCEPTED
[15Aug2026 15:52:22.990] [Netty Server IO #0/DEBUG] [net.minecraftforge.fml.network.NetworkRegistry/NETREGISTRY]: Channel 'forge:split_11' : Vanilla acceptance test: ACCEPTED
[15Aug2026 15:52:22.990] [Netty Server IO #0/DEBUG] [net.minecraftforge.fml.network.NetworkRegistry/NETREGISTRY]: Channel 'minecraft:unregister' : Vanilla acceptance test: ACCEPTED
[15Aug2026 15:52:22.990] [Netty Server IO #0/DEBUG] [net.minecraftforge.fml.network.NetworkRegistry/NETREGISTRY]: Channel 'fml:play' : Vanilla acceptance test: ACCEPTED
[15Aug2026 15:52:22.990] [Netty Server IO #0/DEBUG] [net.minecraftforge.fml.network.NetworkRegistry/NETREGISTRY]: Channel 'minecraft:register' : Vanilla acceptance test: ACCEPTED
[15Aug2026 15:52:22.990] [Netty Server IO #0/DEBUG] [net.minecraftforge.fml.network.NetworkRegistry/NETREGISTRY]: Channel 'forge:split' : Vanilla acceptance test: ACCEPTED
[15Aug2026 15:52:22.991] [Netty Server IO #0/DEBUG] [net.minecraftforge.fml.network.NetworkRegistry/NETREGISTRY]: Accepting channel list from vanilla
[15Aug2026 15:52:22.991] [Netty Server IO #0/DEBUG] [net.minecraftforge.fml.network.FMLHandshakeHandler/FMLHANDSHAKE]: Starting new vanilla network connection.
[15Aug2026 15:52:23.396] [User Authenticator #34/WARN] [net.minecraft.network.login.ServerLoginNetHandler/]: Failed to verify username but will let them in anyway!
[15Aug2026 15:52:23.428] [Server thread/DEBUG] [net.minecraftforge.fml.network.FMLHandshakeHandler/FMLHANDSHAKE]: Handshake complete!
[15Aug2026 15:52:23.502] [Server thread/INFO] [net.minecraft.network.play.ServerPlayNetHandler/]: Bhota lost connection: You logged in from another location
[15Aug2026 15:52:23.503] [Server thread/INFO] [net.minecraft.server.MinecraftServer/]: Bhota left the game
[15Aug2026 15:52:23.510] [Server thread/INFO] [net.minecraftforge.common.AdvancementLoadFix/]: Using new advancement loading for net.minecraft.advancements.PlayerAdvancements@24ab3701
[15Aug2026 15:52:23.525] [Server thread/WARN] [net.minecraft.network.NetworkManager/]: handleDisconnection() called twice
[15Aug2026 15:52:23.527] [Server thread/INFO] [net.minecraft.server.management.PlayerList/]: Bhota[/192.168.29.156:54763] logged in with entity id 434 at (-29.438809123409964, 4.0, -76.38462433952624)
[15Aug2026 15:52:23.527] [Server thread/DEBUG] [net.minecraftforge.network.NetworkFilters/]: Injected net.minecraftforge.network.VanillaConnectionNetworkFilter@6c705273 into net.minecraft.network.NetworkManager@2b738dbf
[15Aug2026 15:52:23.535] [Server thread/INFO] [net.minecraft.server.MinecraftServer/]: Bhota joined the game
[15Aug2026 15:52:23.686] [Render thread/INFO] [net.minecraft.client.gui.NewChatGui/]: [CHAT] Bhota left the game
[15Aug2026 15:52:23.687] [Render thread/INFO] [net.minecraft.client.gui.NewChatGui/]: [CHAT] Bhota joined the game
[15Aug2026 15:52:23.889] [Server thread/INFO] [net.minecraft.server.MinecraftServer/]: <Bhota> Bot online. Mention me and tell me what you want, or use !help.
[15Aug2026 15:52:28.571] [Netty Server IO #1/DEBUG] [net.minecraftforge.fml.network.NetworkRegistry/NETREGISTRY]: Channel 'fml:loginwrapper' : Vanilla acceptance test: ACCEPTED
[15Aug2026 15:52:28.571] [Netty Server IO #1/DEBUG] [net.minecraftforge.fml.network.NetworkRegistry/NETREGISTRY]: Channel 'fml:handshake' : Vanilla acceptance test: ACCEPTED
[15Aug2026 15:52:28.571] [Netty Server IO #1/DEBUG] [net.minecraftforge.fml.network.NetworkRegistry/NETREGISTRY]: Channel 'forge:split_11' : Vanilla acceptance test: ACCEPTED
[15Aug2026 15:52:28.571] [Netty Server IO #1/DEBUG] [net.minecraftforge.fml.network.NetworkRegistry/NETREGISTRY]: Channel 'minecraft:unregister' : Vanilla acceptance test: ACCEPTED
[15Aug2026 15:52:28.571] [Netty Server IO #1/DEBUG] [net.minecraftforge.fml.network.NetworkRegistry/NETREGISTRY]: Channel 'fml:play' : Vanilla acceptance test: ACCEPTED
[15Aug2026 15:52:28.571] [Netty Server IO #1/DEBUG] [net.minecraftforge.fml.network.NetworkRegistry/NETREGISTRY]: Channel 'minecraft:register' : Vanilla acceptance test: ACCEPTED
[15Aug2026 15:52:28.571] [Netty Server IO #1/DEBUG] [net.minecraftforge.fml.network.NetworkRegistry/NETREGISTRY]: Channel 'forge:split' : Vanilla acceptance test: ACCEPTED
[15Aug2026 15:52:28.571] [Netty Server IO #1/DEBUG] [net.minecraftforge.fml.network.NetworkRegistry/NETREGISTRY]: Accepting channel list from vanilla
[15Aug2026 15:52:28.571] [Netty Server IO #1/DEBUG] [net.minecraftforge.fml.network.FMLHandshakeHandler/FMLHANDSHAKE]: Starting new vanilla network connection.
[15Aug2026 15:52:29.006] [User Authenticator #35/WARN] [net.minecraft.network.login.ServerLoginNetHandler/]: Failed to verify username but will let them in anyway!
[15Aug2026 15:52:29.008] [Server thread/DEBUG] [net.minecraftforge.fml.network.FMLHandshakeHandler/FMLHANDSHAKE]: Handshake complete!
[15Aug2026 15:52:29.085] [Server thread/INFO] [net.minecraft.network.play.ServerPlayNetHandler/]: Bhota lost connection: You logged in from another location
[15Aug2026 15:52:29.086] [Server thread/INFO] [net.minecraft.server.MinecraftServer/]: Bhota left the game
[15Aug2026 15:52:29.093] [Server thread/INFO] [net.minecraftforge.common.AdvancementLoadFix/]: Using new advancement loading for net.minecraft.advancements.PlayerAdvancements@77a2e28
[15Aug2026 15:52:29.108] [Server thread/WARN] [net.minecraft.network.NetworkManager/]: handleDisconnection() called twice
[15Aug2026 15:52:29.109] [Server thread/INFO] [net.minecraft.server.management.PlayerList/]: Bhota[/192.168.29.156:54764] logged in with entity id 441 at (-29.438809123409964, 4.0, -76.38462433952624)
[15Aug2026 15:52:29.110] [Server thread/DEBUG] [net.minecraftforge.network.NetworkFilters/]: Injected net.minecraftforge.network.VanillaConnectionNetworkFilter@23cbe19d into net.minecraft.network.NetworkManager@40d907e5
[15Aug2026 15:52:29.124] [Server thread/INFO] [net.minecraft.server.MinecraftServer/]: Bhota joined the game
[15Aug2026 15:52:29.239] [Render thread/INFO] [net.minecraft.client.gui.NewChatGui/]: [CHAT] Bhota left the game
[15Aug2026 15:52:29.239] [Render thread/INFO] [net.minecraft.client.gui.NewChatGui/]: [CHAT] Bhota joined the game
[15Aug2026 15:52:29.415] [Server thread/INFO] [net.minecraft.server.MinecraftServer/]: <Bhota> Bot online. Mention me and tell me what you want, or use !help.
[15Aug2026 15:52:31.180] [Server thread/INFO] [net.minecraft.server.MinecraftServer/]: <Dev> bhota mine me some wood
[15Aug2026 15:52:31.204] [Render thread/INFO] [net.minecraft.client.gui.NewChatGui/]: [CHAT] <Dev> bhota mine me some wood
[15Aug2026 15:52:31.461] [Server thread/INFO] [net.minecraft.server.MinecraftServer/]: <Bhota> I only take instructions from my master.
[15Aug2026 15:52:34.194] [Netty Server IO #2/DEBUG] [net.minecraftforge.fml.network.NetworkRegistry/NETREGISTRY]: Channel 'fml:loginwrapper' : Vanilla acceptance test: ACCEPTED
[15Aug2026 15:52:34.194] [Netty Server IO #2/DEBUG] [net.minecraftforge.fml.network.NetworkRegistry/NETREGISTRY]: Channel 'fml:handshake' : Vanilla acceptance test: ACCEPTED
[15Aug2026 15:52:34.194] [Netty Server IO #2/DEBUG] [net.minecraftforge.fml.network.NetworkRegistry/NETREGISTRY]: Channel 'forge:split_11' : Vanilla acceptance test: ACCEPTED
[15Aug2026 15:52:34.194] [Netty Server IO #2/DEBUG] [net.minecraftforge.fml.network.NetworkRegistry/NETREGISTRY]: Channel 'minecraft:unregister' : Vanilla acceptance test: ACCEPTED
[15Aug2026 15:52:34.194] [Netty Server IO #2/DEBUG] [net.minecraftforge.fml.network.NetworkRegistry/NETREGISTRY]: Channel 'fml:play' : Vanilla acceptance test: ACCEPTED
[15Aug2026 15:52:34.194] [Netty Server IO #2/DEBUG] [net.minecraftforge.fml.network.NetworkRegistry/NETREGISTRY]: Channel 'minecraft:register' : Vanilla acceptance test: ACCEPTED
[15Aug2026 15:52:34.194] [Netty Server IO #2/DEBUG] [net.minecraftforge.fml.network.NetworkRegistry/NETREGISTRY]: Channel 'forge:split' : Vanilla acceptance test: ACCEPTED
[15Aug2026 15:52:34.194] [Netty Server IO #2/DEBUG] [net.minecraftforge.fml.network.NetworkRegistry/NETREGISTRY]: Accepting channel list from vanilla
[15Aug2026 15:52:34.194] [Netty Server IO #2/DEBUG] [net.minecraftforge.fml.network.FMLHandshakeHandler/FMLHANDSHAKE]: Starting new vanilla network connection.
[15Aug2026 15:52:34.647] [User Authenticator #36/WARN] [net.minecraft.network.login.ServerLoginNetHandler/]: Failed to verify username but will let them in anyway!
[15Aug2026 15:52:34.663] [Server thread/DEBUG] [net.minecraftforge.fml.network.FMLHandshakeHandler/FMLHANDSHAKE]: Handshake complete!
[15Aug2026 15:52:34.674] [Server thread/INFO] [net.minecraft.network.play.ServerPlayNetHandler/]: Bhota lost connection: You logged in from another location
[15Aug2026 15:52:34.675] [Server thread/INFO] [net.minecraft.server.MinecraftServer/]: Bhota left the game
[15Aug2026 15:52:34.682] [Server thread/INFO] [net.minecraftforge.common.AdvancementLoadFix/]: Using new advancement loading for net.minecraft.advancements.PlayerAdvancements@9b611d3
[15Aug2026 15:52:34.696] [Server thread/WARN] [net.minecraft.network.NetworkManager/]: handleDisconnection() called twice
[15Aug2026 15:52:34.698] [Server thread/INFO] [net.minecraft.server.management.PlayerList/]: Bhota[/192.168.29.156:54765] logged in with entity id 447 at (-29.438809123409964, 4.0, -76.38462433952624)
[15Aug2026 15:52:34.698] [Server thread/DEBUG] [net.minecraftforge.network.NetworkFilters/]: Injected net.minecraftforge.network.VanillaConnectionNetworkFilter@1b4124df into net.minecraft.network.NetworkManager@1d947e20
[15Aug2026 15:52:34.709] [Server thread/INFO] [net.minecraft.server.MinecraftServer/]: Bhota joined the game
[15Aug2026 15:52:34.782] [Render thread/INFO] [net.minecraft.client.gui.NewChatGui/]: [CHAT] Bhota left the game
[15Aug2026 15:52:34.784] [Render thread/INFO] [net.minecraft.client.gui.NewChatGui/]: [CHAT] Bhota joined the game
[15Aug2026 15:52:35.036] [Server thread/INFO] [net.minecraft.server.MinecraftServer/]: <Bhota> Bot online. Mention me and tell me what you want, or use !help.
[15Aug2026 15:52:39.722] [Netty Server IO #3/DEBUG] [net.minecraftforge.fml.network.NetworkRegistry/NETREGISTRY]: Channel 'fml:loginwrapper' : Vanilla acceptance test: ACCEPTED
[15Aug2026 15:52:39.723] [Netty Server IO #3/DEBUG] [net.minecraftforge.fml.network.NetworkRegistry/NETREGISTRY]: Channel 'fml:handshake' : Vanilla acceptance test: ACCEPTED
[15Aug2026 15:52:39.723] [Netty Server IO #3/DEBUG] [net.minecraftforge.fml.network.NetworkRegistry/NETREGISTRY]: Channel 'forge:split_11' : Vanilla acceptance test: ACCEPTED
[15Aug2026 15:52:39.723] [Netty Server IO #3/DEBUG] [net.minecraftforge.fml.network.NetworkRegistry/NETREGISTRY]: Channel 'minecraft:unregister' : Vanilla acceptance test: ACCEPTED
[15Aug2026 15:52:39.723] [Netty Server IO #3/DEBUG] [net.minecraftforge.fml.network.NetworkRegistry/NETREGISTRY]: Channel 'fml:play' : Vanilla acceptance test: ACCEPTED
[15Aug2026 15:52:39.723] [Netty Server IO #3/DEBUG] [net.minecraftforge.fml.network.NetworkRegistry/NETREGISTRY]: Channel 'minecraft:register' : Vanilla acceptance test: ACCEPTED
[15Aug2026 15:52:39.723] [Netty Server IO #3/DEBUG] [net.minecraftforge.fml.network.NetworkRegistry/NETREGISTRY]: Channel 'forge:split' : Vanilla acceptance test: ACCEPTED
[15Aug2026 15:52:39.723] [Netty Server IO #3/DEBUG] [net.minecraftforge.fml.network.NetworkRegistry/NETREGISTRY]: Accepting channel list from vanilla
[15Aug2026 15:52:39.723] [Netty Server IO #3/DEBUG] [net.minecraftforge.fml.network.FMLHandshakeHandler/FMLHANDSHAKE]: Starting new vanilla network connection.
[15Aug2026 15:52:40.185] [User Authenticator #37/WARN] [net.minecraft.network.login.ServerLoginNetHandler/]: Failed to verify username but will let them in anyway!
[15Aug2026 15:52:40.193] [Server thread/DEBUG] [net.minecraftforge.fml.network.FMLHandshakeHandler/FMLHANDSHAKE]: Handshake complete!
[15Aug2026 15:52:40.293] [Server thread/INFO] [net.minecraft.network.play.ServerPlayNetHandler/]: Bhota lost connection: You logged in from another location
[15Aug2026 15:52:40.293] [Server thread/INFO] [net.minecraft.server.MinecraftServer/]: Bhota left the game
[15Aug2026 15:52:40.301] [Server thread/INFO] [net.minecraft.server.management.PlayerList/]: Bhota[/192.168.29.156:54766] logged in with entity id 458 at (-29.438809123409964, 4.0, -76.38462433952624)
[15Aug2026 15:52:40.301] [Server thread/DEBUG] [net.minecraftforge.network.NetworkFilters/]: Injected net.minecraftforge.network.VanillaConnectionNetworkFilter@21e60fd0 into net.minecraft.network.NetworkManager@7edde5d5
[15Aug2026 15:52:40.315] [Server thread/INFO] [net.minecraft.server.MinecraftServer/]: Bhota joined the game
[15Aug2026 15:52:40.469] [Render thread/INFO] [net.minecraft.client.gui.NewChatGui/]: [CHAT] Bhota left the game
[15Aug2026 15:52:40.470] [Render thread/INFO] [net.minecraft.client.gui.NewChatGui/]: [CHAT] Bhota joined the game
[15Aug2026 15:52:40.580] [Server thread/INFO] [net.minecraft.server.MinecraftServer/]: <Bhota> Bot online. Mention me and tell me what you want, or use !help.
[15Aug2026 15:52:45.260] [Netty Server IO #0/DEBUG] [net.minecraftforge.fml.network.NetworkRegistry/NETREGISTRY]: Channel 'fml:loginwrapper' : Vanilla acceptance test: ACCEPTED
[15Aug2026 15:52:45.260] [Netty Server IO #0/DEBUG] [net.minecraftforge.fml.network.NetworkRegistry/NETREGISTRY]: Channel 'fml:handshake' : Vanilla acceptance test: ACCEPTED
[15Aug2026 15:52:45.260] [Netty Server IO #0/DEBUG] [net.minecraftforge.fml.network.NetworkRegistry/NETREGISTRY]: Channel 'forge:split_11' : Vanilla acceptance test: ACCEPTED
[15Aug2026 15:52:45.260] [Netty Server IO #0/DEBUG] [net.minecraftforge.fml.network.NetworkRegistry/NETREGISTRY]: Channel 'minecraft:unregister' : Vanilla acceptance test: ACCEPTED
[15Aug2026 15:52:45.260] [Netty Server IO #0/DEBUG] [net.minecraftforge.fml.network.NetworkRegistry/NETREGISTRY]: Channel 'fml:play' : Vanilla acceptance test: ACCEPTED
[15Aug2026 15:52:45.260] [Netty Server IO #0/DEBUG] [net.minecraftforge.fml.network.NetworkRegistry/NETREGISTRY]: Channel 'minecraft:register' : Vanilla acceptance test: ACCEPTED
[15Aug2026 15:52:45.261] [Netty Server IO #0/DEBUG] [net.minecraftforge.fml.network.NetworkRegistry/NETREGISTRY]: Channel 'forge:split' : Vanilla acceptance test: ACCEPTED
[15Aug2026 15:52:45.261] [Netty Server IO #0/DEBUG] [net.minecraftforge.fml.network.NetworkRegistry/NETREGISTRY]: Accepting channel list from vanilla
[15Aug2026 15:52:45.261] [Netty Server IO #0/DEBUG] [net.minecraftforge.fml.network.FMLHandshakeHandler/FMLHANDSHAKE]: Starting new vanilla network connection.
[15Aug2026 15:52:45.724] [User Authenticator #38/WARN] [net.minecraft.network.login.ServerLoginNetHandler/]: Failed to verify username but will let them in anyway!
[15Aug2026 15:52:45.732] [Server thread/DEBUG] [net.minecraftforge.fml.network.FMLHandshakeHandler/FMLHANDSHAKE]: Handshake complete!
[15Aug2026 15:52:45.836] [Server thread/INFO] [net.minecraft.network.play.ServerPlayNetHandler/]: Bhota lost connection: You logged in from another location
[15Aug2026 15:52:45.836] [Server thread/INFO] [net.minecraft.server.MinecraftServer/]: Bhota left the game
[15Aug2026 15:52:45.842] [Server thread/INFO] [net.minecraftforge.common.AdvancementLoadFix/]: Using new advancement loading for net.minecraft.advancements.PlayerAdvancements@3d9d31f5
[15Aug2026 15:52:45.857] [Server thread/WARN] [net.minecraft.network.NetworkManager/]: handleDisconnection() called twice
[15Aug2026 15:52:45.859] [Server thread/INFO] [net.minecraft.server.management.PlayerList/]: Bhota[/192.168.29.156:54767] logged in with entity id 470 at (-29.438809123409964, 4.0, -76.38462433952624)
[15Aug2026 15:52:45.859] [Server thread/DEBUG] [net.minecraftforge.network.NetworkFilters/]: Injected net.minecraftforge.network.VanillaConnectionNetworkFilter@3228099c into net.minecraft.network.NetworkManager@58dba697
[15Aug2026 15:52:45.864] [Server thread/INFO] [net.minecraft.server.MinecraftServer/]: Bhota joined the game
[15Aug2026 15:52:46.007] [Render thread/INFO] [net.minecraft.client.gui.NewChatGui/]: [CHAT] Bhota left the game
[15Aug2026 15:52:46.007] [Render thread/INFO] [net.minecraft.client.gui.NewChatGui/]: [CHAT] Bhota joined the game
[15Aug2026 15:52:46.120] [Server thread/INFO] [net.minecraft.server.MinecraftServer/]: <Bhota> Bot online. Mention me and tell me what you want, or use !help.
[15Aug2026 15:52:50.998] [Netty Server IO #1/DEBUG] [net.minecraftforge.fml.network.NetworkRegistry/NETREGISTRY]: Channel 'fml:loginwrapper' : Vanilla acceptance test: ACCEPTED
[15Aug2026 15:52:50.998] [Netty Server IO #1/DEBUG] [net.minecraftforge.fml.network.NetworkRegistry/NETREGISTRY]: Channel 'fml:handshake' : Vanilla acceptance test: ACCEPTED
[15Aug2026 15:52:50.998] [Netty Server IO #1/DEBUG] [net.minecraftforge.fml.network.NetworkRegistry/NETREGISTRY]: Channel 'forge:split_11' : Vanilla acceptance test: ACCEPTED
[15Aug2026 15:52:50.998] [Netty Server IO #1/DEBUG] [net.minecraftforge.fml.network.NetworkRegistry/NETREGISTRY]: Channel 'minecraft:unregister' : Vanilla acceptance test: ACCEPTED
[15Aug2026 15:52:50.998] [Netty Server IO #1/DEBUG] [net.minecraftforge.fml.network.NetworkRegistry/NETREGISTRY]: Channel 'fml:play' : Vanilla acceptance test: ACCEPTED
[15Aug2026 15:52:50.998] [Netty Server IO #1/DEBUG] [net.minecraftforge.fml.network.NetworkRegistry/NETREGISTRY]: Channel 'minecraft:register' : Vanilla acceptance test: ACCEPTED
[15Aug2026 15:52:50.998] [Netty Server IO #1/DEBUG] [net.minecraftforge.fml.network.NetworkRegistry/NETREGISTRY]: Channel 'forge:split' : Vanilla acceptance test: ACCEPTED
[15Aug2026 15:52:50.999] [Netty Server IO #1/DEBUG] [net.minecraftforge.fml.network.NetworkRegistry/NETREGISTRY]: Accepting channel list from vanilla
[15Aug2026 15:52:50.999] [Netty Server IO #1/DEBUG] [net.minecraftforge.fml.network.FMLHandshakeHandler/FMLHANDSHAKE]: Starting new vanilla network connection.
[15Aug2026 15:52:51.475] [User Authenticator #39/WARN] [net.minecraft.network.login.ServerLoginNetHandler/]: Failed to verify username but will let them in anyway!
[15Aug2026 15:52:51.555] [Server thread/DEBUG] [net.minecraftforge.fml.network.FMLHandshakeHandler/FMLHANDSHAKE]: Handshake complete!
[15Aug2026 15:52:51.577] [Server thread/INFO] [net.minecraft.network.play.ServerPlayNetHandler/]: Bhota lost connection: You logged in from another location
[15Aug2026 15:52:51.577] [Server thread/INFO] [net.minecraft.server.MinecraftServer/]: Bhota left the game
[15Aug2026 15:52:51.584] [Server thread/INFO] [net.minecraft.server.management.PlayerList/]: Bhota[/192.168.29.156:54768] logged in with entity id 477 at (-29.438809123409964, 4.0, -76.38462433952624)
[15Aug2026 15:52:51.585] [Server thread/DEBUG] [net.minecraftforge.network.NetworkFilters/]: Injected net.minecraftforge.network.VanillaConnectionNetworkFilter@567c1d34 into net.minecraft.network.NetworkManager@f3ee8af
[15Aug2026 15:52:51.598] [Server thread/INFO] [net.minecraft.server.MinecraftServer/]: Bhota joined the game
[15Aug2026 15:52:51.653] [Render thread/INFO] [net.minecraft.client.gui.NewChatGui/]: [CHAT] Bhota left the game
[15Aug2026 15:52:51.653] [Render thread/INFO] [net.minecraft.client.gui.NewChatGui/]: [CHAT] Bhota joined the game
[15Aug2026 15:52:51.960] [Server thread/INFO] [net.minecraft.server.MinecraftServer/]: <Bhota> Bot online. Mention me and tell me what you want, or use !help.
[15Aug2026 15:52:56.620] [Netty Server IO #2/DEBUG] [net.minecraftforge.fml.network.NetworkRegistry/NETREGISTRY]: Channel 'fml:loginwrapper' : Vanilla acceptance test: ACCEPTED
[15Aug2026 15:52:56.620] [Netty Server IO #2/DEBUG] [net.minecraftforge.fml.network.NetworkRegistry/NETREGISTRY]: Channel 'fml:handshake' : Vanilla acceptance test: ACCEPTED
[15Aug2026 15:52:56.620] [Netty Server IO #2/DEBUG] [net.minecraftforge.fml.network.NetworkRegistry/NETREGISTRY]: Channel 'forge:split_11' : Vanilla acceptance test: ACCEPTED
[15Aug2026 15:52:56.620] [Netty Server IO #2/DEBUG] [net.minecraftforge.fml.network.NetworkRegistry/NETREGISTRY]: Channel 'minecraft:unregister' : Vanilla acceptance test: ACCEPTED
[15Aug2026 15:52:56.620] [Netty Server IO #2/DEBUG] [net.minecraftforge.fml.network.NetworkRegistry/NETREGISTRY]: Channel 'fml:play' : Vanilla acceptance test: ACCEPTED
[15Aug2026 15:52:56.620] [Netty Server IO #2/DEBUG] [net.minecraftforge.fml.network.NetworkRegistry/NETREGISTRY]: Channel 'minecraft:register' : Vanilla acceptance test: ACCEPTED
[15Aug2026 15:52:56.620] [Netty Server IO #2/DEBUG] [net.minecraftforge.fml.network.NetworkRegistry/NETREGISTRY]: Channel 'forge:split' : Vanilla acceptance test: ACCEPTED
[15Aug2026 15:52:56.620] [Netty Server IO #2/DEBUG] [net.minecraftforge.fml.network.NetworkRegistry/NETREGISTRY]: Accepting channel list from vanilla
[15Aug2026 15:52:56.621] [Netty Server IO #2/DEBUG] [net.minecraftforge.fml.network.FMLHandshakeHandler/FMLHANDSHAKE]: Starting new vanilla network connection.
[15Aug2026 15:52:56.963] [User Authenticator #40/WARN] [net.minecraft.network.login.ServerLoginNetHandler/]: Failed to verify username but will let them in anyway!
[15Aug2026 15:52:56.975] [Server thread/DEBUG] [net.minecraftforge.fml.network.FMLHandshakeHandler/FMLHANDSHAKE]: Handshake complete!
[15Aug2026 15:52:57.005] [Server thread/INFO] [net.minecraft.network.play.ServerPlayNetHandler/]: Bhota lost connection: You logged in from another location
[15Aug2026 15:52:57.005] [Server thread/INFO] [net.minecraft.server.MinecraftServer/]: Bhota left the game
[15Aug2026 15:52:57.014] [Server thread/INFO] [net.minecraftforge.common.AdvancementLoadFix/]: Using new advancement loading for net.minecraft.advancements.PlayerAdvancements@511a41a7
[15Aug2026 15:52:57.060] [Render thread/INFO] [net.minecraft.client.gui.NewChatGui/]: [CHAT] Bhota left the game
[15Aug2026 15:52:57.071] [Server thread/WARN] [net.minecraft.network.NetworkManager/]: handleDisconnection() called twice
[15Aug2026 15:52:57.073] [Server thread/INFO] [net.minecraft.server.management.PlayerList/]: Bhota[/192.168.29.156:54769] logged in with entity id 487 at (-29.438809123409964, 4.0, -76.38462433952624)
[15Aug2026 15:52:57.074] [Server thread/DEBUG] [net.minecraftforge.network.NetworkFilters/]: Injected net.minecraftforge.network.VanillaConnectionNetworkFilter@4915ce15 into net.minecraft.network.NetworkManager@62c32ec9
[15Aug2026 15:52:57.078] [Server thread/INFO] [net.minecraft.server.MinecraftServer/]: Bhota joined the game
[15Aug2026 15:52:57.223] [Render thread/INFO] [net.minecraft.client.gui.NewChatGui/]: [CHAT] Bhota joined the game
[15Aug2026 15:52:57.415] [Server thread/INFO] [net.minecraft.server.MinecraftServer/]: <Bhota> Bot online. Mention me and tell me what you want, or use !help.
[15Aug2026 15:53:02.094] [Netty Server IO #3/DEBUG] [net.minecraftforge.fml.network.NetworkRegistry/NETREGISTRY]: Channel 'fml:loginwrapper' : Vanilla acceptance test: ACCEPTED
[15Aug2026 15:53:02.094] [Netty Server IO #3/DEBUG] [net.minecraftforge.fml.network.NetworkRegistry/NETREGISTRY]: Channel 'fml:handshake' : Vanilla acceptance test: ACCEPTED
[15Aug2026 15:53:02.094] [Netty Server IO #3/DEBUG] [net.minecraftforge.fml.network.NetworkRegistry/NETREGISTRY]: Channel 'forge:split_11' : Vanilla acceptance test: ACCEPTED
[15Aug2026 15:53:02.094] [Netty Server IO #3/DEBUG] [net.minecraftforge.fml.network.NetworkRegistry/NETREGISTRY]: Channel 'minecraft:unregister' : Vanilla acceptance test: ACCEPTED
[15Aug2026 15:53:02.094] [Netty Server IO #3/DEBUG] [net.minecraftforge.fml.network.NetworkRegistry/NETREGISTRY]: Channel 'fml:play' : Vanilla acceptance test: ACCEPTED
[15Aug2026 15:53:02.094] [Netty Server IO #3/DEBUG] [net.minecraftforge.fml.network.NetworkRegistry/NETREGISTRY]: Channel 'minecraft:register' : Vanilla acceptance test: ACCEPTED
[15Aug2026 15:53:02.094] [Netty Server IO #3/DEBUG] [net.minecraftforge.fml.network.NetworkRegistry/NETREGISTRY]: Channel 'forge:split' : Vanilla acceptance test: ACCEPTED
[15Aug2026 15:53:02.094] [Netty Server IO #3/DEBUG] [net.minecraftforge.fml.network.NetworkRegistry/NETREGISTRY]: Accepting channel list from vanilla
[15Aug2026 15:53:02.094] [Netty Server IO #3/DEBUG] [net.minecraftforge.fml.network.FMLHandshakeHandler/FMLHANDSHAKE]: Starting new vanilla network connection.
[15Aug2026 15:53:02.480] [User Authenticator #41/WARN] [net.minecraft.network.login.ServerLoginNetHandler/]: Failed to verify username but will let them in anyway!
[15Aug2026 15:53:02.493] [Server thread/DEBUG] [net.minecraftforge.fml.network.FMLHandshakeHandler/FMLHANDSHAKE]: Handshake complete!
[15Aug2026 15:53:02.586] [Server thread/INFO] [net.minecraft.network.play.ServerPlayNetHandler/]: Bhota lost connection: You logged in from another location
[15Aug2026 15:53:02.587] [Server thread/INFO] [net.minecraft.server.MinecraftServer/]: Bhota left the game
[15Aug2026 15:53:02.594] [Server thread/INFO] [net.minecraft.server.management.PlayerList/]: Bhota[/192.168.29.156:54770] logged in with entity id 492 at (-29.438809123409964, 4.0, -76.38462433952624)
[15Aug2026 15:53:02.595] [Server thread/DEBUG] [net.minecraftforge.network.NetworkFilters/]: Injected net.minecraftforge.network.VanillaConnectionNetworkFilter@28cac6b0 into net.minecraft.network.NetworkManager@3878fe46
[15Aug2026 15:53:02.610] [Server thread/INFO] [net.minecraft.server.MinecraftServer/]: Bhota joined the game
[15Aug2026 15:53:02.785] [Render thread/INFO] [net.minecraft.client.gui.NewChatGui/]: [CHAT] Bhota left the game
[15Aug2026 15:53:02.786] [Render thread/INFO] [net.minecraft.client.gui.NewChatGui/]: [CHAT] Bhota joined the game
[15Aug2026 15:53:02.786] [Server thread/INFO] [net.minecraft.server.MinecraftServer/]: <Bhota> Bot online. Mention me and tell me what you want, or use !help.
[15Aug2026 15:53:07.574] [Netty Server IO #0/DEBUG] [net.minecraftforge.fml.network.NetworkRegistry/NETREGISTRY]: Channel 'fml:loginwrapper' : Vanilla acceptance test: ACCEPTED
[15Aug2026 15:53:07.574] [Netty Server IO #0/DEBUG] [net.minecraftforge.fml.network.NetworkRegistry/NETREGISTRY]: Channel 'fml:handshake' : Vanilla acceptance test: ACCEPTED
[15Aug2026 15:53:07.574] [Netty Server IO #0/DEBUG] [net.minecraftforge.fml.network.NetworkRegistry/NETREGISTRY]: Channel 'forge:split_11' : Vanilla acceptance test: ACCEPTED
[15Aug2026 15:53:07.575] [Netty Server IO #0/DEBUG] [net.minecraftforge.fml.network.NetworkRegistry/NETREGISTRY]: Channel 'minecraft:unregister' : Vanilla acceptance test: ACCEPTED
[15Aug2026 15:53:07.575] [Netty Server IO #0/DEBUG] [net.minecraftforge.fml.network.NetworkRegistry/NETREGISTRY]: Channel 'fml:play' : Vanilla acceptance test: ACCEPTED
[15Aug2026 15:53:07.575] [Netty Server IO #0/DEBUG] [net.minecraftforge.fml.network.NetworkRegistry/NETREGISTRY]: Channel 'minecraft:register' : Vanilla acceptance test: ACCEPTED
[15Aug2026 15:53:07.575] [Netty Server IO #0/DEBUG] [net.minecraftforge.fml.network.NetworkRegistry/NETREGISTRY]: Channel 'forge:split' : Vanilla acceptance test: ACCEPTED
[15Aug2026 15:53:07.575] [Netty Server IO #0/DEBUG] [net.minecraftforge.fml.network.NetworkRegistry/NETREGISTRY]: Accepting channel list from vanilla
[15Aug2026 15:53:07.575] [Netty Server IO #0/DEBUG] [net.minecraftforge.fml.network.FMLHandshakeHandler/FMLHANDSHAKE]: Starting new vanilla network connection.
[15Aug2026 15:53:07.997] [User Authenticator #42/WARN] [net.minecraft.network.login.ServerLoginNetHandler/]: Failed to verify username but will let them in anyway!
[15Aug2026 15:53:08.006] [Server thread/DEBUG] [net.minecraftforge.fml.network.FMLHandshakeHandler/FMLHANDSHAKE]: Handshake complete!
[15Aug2026 15:53:08.085] [Server thread/INFO] [net.minecraft.network.play.ServerPlayNetHandler/]: Bhota lost connection: You logged in from another location
[15Aug2026 15:53:08.086] [Server thread/INFO] [net.minecraft.server.MinecraftServer/]: Bhota left the game
[15Aug2026 15:53:08.092] [Server thread/INFO] [net.minecraftforge.common.AdvancementLoadFix/]: Using new advancement loading for net.minecraft.advancements.PlayerAdvancements@59d33517
[15Aug2026 15:53:08.107] [Server thread/WARN] [net.minecraft.network.NetworkManager/]: handleDisconnection() called twice
[15Aug2026 15:53:08.109] [Server thread/INFO] [net.minecraft.server.management.PlayerList/]: Bhota[/192.168.29.156:54771] logged in with entity id 505 at (-29.438809123409964, 4.0, -76.38462433952624)
[15Aug2026 15:53:08.109] [Server thread/DEBUG] [net.minecraftforge.network.NetworkFilters/]: Injected net.minecraftforge.network.VanillaConnectionNetworkFilter@79255c08 into net.minecraft.network.NetworkManager@13a9dcb8
[15Aug2026 15:53:08.116] [Server thread/INFO] [net.minecraft.server.MinecraftServer/]: Bhota joined the game
[15Aug2026 15:53:08.206] [Render thread/INFO] [net.minecraft.client.gui.NewChatGui/]: [CHAT] Bhota left the game
[15Aug2026 15:53:08.208] [Render thread/INFO] [net.minecraft.client.gui.NewChatGui/]: [CHAT] Bhota joined the game
[15Aug2026 15:53:08.428] [Server thread/INFO] [net.minecraft.server.MinecraftServer/]: <Bhota> Bot online. Mention me and tell me what you want, or use !help.
[15Aug2026 15:53:13.173] [Netty Server IO #1/DEBUG] [net.minecraftforge.fml.network.NetworkRegistry/NETREGISTRY]: Channel 'fml:loginwrapper' : Vanilla acceptance test: ACCEPTED
[15Aug2026 15:53:13.173] [Netty Server IO #1/DEBUG] [net.minecraftforge.fml.network.NetworkRegistry/NETREGISTRY]: Channel 'fml:handshake' : Vanilla acceptance test: ACCEPTED
[15Aug2026 15:53:13.173] [Netty Server IO #1/DEBUG] [net.minecraftforge.fml.network.NetworkRegistry/NETREGISTRY]: Channel 'forge:split_11' : Vanilla acceptance test: ACCEPTED
[15Aug2026 15:53:13.174] [Netty Server IO #1/DEBUG] [net.minecraftforge.fml.network.NetworkRegistry/NETREGISTRY]: Channel 'minecraft:unregister' : Vanilla acceptance test: ACCEPTED
[15Aug2026 15:53:13.174] [Netty Server IO #1/DEBUG] [net.minecraftforge.fml.network.NetworkRegistry/NETREGISTRY]: Channel 'fml:play' : Vanilla acceptance test: ACCEPTED
[15Aug2026 15:53:13.174] [Netty Server IO #1/DEBUG] [net.minecraftforge.fml.network.NetworkRegistry/NETREGISTRY]: Channel 'minecraft:register' : Vanilla acceptance test: ACCEPTED
[15Aug2026 15:53:13.174] [Netty Server IO #1/DEBUG] [net.minecraftforge.fml.network.NetworkRegistry/NETREGISTRY]: Channel 'forge:split' : Vanilla acceptance test: ACCEPTED
[15Aug2026 15:53:13.174] [Netty Server IO #1/DEBUG] [net.minecraftforge.fml.network.NetworkRegistry/NETREGISTRY]: Accepting channel list from vanilla
[15Aug2026 15:53:13.174] [Netty Server IO #1/DEBUG] [net.minecraftforge.fml.network.FMLHandshakeHandler/FMLHANDSHAKE]: Starting new vanilla network connection.
[15Aug2026 15:53:13.528] [User Authenticator #43/WARN] [net.minecraft.network.login.ServerLoginNetHandler/]: Failed to verify username but will let them in anyway!
[15Aug2026 15:53:13.590] [Server thread/DEBUG] [net.minecraftforge.fml.network.FMLHandshakeHandler/FMLHANDSHAKE]: Handshake complete!
[15Aug2026 15:53:13.612] [Server thread/INFO] [net.minecraft.network.play.ServerPlayNetHandler/]: Bhota lost connection: You logged in from another location
[15Aug2026 15:53:13.612] [Server thread/INFO] [net.minecraft.server.MinecraftServer/]: Bhota left the game
[15Aug2026 15:53:13.630] [Server thread/INFO] [net.minecraftforge.common.AdvancementLoadFix/]: Using new advancement loading for net.minecraft.advancements.PlayerAdvancements@df0d937
[15Aug2026 15:53:13.645] [Server thread/WARN] [net.minecraft.network.NetworkManager/]: handleDisconnection() called twice
[15Aug2026 15:53:13.647] [Server thread/INFO] [net.minecraft.server.management.PlayerList/]: Bhota[/192.168.29.156:54772] logged in with entity id 510 at (-29.438809123409964, 4.0, -76.38462433952624)
[15Aug2026 15:53:13.647] [Server thread/DEBUG] [net.minecraftforge.network.NetworkFilters/]: Injected net.minecraftforge.network.VanillaConnectionNetworkFilter@59d5427d into net.minecraft.network.NetworkManager@748fc430
[15Aug2026 15:53:13.663] [Server thread/INFO] [net.minecraft.server.MinecraftServer/]: Bhota joined the game
[15Aug2026 15:53:13.823] [Render thread/INFO] [net.minecraft.client.gui.NewChatGui/]: [CHAT] Bhota left the game
[15Aug2026 15:53:13.824] [Render thread/INFO] [net.minecraft.client.gui.NewChatGui/]: [CHAT] Bhota joined the game
[15Aug2026 15:53:14.025] [Server thread/INFO] [net.minecraft.server.MinecraftServer/]: <Bhota> Bot online. Mention me and tell me what you want, or use !help.
[15Aug2026 15:53:18.644] [Netty Server IO #2/DEBUG] [net.minecraftforge.fml.network.NetworkRegistry/NETREGISTRY]: Channel 'fml:loginwrapper' : Vanilla acceptance test: ACCEPTED
[15Aug2026 15:53:18.645] [Netty Server IO #2/DEBUG] [net.minecraftforge.fml.network.NetworkRegistry/NETREGISTRY]: Channel 'fml:handshake' : Vanilla acceptance test: ACCEPTED
[15Aug2026 15:53:18.645] [Netty Server IO #2/DEBUG] [net.minecraftforge.fml.network.NetworkRegistry/NETREGISTRY]: Channel 'forge:split_11' : Vanilla acceptance test: ACCEPTED
[15Aug2026 15:53:18.645] [Netty Server IO #2/DEBUG] [net.minecraftforge.fml.network.NetworkRegistry/NETREGISTRY]: Channel 'minecraft:unregister' : Vanilla acceptance test: ACCEPTED
[15Aug2026 15:53:18.645] [Netty Server IO #2/DEBUG] [net.minecraftforge.fml.network.NetworkRegistry/NETREGISTRY]: Channel 'fml:play' : Vanilla acceptance test: ACCEPTED
[15Aug2026 15:53:18.645] [Netty Server IO #2/DEBUG] [net.minecraftforge.fml.network.NetworkRegistry/NETREGISTRY]: Channel 'minecraft:register' : Vanilla acceptance test: ACCEPTED
[15Aug2026 15:53:18.645] [Netty Server IO #2/DEBUG] [net.minecraftforge.fml.network.NetworkRegistry/NETREGISTRY]: Channel 'forge:split' : Vanilla acceptance test: ACCEPTED
[15Aug2026 15:53:18.645] [Netty Server IO #2/DEBUG] [net.minecraftforge.fml.network.NetworkRegistry/NETREGISTRY]: Accepting channel list from vanilla
[15Aug2026 15:53:18.645] [Netty Server IO #2/DEBUG] [net.minecraftforge.fml.network.FMLHandshakeHandler/FMLHANDSHAKE]: Starting new vanilla network connection.
[15Aug2026 15:53:18.961] [User Authenticator #44/WARN] [net.minecraft.network.login.ServerLoginNetHandler/]: Failed to verify username but will let them in anyway!
[15Aug2026 15:53:18.975] [Server thread/DEBUG] [net.minecraftforge.fml.network.FMLHandshakeHandler/FMLHANDSHAKE]: Handshake complete!
[15Aug2026 15:53:19.048] [Server thread/INFO] [net.minecraft.network.play.ServerPlayNetHandler/]: Bhota lost connection: You logged in from another location
[15Aug2026 15:53:19.048] [Server thread/INFO] [net.minecraft.server.MinecraftServer/]: Bhota left the game
[15Aug2026 15:53:19.055] [Server thread/INFO] [net.minecraft.server.management.PlayerList/]: Bhota[/192.168.29.156:54773] logged in with entity id 516 at (-29.438809123409964, 4.0, -76.38462433952624)
[15Aug2026 15:53:19.056] [Server thread/DEBUG] [net.minecraftforge.network.NetworkFilters/]: Injected net.minecraftforge.network.VanillaConnectionNetworkFilter@47d4d4b into net.minecraft.network.NetworkManager@22b7230d
[15Aug2026 15:53:19.068] [Server thread/INFO] [net.minecraft.server.MinecraftServer/]: Bhota joined the game
[15Aug2026 15:53:19.140] [Render thread/INFO] [net.minecraft.client.gui.NewChatGui/]: [CHAT] Bhota left the game
[15Aug2026 15:53:19.140] [Render thread/INFO] [net.minecraft.client.gui.NewChatGui/]: [CHAT] Bhota joined the game
[15Aug2026 15:53:19.347] [Server thread/INFO] [net.minecraft.server.MinecraftServer/]: <Bhota> Bot online. Mention me and tell me what you want, or use !help.
[15Aug2026 15:53:24.135] [Netty Server IO #3/DEBUG] [net.minecraftforge.fml.network.NetworkRegistry/NETREGISTRY]: Channel 'fml:loginwrapper' : Vanilla acceptance test: ACCEPTED
[15Aug2026 15:53:24.135] [Netty Server IO #3/DEBUG] [net.minecraftforge.fml.network.NetworkRegistry/NETREGISTRY]: Channel 'fml:handshake' : Vanilla acceptance test: ACCEPTED
[15Aug2026 15:53:24.135] [Netty Server IO #3/DEBUG] [net.minecraftforge.fml.network.NetworkRegistry/NETREGISTRY]: Channel 'forge:split_11' : Vanilla acceptance test: ACCEPTED
[15Aug2026 15:53:24.135] [Netty Server IO #3/DEBUG] [net.minecraftforge.fml.network.NetworkRegistry/NETREGISTRY]: Channel 'minecraft:unregister' : Vanilla acceptance test: ACCEPTED
[15Aug2026 15:53:24.135] [Netty Server IO #3/DEBUG] [net.minecraftforge.fml.network.NetworkRegistry/NETREGISTRY]: Channel 'fml:play' : Vanilla acceptance test: ACCEPTED
[15Aug2026 15:53:24.135] [Netty Server IO #3/DEBUG] [net.minecraftforge.fml.network.NetworkRegistry/NETREGISTRY]: Channel 'minecraft:register' : Vanilla acceptance test: ACCEPTED
[15Aug2026 15:53:24.135] [Netty Server IO #3/DEBUG] [net.minecraftforge.fml.network.NetworkRegistry/NETREGISTRY]: Channel 'forge:split' : Vanilla acceptance test: ACCEPTED
[15Aug2026 15:53:24.135] [Netty Server IO #3/DEBUG] [net.minecraftforge.fml.network.NetworkRegistry/NETREGISTRY]: Accepting channel list from vanilla
[15Aug2026 15:53:24.135] [Netty Server IO #3/DEBUG] [net.minecraftforge.fml.network.FMLHandshakeHandler/FMLHANDSHAKE]: Starting new vanilla network connection.
[15Aug2026 15:53:24.427] [User Authenticator #45/WARN] [net.minecraft.network.login.ServerLoginNetHandler/]: Failed to verify username but will let them in anyway!
[15Aug2026 15:53:24.492] [Server thread/DEBUG] [net.minecraftforge.fml.network.FMLHandshakeHandler/FMLHANDSHAKE]: Handshake complete!
[15Aug2026 15:53:24.507] [Server thread/INFO] [net.minecraftforge.common.AdvancementLoadFix/]: Using new advancement loading for net.minecraft.advancements.PlayerAdvancements@38784a3c
[15Aug2026 15:53:24.580] [Server thread/INFO] [net.minecraft.network.play.ServerPlayNetHandler/]: Bhota lost connection: You logged in from another location
[15Aug2026 15:53:24.580] [Server thread/INFO] [net.minecraft.server.MinecraftServer/]: Bhota left the game
[15Aug2026 15:53:24.588] [Server thread/INFO] [net.minecraft.server.management.PlayerList/]: Bhota[/192.168.29.156:54774] logged in with entity id 529 at (-29.438809123409964, 4.0, -76.38462433952624)
[15Aug2026 15:53:24.589] [Server thread/DEBUG] [net.minecraftforge.network.NetworkFilters/]: Injected net.minecraftforge.network.VanillaConnectionNetworkFilter@3648c0e7 into net.minecraft.network.NetworkManager@1a92c305
[15Aug2026 15:53:24.600] [Server thread/INFO] [net.minecraft.server.MinecraftServer/]: Bhota joined the game
[15Aug2026 15:53:24.697] [Render thread/INFO] [net.minecraft.client.gui.NewChatGui/]: [CHAT] Bhota left the game
[15Aug2026 15:53:24.697] [Render thread/INFO] [net.minecraft.client.gui.NewChatGui/]: [CHAT] Bhota joined the game
[15Aug2026 15:53:24.828] [Server thread/INFO] [net.minecraft.server.MinecraftServer/]: <Bhota> Bot online. Mention me and tell me what you want, or use !help.
[15Aug2026 15:53:29.589] [Netty Server IO #0/DEBUG] [net.minecraftforge.fml.network.NetworkRegistry/NETREGISTRY]: Channel 'fml:loginwrapper' : Vanilla acceptance test: ACCEPTED
[15Aug2026 15:53:29.589] [Netty Server IO #0/DEBUG] [net.minecraftforge.fml.network.NetworkRegistry/NETREGISTRY]: Channel 'fml:handshake' : Vanilla acceptance test: ACCEPTED
[15Aug2026 15:53:29.589] [Netty Server IO #0/DEBUG] [net.minecraftforge.fml.network.NetworkRegistry/NETREGISTRY]: Channel 'forge:split_11' : Vanilla acceptance test: ACCEPTED
[15Aug2026 15:53:29.589] [Netty Server IO #0/DEBUG] [net.minecraftforge.fml.network.NetworkRegistry/NETREGISTRY]: Channel 'minecraft:unregister' : Vanilla acceptance test: ACCEPTED
[15Aug2026 15:53:29.589] [Netty Server IO #0/DEBUG] [net.minecraftforge.fml.network.NetworkRegistry/NETREGISTRY]: Channel 'fml:play' : Vanilla acceptance test: ACCEPTED
[15Aug2026 15:53:29.590] [Netty Server IO #0/DEBUG] [net.minecraftforge.fml.network.NetworkRegistry/NETREGISTRY]: Channel 'minecraft:register' : Vanilla acceptance test: ACCEPTED
[15Aug2026 15:53:29.590] [Netty Server IO #0/DEBUG] [net.minecraftforge.fml.network.NetworkRegistry/NETREGISTRY]: Channel 'forge:split' : Vanilla acceptance test: ACCEPTED
[15Aug2026 15:53:29.590] [Netty Server IO #0/DEBUG] [net.minecraftforge.fml.network.NetworkRegistry/NETREGISTRY]: Accepting channel list from vanilla
[15Aug2026 15:53:29.590] [Netty Server IO #0/DEBUG] [net.minecraftforge.fml.network.FMLHandshakeHandler/FMLHANDSHAKE]: Starting new vanilla network connection.
[15Aug2026 15:53:29.984] [User Authenticator #46/WARN] [net.minecraft.network.login.ServerLoginNetHandler/]: Failed to verify username but will let them in anyway!
[15Aug2026 15:53:29.997] [Server thread/DEBUG] [net.minecraftforge.fml.network.FMLHandshakeHandler/FMLHANDSHAKE]: Handshake complete!
[15Aug2026 15:53:30.009] [Server thread/INFO] [net.minecraftforge.common.AdvancementLoadFix/]: Using new advancement loading for net.minecraft.advancements.PlayerAdvancements@7951657a
[15Aug2026 15:53:30.049] [Server thread/INFO] [net.minecraft.network.play.ServerPlayNetHandler/]: Bhota lost connection: You logged in from another location
[15Aug2026 15:53:30.049] [Server thread/INFO] [net.minecraft.server.MinecraftServer/]: Bhota left the game
[15Aug2026 15:53:30.077] [Render thread/INFO] [net.minecraft.client.gui.NewChatGui/]: [CHAT] Bhota left the game
[15Aug2026 15:53:30.081] [Server thread/INFO] [net.minecraft.server.management.PlayerList/]: Bhota[/192.168.29.156:54775] logged in with entity id 543 at (-29.438809123409964, 4.0, -76.38462433952624)
[15Aug2026 15:53:30.082] [Server thread/DEBUG] [net.minecraftforge.network.NetworkFilters/]: Injected net.minecraftforge.network.VanillaConnectionNetworkFilter@7e05b980 into net.minecraft.network.NetworkManager@518cb62
[15Aug2026 15:53:30.090] [Server thread/INFO] [net.minecraft.server.MinecraftServer/]: Bhota joined the game
[15Aug2026 15:53:30.282] [Render thread/INFO] [net.minecraft.client.gui.NewChatGui/]: [CHAT] Bhota joined the game
[15Aug2026 15:53:30.432] [Server thread/INFO] [net.minecraft.server.MinecraftServer/]: <Bhota> Bot online. Mention me and tell me what you want, or use !help.
[15Aug2026 15:53:35.051] [Netty Server IO #1/DEBUG] [net.minecraftforge.fml.network.NetworkRegistry/NETREGISTRY]: Channel 'fml:loginwrapper' : Vanilla acceptance test: ACCEPTED
[15Aug2026 15:53:35.051] [Netty Server IO #1/DEBUG] [net.minecraftforge.fml.network.NetworkRegistry/NETREGISTRY]: Channel 'fml:handshake' : Vanilla acceptance test: ACCEPTED
[15Aug2026 15:53:35.051] [Netty Server IO #1/DEBUG] [net.minecraftforge.fml.network.NetworkRegistry/NETREGISTRY]: Channel 'forge:split_11' : Vanilla acceptance test: ACCEPTED
[15Aug2026 15:53:35.051] [Netty Server IO #1/DEBUG] [net.minecraftforge.fml.network.NetworkRegistry/NETREGISTRY]: Channel 'minecraft:unregister' : Vanilla acceptance test: ACCEPTED
[15Aug2026 15:53:35.051] [Netty Server IO #1/DEBUG] [net.minecraftforge.fml.network.NetworkRegistry/NETREGISTRY]: Channel 'fml:play' : Vanilla acceptance test: ACCEPTED
[15Aug2026 15:53:35.051] [Netty Server IO #1/DEBUG] [net.minecraftforge.fml.network.NetworkRegistry/NETREGISTRY]: Channel 'minecraft:register' : Vanilla acceptance test: ACCEPTED
[15Aug2026 15:53:35.051] [Netty Server IO #1/DEBUG] [net.minecraftforge.fml.network.NetworkRegistry/NETREGISTRY]: Channel 'forge:split' : Vanilla acceptance test: ACCEPTED
[15Aug2026 15:53:35.051] [Netty Server IO #1/DEBUG] [net.minecraftforge.fml.network.NetworkRegistry/NETREGISTRY]: Accepting channel list from vanilla
[15Aug2026 15:53:35.051] [Netty Server IO #1/DEBUG] [net.minecraftforge.fml.network.FMLHandshakeHandler/FMLHANDSHAKE]: Starting new vanilla network connection.
[15Aug2026 15:53:35.428] [User Authenticator #47/WARN] [net.minecraft.network.login.ServerLoginNetHandler/]: Failed to verify username but will let them in anyway!
[15Aug2026 15:53:35.457] [Server thread/DEBUG] [net.minecraftforge.fml.network.FMLHandshakeHandler/FMLHANDSHAKE]: Handshake complete!
[15Aug2026 15:53:35.468] [Server thread/INFO] [net.minecraftforge.common.AdvancementLoadFix/]: Using new advancement loading for net.minecraft.advancements.PlayerAdvancements@3a705da9
[15Aug2026 15:53:35.573] [Server thread/INFO] [net.minecraft.network.play.ServerPlayNetHandler/]: Bhota lost connection: You logged in from another location
[15Aug2026 15:53:35.573] [Server thread/INFO] [net.minecraft.server.MinecraftServer/]: Bhota left the game
[15Aug2026 15:53:35.581] [Server thread/INFO] [net.minecraft.server.management.PlayerList/]: Bhota[/192.168.29.156:54776] logged in with entity id 558 at (-29.438809123409964, 4.0, -76.38462433952624)
[15Aug2026 15:53:35.581] [Server thread/DEBUG] [net.minecraftforge.network.NetworkFilters/]: Injected net.minecraftforge.network.VanillaConnectionNetworkFilter@c46a520 into net.minecraft.network.NetworkManager@7bc86fdf
[15Aug2026 15:53:35.586] [Server thread/INFO] [net.minecraft.server.MinecraftServer/]: Bhota joined the game
[15Aug2026 15:53:35.807] [Render thread/INFO] [net.minecraft.client.gui.NewChatGui/]: [CHAT] Bhota left the game
[15Aug2026 15:53:35.807] [Render thread/INFO] [net.minecraft.client.gui.NewChatGui/]: [CHAT] Bhota joined the game
[15Aug2026 15:53:36.114] [Server thread/INFO] [net.minecraft.server.MinecraftServer/]: <Bhota> Bot online. Mention me and tell me what you want, or use !help.
[15Aug2026 15:53:39.935] [Server thread/INFO] [net.minecraft.server.MinecraftServer/]: <Dev> bhota mine me some wood
[15Aug2026 15:53:40.056] [Render thread/INFO] [net.minecraft.client.gui.NewChatGui/]: [CHAT] <Dev> bhota mine me some wood
[15Aug2026 15:53:40.063] [Server thread/INFO] [net.minecraft.server.MinecraftServer/]: <Bhota> I only take instructions from my master.
[15Aug2026 15:53:40.520] [Netty Server IO #2/DEBUG] [net.minecraftforge.fml.network.NetworkRegistry/NETREGISTRY]: Channel 'fml:loginwrapper' : Vanilla acceptance test: ACCEPTED
[15Aug2026 15:53:40.520] [Netty Server IO #2/DEBUG] [net.minecraftforge.fml.network.NetworkRegistry/NETREGISTRY]: Channel 'fml:handshake' : Vanilla acceptance test: ACCEPTED
[15Aug2026 15:53:40.520] [Netty Server IO #2/DEBUG] [net.minecraftforge.fml.network.NetworkRegistry/NETREGISTRY]: Channel 'forge:split_11' : Vanilla acceptance test: ACCEPTED
[15Aug2026 15:53:40.521] [Netty Server IO #2/DEBUG] [net.minecraftforge.fml.network.NetworkRegistry/NETREGISTRY]: Channel 'minecraft:unregister' : Vanilla acceptance test: ACCEPTED
[15Aug2026 15:53:40.521] [Netty Server IO #2/DEBUG] [net.minecraftforge.fml.network.NetworkRegistry/NETREGISTRY]: Channel 'fml:play' : Vanilla acceptance test: ACCEPTED
[15Aug2026 15:53:40.521] [Netty Server IO #2/DEBUG] [net.minecraftforge.fml.network.NetworkRegistry/NETREGISTRY]: Channel 'minecraft:register' : Vanilla acceptance test: ACCEPTED
[15Aug2026 15:53:40.521] [Netty Server IO #2/DEBUG] [net.minecraftforge.fml.network.NetworkRegistry/NETREGISTRY]: Channel 'forge:split' : Vanilla acceptance test: ACCEPTED
[15Aug2026 15:53:40.521] [Netty Server IO #2/DEBUG] [net.minecraftforge.fml.network.NetworkRegistry/NETREGISTRY]: Accepting channel list from vanilla
[15Aug2026 15:53:40.521] [Netty Server IO #2/DEBUG] [net.minecraftforge.fml.network.FMLHandshakeHandler/FMLHANDSHAKE]: Starting new vanilla network connection.
[15Aug2026 15:53:40.902] [User Authenticator #48/WARN] [net.minecraft.network.login.ServerLoginNetHandler/]: Failed to verify username but will let them in anyway!
[15Aug2026 15:53:40.922] [Server thread/DEBUG] [net.minecraftforge.fml.network.FMLHandshakeHandler/FMLHANDSHAKE]: Handshake complete!
[15Aug2026 15:53:40.964] [Server thread/INFO] [net.minecraft.network.play.ServerPlayNetHandler/]: Bhota lost connection: You logged in from another location
[15Aug2026 15:53:40.964] [Server thread/INFO] [net.minecraft.server.MinecraftServer/]: Bhota left the game
[15Aug2026 15:53:40.970] [Server thread/INFO] [net.minecraftforge.common.AdvancementLoadFix/]: Using new advancement loading for net.minecraft.advancements.PlayerAdvancements@39135299
[15Aug2026 15:53:41.016] [Server thread/WARN] [net.minecraft.network.NetworkManager/]: handleDisconnection() called twice
[15Aug2026 15:53:41.017] [Server thread/INFO] [net.minecraft.server.management.PlayerList/]: Bhota[/192.168.29.156:54777] logged in with entity id 566 at (-29.438809123409964, 4.0, -76.38462433952624)
[15Aug2026 15:53:41.019] [Render thread/INFO] [net.minecraft.client.gui.NewChatGui/]: [CHAT] Bhota left the game
[15Aug2026 15:53:41.019] [Server thread/DEBUG] [net.minecraftforge.network.NetworkFilters/]: Injected net.minecraftforge.network.VanillaConnectionNetworkFilter@50a207d2 into net.minecraft.network.NetworkManager@44fc88dc
[15Aug2026 15:53:41.025] [Server thread/INFO] [net.minecraft.server.MinecraftServer/]: Bhota joined the game
[15Aug2026 15:53:41.205] [Render thread/INFO] [net.minecraft.client.gui.NewChatGui/]: [CHAT] Bhota joined the game
[15Aug2026 15:53:41.398] [Server thread/INFO] [net.minecraft.server.MinecraftServer/]: <Bhota> Bot online. Mention me and tell me what you want, or use !help.
[15Aug2026 15:53:46.039] [Netty Server IO #3/DEBUG] [net.minecraftforge.fml.network.NetworkRegistry/NETREGISTRY]: Channel 'fml:loginwrapper' : Vanilla acceptance test: ACCEPTED
[15Aug2026 15:53:46.039] [Netty Server IO #3/DEBUG] [net.minecraftforge.fml.network.NetworkRegistry/NETREGISTRY]: Channel 'fml:handshake' : Vanilla acceptance test: ACCEPTED
[15Aug2026 15:53:46.039] [Netty Server IO #3/DEBUG] [net.minecraftforge.fml.network.NetworkRegistry/NETREGISTRY]: Channel 'forge:split_11' : Vanilla acceptance test: ACCEPTED
[15Aug2026 15:53:46.039] [Netty Server IO #3/DEBUG] [net.minecraftforge.fml.network.NetworkRegistry/NETREGISTRY]: Channel 'minecraft:unregister' : Vanilla acceptance test: ACCEPTED
[15Aug2026 15:53:46.039] [Netty Server IO #3/DEBUG] [net.minecraftforge.fml.network.NetworkRegistry/NETREGISTRY]: Channel 'fml:play' : Vanilla acceptance test: ACCEPTED
[15Aug2026 15:53:46.039] [Netty Server IO #3/DEBUG] [net.minecraftforge.fml.network.NetworkRegistry/NETREGISTRY]: Channel 'minecraft:register' : Vanilla acceptance test: ACCEPTED
[15Aug2026 15:53:46.039] [Netty Server IO #3/DEBUG] [net.minecraftforge.fml.network.NetworkRegistry/NETREGISTRY]: Channel 'forge:split' : Vanilla acceptance test: ACCEPTED
[15Aug2026 15:53:46.039] [Netty Server IO #3/DEBUG] [net.minecraftforge.fml.network.NetworkRegistry/NETREGISTRY]: Accepting channel list from vanilla
[15Aug2026 15:53:46.039] [Netty Server IO #3/DEBUG] [net.minecraftforge.fml.network.FMLHandshakeHandler/FMLHANDSHAKE]: Starting new vanilla network connection.
[15Aug2026 15:53:46.505] [User Authenticator #49/WARN] [net.minecraft.network.login.ServerLoginNetHandler/]: Failed to verify username but will let them in anyway!
[15Aug2026 15:53:46.522] [Server thread/DEBUG] [net.minecraftforge.fml.network.FMLHandshakeHandler/FMLHANDSHAKE]: Handshake complete!
[15Aug2026 15:53:46.593] [Server thread/INFO] [net.minecraft.network.play.ServerPlayNetHandler/]: Bhota lost connection: You logged in from another location
[15Aug2026 15:53:46.593] [Server thread/INFO] [net.minecraft.server.MinecraftServer/]: Bhota left the game
[15Aug2026 15:53:46.600] [Server thread/INFO] [net.minecraftforge.common.AdvancementLoadFix/]: Using new advancement loading for net.minecraft.advancements.PlayerAdvancements@7523aa4
[15Aug2026 15:53:46.615] [Server thread/WARN] [net.minecraft.network.NetworkManager/]: handleDisconnection() called twice
[15Aug2026 15:53:46.617] [Server thread/INFO] [net.minecraft.server.management.PlayerList/]: Bhota[/192.168.29.156:54778] logged in with entity id 572 at (-29.438809123409964, 4.0, -76.38462433952624)
[15Aug2026 15:53:46.617] [Server thread/DEBUG] [net.minecraftforge.network.NetworkFilters/]: Injected net.minecraftforge.network.VanillaConnectionNetworkFilter@dd663e4 into net.minecraft.network.NetworkManager@22ad262f
[15Aug2026 15:53:46.621] [Server thread/INFO] [net.minecraft.server.MinecraftServer/]: Bhota joined the game
[15Aug2026 15:53:46.756] [Render thread/INFO] [net.minecraft.client.gui.NewChatGui/]: [CHAT] Bhota left the game
[15Aug2026 15:53:46.756] [Render thread/INFO] [net.minecraft.client.gui.NewChatGui/]: [CHAT] Bhota joined the game
[15Aug2026 15:53:46.851] [Server thread/INFO] [net.minecraft.server.MinecraftServer/]: <Bhota> Bot online. Mention me and tell me what you want, or use !help.
[15Aug2026 15:53:48.261] [Server thread/INFO] [net.minecraft.server.MinecraftServer/]: <Dev> botie mine me some wood
[15Aug2026 15:53:48.270] [Render thread/INFO] [net.minecraft.client.gui.NewChatGui/]: [CHAT] <Dev> botie mine me some wood
[15Aug2026 15:53:51.613] [Netty Server IO #0/DEBUG] [net.minecraftforge.fml.network.NetworkRegistry/NETREGISTRY]: Channel 'fml:loginwrapper' : Vanilla acceptance test: ACCEPTED
[15Aug2026 15:53:51.614] [Netty Server IO #0/DEBUG] [net.minecraftforge.fml.network.NetworkRegistry/NETREGISTRY]: Channel 'fml:handshake' : Vanilla acceptance test: ACCEPTED
[15Aug2026 15:53:51.614] [Netty Server IO #0/DEBUG] [net.minecraftforge.fml.network.NetworkRegistry/NETREGISTRY]: Channel 'forge:split_11' : Vanilla acceptance test: ACCEPTED
[15Aug2026 15:53:51.614] [Netty Server IO #0/DEBUG] [net.minecraftforge.fml.network.NetworkRegistry/NETREGISTRY]: Channel 'minecraft:unregister' : Vanilla acceptance test: ACCEPTED
[15Aug2026 15:53:51.614] [Netty Server IO #0/DEBUG] [net.minecraftforge.fml.network.NetworkRegistry/NETREGISTRY]: Channel 'fml:play' : Vanilla acceptance test: ACCEPTED
[15Aug2026 15:53:51.614] [Netty Server IO #0/DEBUG] [net.minecraftforge.fml.network.NetworkRegistry/NETREGISTRY]: Channel 'minecraft:register' : Vanilla acceptance test: ACCEPTED
[15Aug2026 15:53:51.614] [Netty Server IO #0/DEBUG] [net.minecraftforge.fml.network.NetworkRegistry/NETREGISTRY]: Channel 'forge:split' : Vanilla acceptance test: ACCEPTED
[15Aug2026 15:53:51.614] [Netty Server IO #0/DEBUG] [net.minecraftforge.fml.network.NetworkRegistry/NETREGISTRY]: Accepting channel list from vanilla
[15Aug2026 15:53:51.614] [Netty Server IO #0/DEBUG] [net.minecraftforge.fml.network.FMLHandshakeHandler/FMLHANDSHAKE]: Starting new vanilla network connection.
[15Aug2026 15:53:51.908] [User Authenticator #50/WARN] [net.minecraft.network.login.ServerLoginNetHandler/]: Failed to verify username but will let them in anyway!
[15Aug2026 15:53:52.003] [Server thread/DEBUG] [net.minecraftforge.fml.network.FMLHandshakeHandler/FMLHANDSHAKE]: Handshake complete!
[15Aug2026 15:53:52.015] [Server thread/INFO] [net.minecraft.network.play.ServerPlayNetHandler/]: Bhota lost connection: Disconnected
[15Aug2026 15:53:52.015] [Server thread/INFO] [net.minecraft.server.MinecraftServer/]: Bhota left the game
[15Aug2026 15:53:52.036] [Server thread/INFO] [net.minecraftforge.common.AdvancementLoadFix/]: Using new advancement loading for net.minecraft.advancements.PlayerAdvancements@17a80cdd
[15Aug2026 15:53:52.052] [Server thread/WARN] [net.minecraft.network.NetworkManager/]: handleDisconnection() called twice
[15Aug2026 15:53:52.054] [Server thread/INFO] [net.minecraft.server.management.PlayerList/]: Bhota[/192.168.29.156:54779] logged in with entity id 584 at (-29.438809123409964, 4.0, -76.38462433952624)
[15Aug2026 15:53:52.054] [Server thread/DEBUG] [net.minecraftforge.network.NetworkFilters/]: Injected net.minecraftforge.network.VanillaConnectionNetworkFilter@334dd68f into net.minecraft.network.NetworkManager@20540732
[15Aug2026 15:53:52.064] [Server thread/INFO] [net.minecraft.server.MinecraftServer/]: Bhota joined the game
[15Aug2026 15:53:52.166] [Render thread/INFO] [net.minecraft.client.gui.NewChatGui/]: [CHAT] Bhota left the game
[15Aug2026 15:53:52.167] [Render thread/INFO] [net.minecraft.client.gui.NewChatGui/]: [CHAT] Bhota joined the game
[15Aug2026 15:53:52.344] [Server thread/INFO] [net.minecraft.server.MinecraftServer/]: <Bhota> Bot online. Mention me and tell me what you want, or use !help.
[15Aug2026 15:53:54.813] [Server thread/INFO] [net.minecraft.server.MinecraftServer/]: <Dev> !help
[15Aug2026 15:53:54.823] [Server thread/INFO] [net.minecraft.server.MinecraftServer/]: <Bhota> I don't take orders from you.
[15Aug2026 15:53:54.823] [Render thread/INFO] [net.minecraft.client.gui.NewChatGui/]: [CHAT] <Dev> !help
[15Aug2026 15:53:57.127] [Netty Server IO #1/DEBUG] [net.minecraftforge.fml.network.NetworkRegistry/NETREGISTRY]: Channel 'fml:loginwrapper' : Vanilla acceptance test: ACCEPTED
[15Aug2026 15:53:57.127] [Netty Server IO #1/DEBUG] [net.minecraftforge.fml.network.NetworkRegistry/NETREGISTRY]: Channel 'fml:handshake' : Vanilla acceptance test: ACCEPTED
[15Aug2026 15:53:57.127] [Netty Server IO #1/DEBUG] [net.minecraftforge.fml.network.NetworkRegistry/NETREGISTRY]: Channel 'forge:split_11' : Vanilla acceptance test: ACCEPTED
[15Aug2026 15:53:57.127] [Netty Server IO #1/DEBUG] [net.minecraftforge.fml.network.NetworkRegistry/NETREGISTRY]: Channel 'minecraft:unregister' : Vanilla acceptance test: ACCEPTED
[15Aug2026 15:53:57.127] [Netty Server IO #1/DEBUG] [net.minecraftforge.fml.network.NetworkRegistry/NETREGISTRY]: Channel 'fml:play' : Vanilla acceptance test: ACCEPTED
[15Aug2026 15:53:57.127] [Netty Server IO #1/DEBUG] [net.minecraftforge.fml.network.NetworkRegistry/NETREGISTRY]: Channel 'minecraft:register' : Vanilla acceptance test: ACCEPTED
[15Aug2026 15:53:57.127] [Netty Server IO #1/DEBUG] [net.minecraftforge.fml.network.NetworkRegistry/NETREGISTRY]: Channel 'forge:split' : Vanilla acceptance test: ACCEPTED
[15Aug2026 15:53:57.128] [Netty Server IO #1/DEBUG] [net.minecraftforge.fml.network.NetworkRegistry/NETREGISTRY]: Accepting channel list from vanilla
[15Aug2026 15:53:57.128] [Netty Server IO #1/DEBUG] [net.minecraftforge.fml.network.FMLHandshakeHandler/FMLHANDSHAKE]: Starting new vanilla network connection.
[15Aug2026 15:53:57.543] [User Authenticator #51/WARN] [net.minecraft.network.login.ServerLoginNetHandler/]: Failed to verify username but will let them in anyway!
[15Aug2026 15:53:57.595] [Server thread/DEBUG] [net.minecraftforge.fml.network.FMLHandshakeHandler/FMLHANDSHAKE]: Handshake complete!
[15Aug2026 15:53:57.681] [Server thread/INFO] [net.minecraft.network.play.ServerPlayNetHandler/]: Bhota lost connection: You logged in from another location
[15Aug2026 15:53:57.681] [Server thread/INFO] [net.minecraft.server.MinecraftServer/]: Bhota left the game
[15Aug2026 15:53:57.689] [Server thread/INFO] [net.minecraft.server.management.PlayerList/]: Bhota[/192.168.29.156:54780] logged in with entity id 593 at (-29.438809123409964, 4.0, -76.38462433952624)
[15Aug2026 15:53:57.689] [Server thread/DEBUG] [net.minecraftforge.network.NetworkFilters/]: Injected net.minecraftforge.network.VanillaConnectionNetworkFilter@659a78ba into net.minecraft.network.NetworkManager@2549967c
[15Aug2026 15:53:57.697] [Server thread/INFO] [net.minecraft.server.MinecraftServer/]: Bhota joined the game
[15Aug2026 15:53:57.829] [Render thread/INFO] [net.minecraft.client.gui.NewChatGui/]: [CHAT] Bhota left the game
[15Aug2026 15:53:57.831] [Render thread/INFO] [net.minecraft.client.gui.NewChatGui/]: [CHAT] Bhota joined the game
[15Aug2026 15:53:57.969] [Server thread/INFO] [net.minecraft.server.MinecraftServer/]: <Bhota> Bot online. Mention me and tell me what you want, or use !help.
[15Aug2026 15:54:00.312] [Server thread/INFO] [net.minecraft.server.MinecraftServer/]: <Dev> !help
[15Aug2026 15:54:00.325] [Server thread/INFO] [net.minecraft.server.MinecraftServer/]: <Bhota> I don't take orders from you.
[15Aug2026 15:54:00.325] [Render thread/INFO] [net.minecraft.client.gui.NewChatGui/]: [CHAT] <Dev> !help
[15Aug2026 15:54:02.681] [Netty Server IO #2/DEBUG] [net.minecraftforge.fml.network.NetworkRegistry/NETREGISTRY]: Channel 'fml:loginwrapper' : Vanilla acceptance test: ACCEPTED
[15Aug2026 15:54:02.681] [Netty Server IO #2/DEBUG] [net.minecraftforge.fml.network.NetworkRegistry/NETREGISTRY]: Channel 'fml:handshake' : Vanilla acceptance test: ACCEPTED
[15Aug2026 15:54:02.681] [Netty Server IO #2/DEBUG] [net.minecraftforge.fml.network.NetworkRegistry/NETREGISTRY]: Channel 'forge:split_11' : Vanilla acceptance test: ACCEPTED
[15Aug2026 15:54:02.681] [Netty Server IO #2/DEBUG] [net.minecraftforge.fml.network.NetworkRegistry/NETREGISTRY]: Channel 'minecraft:unregister' : Vanilla acceptance test: ACCEPTED
[15Aug2026 15:54:02.681] [Netty Server IO #2/DEBUG] [net.minecraftforge.fml.network.NetworkRegistry/NETREGISTRY]: Channel 'fml:play' : Vanilla acceptance test: ACCEPTED
[15Aug2026 15:54:02.681] [Netty Server IO #2/DEBUG] [net.minecraftforge.fml.network.NetworkRegistry/NETREGISTRY]: Channel 'minecraft:register' : Vanilla acceptance test: ACCEPTED
[15Aug2026 15:54:02.682] [Netty Server IO #2/DEBUG] [net.minecraftforge.fml.network.NetworkRegistry/NETREGISTRY]: Channel 'forge:split' : Vanilla acceptance test: ACCEPTED
[15Aug2026 15:54:02.682] [Netty Server IO #2/DEBUG] [net.minecraftforge.fml.network.NetworkRegistry/NETREGISTRY]: Accepting channel list from vanilla
[15Aug2026 15:54:02.682] [Netty Server IO #2/DEBUG] [net.minecraftforge.fml.network.FMLHandshakeHandler/FMLHANDSHAKE]: Starting new vanilla network connection.
[15Aug2026 15:54:03.112] [User Authenticator #52/WARN] [net.minecraft.network.login.ServerLoginNetHandler/]: Failed to verify username but will let them in anyway!
[15Aug2026 15:54:03.125] [Server thread/DEBUG] [net.minecraftforge.fml.network.FMLHandshakeHandler/FMLHANDSHAKE]: Handshake complete!
[15Aug2026 15:54:03.155] [Server thread/INFO] [net.minecraft.network.play.ServerPlayNetHandler/]: Bhota lost connection: You logged in from another location
[15Aug2026 15:54:03.155] [Server thread/INFO] [net.minecraft.server.MinecraftServer/]: Bhota left the game
[15Aug2026 15:54:03.161] [Server thread/INFO] [net.minecraftforge.common.AdvancementLoadFix/]: Using new advancement loading for net.minecraft.advancements.PlayerAdvancements@22208427
[15Aug2026 15:54:03.213] [Render thread/INFO] [net.minecraft.client.gui.NewChatGui/]: [CHAT] Bhota left the game
[15Aug2026 15:54:03.219] [Server thread/WARN] [net.minecraft.network.NetworkManager/]: handleDisconnection() called twice
[15Aug2026 15:54:03.221] [Server thread/INFO] [net.minecraft.server.management.PlayerList/]: Bhota[/192.168.29.156:54781] logged in with entity id 598 at (-29.438809123409964, 4.0, -76.38462433952624)
[15Aug2026 15:54:03.223] [Server thread/DEBUG] [net.minecraftforge.network.NetworkFilters/]: Injected net.minecraftforge.network.VanillaConnectionNetworkFilter@4eb8770f into net.minecraft.network.NetworkManager@6e9b8012
[15Aug2026 15:54:03.249] [Server thread/INFO] [net.minecraft.server.MinecraftServer/]: Bhota joined the game
[15Aug2026 15:54:03.432] [Render thread/INFO] [net.minecraft.client.gui.NewChatGui/]: [CHAT] Bhota joined the game
[15Aug2026 15:54:03.616] [Server thread/INFO] [net.minecraft.server.MinecraftServer/]: <Bhota> Bot online. Mention me and tell me what you want, or use !help.
[15Aug2026 15:54:04.706] [Server thread/INFO] [net.minecraft.server.MinecraftServer/]: <Dev> bhota
[15Aug2026 15:54:04.717] [Render thread/INFO] [net.minecraft.client.gui.NewChatGui/]: [CHAT] <Dev> bhota
[15Aug2026 15:54:06.148] [Server thread/INFO] [net.minecraft.server.MinecraftServer/]: <Bhota> meoolotie
[15Aug2026 15:54:07.639] [Server thread/INFO] [net.minecraft.server.MinecraftServer/]: <Dev> botie
[15Aug2026 15:54:07.678] [Render thread/INFO] [net.minecraft.client.gui.NewChatGui/]: [CHAT] <Dev> botie
[15Aug2026 15:54:08.267] [Netty Server IO #3/DEBUG] [net.minecraftforge.fml.network.NetworkRegistry/NETREGISTRY]: Channel 'fml:loginwrapper' : Vanilla acceptance test: ACCEPTED
[15Aug2026 15:54:08.267] [Netty Server IO #3/DEBUG] [net.minecraftforge.fml.network.NetworkRegistry/NETREGISTRY]: Channel 'fml:handshake' : Vanilla acceptance test: ACCEPTED
[15Aug2026 15:54:08.267] [Netty Server IO #3/DEBUG] [net.minecraftforge.fml.network.NetworkRegistry/NETREGISTRY]: Channel 'forge:split_11' : Vanilla acceptance test: ACCEPTED
[15Aug2026 15:54:08.267] [Netty Server IO #3/DEBUG] [net.minecraftforge.fml.network.NetworkRegistry/NETREGISTRY]: Channel 'minecraft:unregister' : Vanilla acceptance test: ACCEPTED
[15Aug2026 15:54:08.267] [Netty Server IO #3/DEBUG] [net.minecraftforge.fml.network.NetworkRegistry/NETREGISTRY]: Channel 'fml:play' : Vanilla acceptance test: ACCEPTED
[15Aug2026 15:54:08.267] [Netty Server IO #3/DEBUG] [net.minecraftforge.fml.network.NetworkRegistry/NETREGISTRY]: Channel 'minecraft:register' : Vanilla acceptance test: ACCEPTED
[15Aug2026 15:54:08.268] [Netty Server IO #3/DEBUG] [net.minecraftforge.fml.network.NetworkRegistry/NETREGISTRY]: Channel 'forge:split' : Vanilla acceptance test: ACCEPTED
[15Aug2026 15:54:08.268] [Netty Server IO #3/DEBUG] [net.minecraftforge.fml.network.NetworkRegistry/NETREGISTRY]: Accepting channel list from vanilla
[15Aug2026 15:54:08.268] [Netty Server IO #3/DEBUG] [net.minecraftforge.fml.network.FMLHandshakeHandler/FMLHANDSHAKE]: Starting new vanilla network connection.
[15Aug2026 15:54:08.695] [User Authenticator #53/WARN] [net.minecraft.network.login.ServerLoginNetHandler/]: Failed to verify username but will let them in anyway!
[15Aug2026 15:54:08.721] [Server thread/DEBUG] [net.minecraftforge.fml.network.FMLHandshakeHandler/FMLHANDSHAKE]: Handshake complete!
[15Aug2026 15:54:08.767] [Server thread/INFO] [net.minecraft.network.play.ServerPlayNetHandler/]: Bhota lost connection: You logged in from another location
[15Aug2026 15:54:08.767] [Server thread/INFO] [net.minecraft.server.MinecraftServer/]: Bhota left the game
[15Aug2026 15:54:08.794] [Server thread/INFO] [net.minecraftforge.common.AdvancementLoadFix/]: Using new advancement loading for net.minecraft.advancements.PlayerAdvancements@4460e581
[15Aug2026 15:54:08.809] [Server thread/WARN] [net.minecraft.network.NetworkManager/]: handleDisconnection() called twice
[15Aug2026 15:54:08.812] [Server thread/INFO] [net.minecraft.server.management.PlayerList/]: Bhota[/192.168.29.156:54782] logged in with entity id 603 at (-29.438809123409964, 4.0, -76.38462433952624)
[15Aug2026 15:54:08.813] [Server thread/DEBUG] [net.minecraftforge.network.NetworkFilters/]: Injected net.minecraftforge.network.VanillaConnectionNetworkFilter@51f49167 into net.minecraft.network.NetworkManager@1cf53d4
[15Aug2026 15:54:08.828] [Server thread/INFO] [net.minecraft.server.MinecraftServer/]: Bhota joined the game
[15Aug2026 15:54:08.932] [Render thread/INFO] [net.minecraft.client.gui.NewChatGui/]: [CHAT] Bhota left the game
[15Aug2026 15:54:08.932] [Render thread/INFO] [net.minecraft.client.gui.NewChatGui/]: [CHAT] Bhota joined the game
[15Aug2026 15:54:09.221] [Server thread/INFO] [net.minecraft.server.MinecraftServer/]: <Bhota> Bot online. Mention me and tell me what you want, or use !help.
[15Aug2026 15:54:13.859] [Netty Server IO #0/DEBUG] [net.minecraftforge.fml.network.NetworkRegistry/NETREGISTRY]: Channel 'fml:loginwrapper' : Vanilla acceptance test: ACCEPTED
[15Aug2026 15:54:13.859] [Netty Server IO #0/DEBUG] [net.minecraftforge.fml.network.NetworkRegistry/NETREGISTRY]: Channel 'fml:handshake' : Vanilla acceptance test: ACCEPTED
[15Aug2026 15:54:13.859] [Netty Server IO #0/DEBUG] [net.minecraftforge.fml.network.NetworkRegistry/NETREGISTRY]: Channel 'forge:split_11' : Vanilla acceptance test: ACCEPTED
[15Aug2026 15:54:13.860] [Netty Server IO #0/DEBUG] [net.minecraftforge.fml.network.NetworkRegistry/NETREGISTRY]: Channel 'minecraft:unregister' : Vanilla acceptance test: ACCEPTED
[15Aug2026 15:54:13.860] [Netty Server IO #0/DEBUG] [net.minecraftforge.fml.network.NetworkRegistry/NETREGISTRY]: Channel 'fml:play' : Vanilla acceptance test: ACCEPTED
[15Aug2026 15:54:13.860] [Netty Server IO #0/DEBUG] [net.minecraftforge.fml.network.NetworkRegistry/NETREGISTRY]: Channel 'minecraft:register' : Vanilla acceptance test: ACCEPTED
[15Aug2026 15:54:13.860] [Netty Server IO #0/DEBUG] [net.minecraftforge.fml.network.NetworkRegistry/NETREGISTRY]: Channel 'forge:split' : Vanilla acceptance test: ACCEPTED
[15Aug2026 15:54:13.860] [Netty Server IO #0/DEBUG] [net.minecraftforge.fml.network.NetworkRegistry/NETREGISTRY]: Accepting channel list from vanilla
[15Aug2026 15:54:13.860] [Netty Server IO #0/DEBUG] [net.minecraftforge.fml.network.FMLHandshakeHandler/FMLHANDSHAKE]: Starting new vanilla network connection.
[15Aug2026 15:54:14.276] [User Authenticator #54/WARN] [net.minecraft.network.login.ServerLoginNetHandler/]: Failed to verify username but will let them in anyway!
[15Aug2026 15:54:14.349] [Server thread/DEBUG] [net.minecraftforge.fml.network.FMLHandshakeHandler/FMLHANDSHAKE]: Handshake complete!
[15Aug2026 15:54:14.411] [Server thread/INFO] [net.minecraft.network.play.ServerPlayNetHandler/]: Bhota lost connection: You logged in from another location
[15Aug2026 15:54:14.412] [Server thread/INFO] [net.minecraft.server.MinecraftServer/]: Bhota left the game
[15Aug2026 15:54:14.419] [Server thread/INFO] [net.minecraft.server.management.PlayerList/]: Bhota[/192.168.29.156:54783] logged in with entity id 611 at (-29.438809123409964, 4.0, -76.38462433952624)
[15Aug2026 15:54:14.420] [Server thread/DEBUG] [net.minecraftforge.network.NetworkFilters/]: Injected net.minecraftforge.network.VanillaConnectionNetworkFilter@72716ad3 into net.minecraft.network.NetworkManager@16811930
[15Aug2026 15:54:14.424] [Server thread/INFO] [net.minecraft.server.MinecraftServer/]: Bhota joined the game
[15Aug2026 15:54:14.531] [Render thread/INFO] [net.minecraft.client.gui.NewChatGui/]: [CHAT] Bhota left the game
[15Aug2026 15:54:14.535] [Render thread/INFO] [net.minecraft.client.gui.NewChatGui/]: [CHAT] Bhota joined the game
[15Aug2026 15:54:14.778] [Server thread/INFO] [net.minecraft.server.MinecraftServer/]: <Bhota> Bot online. Mention me and tell me what you want, or use !help.
[15Aug2026 15:54:18.000] [Server thread/INFO] [net.minecraft.server.MinecraftServer/]: <Bhota> > retreatFrom(source="player_attack:Dev")
[15Aug2026 15:54:18.347] [Server thread/INFO] [net.minecraft.server.MinecraftServer/]: <Bhota> > endFlee()
[15Aug2026 15:54:19.385] [Netty Server IO #1/DEBUG] [net.minecraftforge.fml.network.NetworkRegistry/NETREGISTRY]: Channel 'fml:loginwrapper' : Vanilla acceptance test: ACCEPTED
[15Aug2026 15:54:19.386] [Netty Server IO #1/DEBUG] [net.minecraftforge.fml.network.NetworkRegistry/NETREGISTRY]: Channel 'fml:handshake' : Vanilla acceptance test: ACCEPTED
[15Aug2026 15:54:19.386] [Netty Server IO #1/DEBUG] [net.minecraftforge.fml.network.NetworkRegistry/NETREGISTRY]: Channel 'forge:split_11' : Vanilla acceptance test: ACCEPTED
[15Aug2026 15:54:19.386] [Netty Server IO #1/DEBUG] [net.minecraftforge.fml.network.NetworkRegistry/NETREGISTRY]: Channel 'minecraft:unregister' : Vanilla acceptance test: ACCEPTED
[15Aug2026 15:54:19.386] [Netty Server IO #1/DEBUG] [net.minecraftforge.fml.network.NetworkRegistry/NETREGISTRY]: Channel 'fml:play' : Vanilla acceptance test: ACCEPTED
[15Aug2026 15:54:19.386] [Netty Server IO #1/DEBUG] [net.minecraftforge.fml.network.NetworkRegistry/NETREGISTRY]: Channel 'minecraft:register' : Vanilla acceptance test: ACCEPTED
[15Aug2026 15:54:19.386] [Netty Server IO #1/DEBUG] [net.minecraftforge.fml.network.NetworkRegistry/NETREGISTRY]: Channel 'forge:split' : Vanilla acceptance test: ACCEPTED
[15Aug2026 15:54:19.387] [Netty Server IO #1/DEBUG] [net.minecraftforge.fml.network.NetworkRegistry/NETREGISTRY]: Accepting channel list from vanilla
[15Aug2026 15:54:19.387] [Netty Server IO #1/DEBUG] [net.minecraftforge.fml.network.FMLHandshakeHandler/FMLHANDSHAKE]: Starting new vanilla network connection.
[15Aug2026 15:54:19.932] [User Authenticator #55/WARN] [net.minecraft.network.login.ServerLoginNetHandler/]: Failed to verify username but will let them in anyway!
[15Aug2026 15:54:19.996] [Server thread/DEBUG] [net.minecraftforge.fml.network.FMLHandshakeHandler/FMLHANDSHAKE]: Handshake complete!
[15Aug2026 15:54:20.013] [Server thread/INFO] [net.minecraftforge.common.AdvancementLoadFix/]: Using new advancement loading for net.minecraft.advancements.PlayerAdvancements@15bf4df5
[15Aug2026 15:54:20.082] [Server thread/INFO] [net.minecraft.network.play.ServerPlayNetHandler/]: Bhota lost connection: You logged in from another location
[15Aug2026 15:54:20.082] [Server thread/INFO] [net.minecraft.server.MinecraftServer/]: Bhota left the game
[15Aug2026 15:54:20.091] [Server thread/INFO] [net.minecraft.server.management.PlayerList/]: Bhota[/192.168.29.156:54784] logged in with entity id 619 at (-28.500229721980944, 4.0, -67.18421251305416)
[15Aug2026 15:54:20.092] [Server thread/DEBUG] [net.minecraftforge.network.NetworkFilters/]: Injected net.minecraftforge.network.VanillaConnectionNetworkFilter@6f7e6ae7 into net.minecraft.network.NetworkManager@5bb8d0ba
[15Aug2026 15:54:20.115] [Server thread/INFO] [net.minecraft.server.MinecraftServer/]: Bhota joined the game
[15Aug2026 15:54:20.417] [Render thread/INFO] [net.minecraft.client.gui.NewChatGui/]: [CHAT] Bhota left the game
[15Aug2026 15:54:20.418] [Render thread/INFO] [net.minecraft.client.gui.NewChatGui/]: [CHAT] Bhota joined the game
[15Aug2026 15:54:20.430] [Server thread/INFO] [net.minecraft.server.MinecraftServer/]: <Bhota> Bot online. Mention me and tell me what you want, or use !help.
[15Aug2026 15:54:23.677] [Server thread/INFO] [net.minecraft.server.MinecraftServer/]: <Bhota> > retreatFrom(source="player_attack:Dev")
[15Aug2026 15:54:23.811] [Server thread/INFO] [net.minecraft.server.MinecraftServer/]: <Bhota> > endFlee()
[15Aug2026 15:54:25.051] [Netty Server IO #2/DEBUG] [net.minecraftforge.fml.network.NetworkRegistry/NETREGISTRY]: Channel 'fml:loginwrapper' : Vanilla acceptance test: ACCEPTED
[15Aug2026 15:54:25.051] [Netty Server IO #2/DEBUG] [net.minecraftforge.fml.network.NetworkRegistry/NETREGISTRY]: Channel 'fml:handshake' : Vanilla acceptance test: ACCEPTED
[15Aug2026 15:54:25.051] [Netty Server IO #2/DEBUG] [net.minecraftforge.fml.network.NetworkRegistry/NETREGISTRY]: Channel 'forge:split_11' : Vanilla acceptance test: ACCEPTED
[15Aug2026 15:54:25.051] [Netty Server IO #2/DEBUG] [net.minecraftforge.fml.network.NetworkRegistry/NETREGISTRY]: Channel 'minecraft:unregister' : Vanilla acceptance test: ACCEPTED
[15Aug2026 15:54:25.051] [Netty Server IO #2/DEBUG] [net.minecraftforge.fml.network.NetworkRegistry/NETREGISTRY]: Channel 'fml:play' : Vanilla acceptance test: ACCEPTED
[15Aug2026 15:54:25.051] [Netty Server IO #2/DEBUG] [net.minecraftforge.fml.network.NetworkRegistry/NETREGISTRY]: Channel 'minecraft:register' : Vanilla acceptance test: ACCEPTED
[15Aug2026 15:54:25.051] [Netty Server IO #2/DEBUG] [net.minecraftforge.fml.network.NetworkRegistry/NETREGISTRY]: Channel 'forge:split' : Vanilla acceptance test: ACCEPTED
[15Aug2026 15:54:25.051] [Netty Server IO #2/DEBUG] [net.minecraftforge.fml.network.NetworkRegistry/NETREGISTRY]: Accepting channel list from vanilla
[15Aug2026 15:54:25.051] [Netty Server IO #2/DEBUG] [net.minecraftforge.fml.network.FMLHandshakeHandler/FMLHANDSHAKE]: Starting new vanilla network connection.
[15Aug2026 15:54:25.448] [User Authenticator #56/WARN] [net.minecraft.network.login.ServerLoginNetHandler/]: Failed to verify username but will let them in anyway!
[15Aug2026 15:54:25.514] [Server thread/DEBUG] [net.minecraftforge.fml.network.FMLHandshakeHandler/FMLHANDSHAKE]: Handshake complete!
[15Aug2026 15:54:25.528] [Server thread/INFO] [net.minecraft.network.play.ServerPlayNetHandler/]: Bhota lost connection: You logged in from another location
[15Aug2026 15:54:25.528] [Server thread/INFO] [net.minecraft.server.MinecraftServer/]: Bhota left the game
[15Aug2026 15:54:25.534] [Server thread/INFO] [net.minecraftforge.common.AdvancementLoadFix/]: Using new advancement loading for net.minecraft.advancements.PlayerAdvancements@6cbb5f42
[15Aug2026 15:54:25.553] [Server thread/WARN] [net.minecraft.network.NetworkManager/]: handleDisconnection() called twice
[15Aug2026 15:54:25.559] [Server thread/INFO] [net.minecraft.server.management.PlayerList/]: Bhota[/192.168.29.156:54785] logged in with entity id 639 at (-28.50022972197947, 4.0, -56.647757043362176)
[15Aug2026 15:54:25.559] [Server thread/DEBUG] [net.minecraftforge.network.NetworkFilters/]: Injected net.minecraftforge.network.VanillaConnectionNetworkFilter@782a8eda into net.minecraft.network.NetworkManager@7792dea0
[15Aug2026 15:54:25.597] [Server thread/INFO] [net.minecraft.server.MinecraftServer/]: Bhota joined the game
[15Aug2026 15:54:25.733] [Render thread/INFO] [net.minecraft.client.gui.NewChatGui/]: [CHAT] Bhota left the game
[15Aug2026 15:54:25.735] [Render thread/INFO] [net.minecraft.client.gui.NewChatGui/]: [CHAT] Bhota joined the game
[15Aug2026 15:54:25.844] [Server thread/INFO] [net.minecraft.server.MinecraftServer/]: <Bhota> Bot online. Mention me and tell me what you want, or use !help.
[15Aug2026 15:54:30.674] [Netty Server IO #3/DEBUG] [net.minecraftforge.fml.network.NetworkRegistry/NETREGISTRY]: Channel 'fml:loginwrapper' : Vanilla acceptance test: ACCEPTED
[15Aug2026 15:54:30.674] [Netty Server IO #3/DEBUG] [net.minecraftforge.fml.network.NetworkRegistry/NETREGISTRY]: Channel 'fml:handshake' : Vanilla acceptance test: ACCEPTED
[15Aug2026 15:54:30.674] [Netty Server IO #3/DEBUG] [net.minecraftforge.fml.network.NetworkRegistry/NETREGISTRY]: Channel 'forge:split_11' : Vanilla acceptance test: ACCEPTED
[15Aug2026 15:54:30.674] [Netty Server IO #3/DEBUG] [net.minecraftforge.fml.network.NetworkRegistry/NETREGISTRY]: Channel 'minecraft:unregister' : Vanilla acceptance test: ACCEPTED
[15Aug2026 15:54:30.674] [Netty Server IO #3/DEBUG] [net.minecraftforge.fml.network.NetworkRegistry/NETREGISTRY]: Channel 'fml:play' : Vanilla acceptance test: ACCEPTED
[15Aug2026 15:54:30.674] [Netty Server IO #3/DEBUG] [net.minecraftforge.fml.network.NetworkRegistry/NETREGISTRY]: Channel 'minecraft:register' : Vanilla acceptance test: ACCEPTED
[15Aug2026 15:54:30.674] [Netty Server IO #3/DEBUG] [net.minecraftforge.fml.network.NetworkRegistry/NETREGISTRY]: Channel 'forge:split' : Vanilla acceptance test: ACCEPTED
[15Aug2026 15:54:30.674] [Netty Server IO #3/DEBUG] [net.minecraftforge.fml.network.NetworkRegistry/NETREGISTRY]: Accepting channel list from vanilla
[15Aug2026 15:54:30.674] [Netty Server IO #3/DEBUG] [net.minecraftforge.fml.network.FMLHandshakeHandler/FMLHANDSHAKE]: Starting new vanilla network connection.
[15Aug2026 15:54:31.059] [User Authenticator #57/WARN] [net.minecraft.network.login.ServerLoginNetHandler/]: Failed to verify username but will let them in anyway!
[15Aug2026 15:54:31.067] [Server thread/DEBUG] [net.minecraftforge.fml.network.FMLHandshakeHandler/FMLHANDSHAKE]: Handshake complete!
[15Aug2026 15:54:31.177] [Server thread/INFO] [net.minecraft.network.play.ServerPlayNetHandler/]: Bhota lost connection: You logged in from another location
[15Aug2026 15:54:31.180] [Server thread/INFO] [net.minecraft.server.MinecraftServer/]: Bhota left the game
[15Aug2026 15:54:31.187] [Server thread/INFO] [net.minecraftforge.common.AdvancementLoadFix/]: Using new advancement loading for net.minecraft.advancements.PlayerAdvancements@23f718fa
[15Aug2026 15:54:31.202] [Server thread/WARN] [net.minecraft.network.NetworkManager/]: handleDisconnection() called twice
[15Aug2026 15:54:31.204] [Server thread/INFO] [net.minecraft.server.management.PlayerList/]: Bhota[/192.168.29.156:54786] logged in with entity id 646 at (-28.50022972197947, 4.0, -56.647757043362176)
[15Aug2026 15:54:31.204] [Server thread/DEBUG] [net.minecraftforge.network.NetworkFilters/]: Injected net.minecraftforge.network.VanillaConnectionNetworkFilter@3e4c2b9e into net.minecraft.network.NetworkManager@622c7059
[15Aug2026 15:54:31.228] [Server thread/INFO] [net.minecraft.server.MinecraftServer/]: Bhota joined the game
[15Aug2026 15:54:31.354] [Render thread/INFO] [net.minecraft.client.gui.NewChatGui/]: [CHAT] Bhota left the game
[15Aug2026 15:54:31.355] [Render thread/INFO] [net.minecraft.client.gui.NewChatGui/]: [CHAT] Bhota joined the game
[15Aug2026 15:54:31.469] [Server thread/INFO] [net.minecraft.server.MinecraftServer/]: <Bhota> Bot online. Mention me and tell me what you want, or use !help.
[15Aug2026 15:54:36.328] [Netty Server IO #0/DEBUG] [net.minecraftforge.fml.network.NetworkRegistry/NETREGISTRY]: Channel 'fml:loginwrapper' : Vanilla acceptance test: ACCEPTED
[15Aug2026 15:54:36.328] [Netty Server IO #0/DEBUG] [net.minecraftforge.fml.network.NetworkRegistry/NETREGISTRY]: Channel 'fml:handshake' : Vanilla acceptance test: ACCEPTED
[15Aug2026 15:54:36.328] [Netty Server IO #0/DEBUG] [net.minecraftforge.fml.network.NetworkRegistry/NETREGISTRY]: Channel 'forge:split_11' : Vanilla acceptance test: ACCEPTED
[15Aug2026 15:54:36.328] [Netty Server IO #0/DEBUG] [net.minecraftforge.fml.network.NetworkRegistry/NETREGISTRY]: Channel 'minecraft:unregister' : Vanilla acceptance test: ACCEPTED
[15Aug2026 15:54:36.328] [Netty Server IO #0/DEBUG] [net.minecraftforge.fml.network.NetworkRegistry/NETREGISTRY]: Channel 'fml:play' : Vanilla acceptance test: ACCEPTED
[15Aug2026 15:54:36.328] [Netty Server IO #0/DEBUG] [net.minecraftforge.fml.network.NetworkRegistry/NETREGISTRY]: Channel 'minecraft:register' : Vanilla acceptance test: ACCEPTED
[15Aug2026 15:54:36.328] [Netty Server IO #0/DEBUG] [net.minecraftforge.fml.network.NetworkRegistry/NETREGISTRY]: Channel 'forge:split' : Vanilla acceptance test: ACCEPTED
[15Aug2026 15:54:36.328] [Netty Server IO #0/DEBUG] [net.minecraftforge.fml.network.NetworkRegistry/NETREGISTRY]: Accepting channel list from vanilla
[15Aug2026 15:54:36.329] [Netty Server IO #0/DEBUG] [net.minecraftforge.fml.network.FMLHandshakeHandler/FMLHANDSHAKE]: Starting new vanilla network connection.
[15Aug2026 15:54:36.697] [User Authenticator #58/WARN] [net.minecraft.network.login.ServerLoginNetHandler/]: Failed to verify username but will let them in anyway!
[15Aug2026 15:54:36.727] [Server thread/DEBUG] [net.minecraftforge.fml.network.FMLHandshakeHandler/FMLHANDSHAKE]: Handshake complete!
[15Aug2026 15:54:36.776] [Server thread/INFO] [net.minecraft.network.play.ServerPlayNetHandler/]: Bhota lost connection: You logged in from another location
[15Aug2026 15:54:36.777] [Server thread/INFO] [net.minecraft.server.MinecraftServer/]: Bhota left the game
[15Aug2026 15:54:36.808] [Server thread/INFO] [net.minecraftforge.common.AdvancementLoadFix/]: Using new advancement loading for net.minecraft.advancements.PlayerAdvancements@4e4512ff
[15Aug2026 15:54:36.819] [Server thread/WARN] [net.minecraft.network.NetworkManager/]: handleDisconnection() called twice
[15Aug2026 15:54:36.821] [Server thread/INFO] [net.minecraft.server.management.PlayerList/]: Bhota[/192.168.29.156:54787] logged in with entity id 656 at (-28.50022972197947, 4.0, -56.647757043362176)
[15Aug2026 15:54:36.822] [Server thread/DEBUG] [net.minecraftforge.network.NetworkFilters/]: Injected net.minecraftforge.network.VanillaConnectionNetworkFilter@59567c02 into net.minecraft.network.NetworkManager@47ddb34
[15Aug2026 15:54:36.832] [Server thread/INFO] [net.minecraft.server.MinecraftServer/]: Bhota joined the game
[15Aug2026 15:54:36.882] [Render thread/INFO] [net.minecraft.client.gui.NewChatGui/]: [CHAT] Bhota left the game
[15Aug2026 15:54:36.884] [Render thread/INFO] [net.minecraft.client.gui.NewChatGui/]: [CHAT] Bhota joined the game
[15Aug2026 15:54:37.468] [Server thread/INFO] [net.minecraft.server.MinecraftServer/]: <Bhota> Bot online. Mention me and tell me what you want, or use !help.
[15Aug2026 15:54:41.921] [Netty Server IO #1/DEBUG] [net.minecraftforge.fml.network.NetworkRegistry/NETREGISTRY]: Channel 'fml:loginwrapper' : Vanilla acceptance test: ACCEPTED
[15Aug2026 15:54:41.921] [Netty Server IO #1/DEBUG] [net.minecraftforge.fml.network.NetworkRegistry/NETREGISTRY]: Channel 'fml:handshake' : Vanilla acceptance test: ACCEPTED
[15Aug2026 15:54:41.921] [Netty Server IO #1/DEBUG] [net.minecraftforge.fml.network.NetworkRegistry/NETREGISTRY]: Channel 'forge:split_11' : Vanilla acceptance test: ACCEPTED
[15Aug2026 15:54:41.921] [Netty Server IO #1/DEBUG] [net.minecraftforge.fml.network.NetworkRegistry/NETREGISTRY]: Channel 'minecraft:unregister' : Vanilla acceptance test: ACCEPTED
[15Aug2026 15:54:41.921] [Netty Server IO #1/DEBUG] [net.minecraftforge.fml.network.NetworkRegistry/NETREGISTRY]: Channel 'fml:play' : Vanilla acceptance test: ACCEPTED
[15Aug2026 15:54:41.921] [Netty Server IO #1/DEBUG] [net.minecraftforge.fml.network.NetworkRegistry/NETREGISTRY]: Channel 'minecraft:register' : Vanilla acceptance test: ACCEPTED
[15Aug2026 15:54:41.921] [Netty Server IO #1/DEBUG] [net.minecraftforge.fml.network.NetworkRegistry/NETREGISTRY]: Channel 'forge:split' : Vanilla acceptance test: ACCEPTED
[15Aug2026 15:54:41.921] [Netty Server IO #1/DEBUG] [net.minecraftforge.fml.network.NetworkRegistry/NETREGISTRY]: Accepting channel list from vanilla
[15Aug2026 15:54:41.921] [Netty Server IO #1/DEBUG] [net.minecraftforge.fml.network.FMLHandshakeHandler/FMLHANDSHAKE]: Starting new vanilla network connection.
[15Aug2026 15:54:42.400] [User Authenticator #59/WARN] [net.minecraft.network.login.ServerLoginNetHandler/]: Failed to verify username but will let them in anyway!
[15Aug2026 15:54:42.446] [Server thread/DEBUG] [net.minecraftforge.fml.network.FMLHandshakeHandler/FMLHANDSHAKE]: Handshake complete!
[15Aug2026 15:54:42.481] [Server thread/INFO] [net.minecraft.network.play.ServerPlayNetHandler/]: Bhota lost connection: You logged in from another location
[15Aug2026 15:54:42.482] [Server thread/INFO] [net.minecraft.server.MinecraftServer/]: Bhota left the game
[15Aug2026 15:54:42.497] [Server thread/INFO] [net.minecraftforge.common.AdvancementLoadFix/]: Using new advancement loading for net.minecraft.advancements.PlayerAdvancements@417339ee
[15Aug2026 15:54:42.508] [Server thread/WARN] [net.minecraft.network.NetworkManager/]: handleDisconnection() called twice
[15Aug2026 15:54:42.510] [Server thread/INFO] [net.minecraft.server.management.PlayerList/]: Bhota[/192.168.29.156:54788] logged in with entity id 666 at (-28.50022972197947, 4.0, -56.647757043362176)
[15Aug2026 15:54:42.510] [Server thread/DEBUG] [net.minecraftforge.network.NetworkFilters/]: Injected net.minecraftforge.network.VanillaConnectionNetworkFilter@3c084a9a into net.minecraft.network.NetworkManager@27daad0f
[15Aug2026 15:54:42.522] [Server thread/INFO] [net.minecraft.server.MinecraftServer/]: Bhota joined the game
[15Aug2026 15:54:42.644] [Render thread/INFO] [net.minecraft.client.gui.NewChatGui/]: [CHAT] Bhota left the game
[15Aug2026 15:54:42.645] [Render thread/INFO] [net.minecraft.client.gui.NewChatGui/]: [CHAT] Bhota joined the game
[15Aug2026 15:54:43.040] [Server thread/INFO] [net.minecraft.server.MinecraftServer/]: <Bhota> Bot online. Mention me and tell me what you want, or use !help.
[15Aug2026 15:54:47.520] [Netty Server IO #2/DEBUG] [net.minecraftforge.fml.network.NetworkRegistry/NETREGISTRY]: Channel 'fml:loginwrapper' : Vanilla acceptance test: ACCEPTED
[15Aug2026 15:54:47.520] [Netty Server IO #2/DEBUG] [net.minecraftforge.fml.network.NetworkRegistry/NETREGISTRY]: Channel 'fml:handshake' : Vanilla acceptance test: ACCEPTED
[15Aug2026 15:54:47.520] [Netty Server IO #2/DEBUG] [net.minecraftforge.fml.network.NetworkRegistry/NETREGISTRY]: Channel 'forge:split_11' : Vanilla acceptance test: ACCEPTED
[15Aug2026 15:54:47.520] [Netty Server IO #2/DEBUG] [net.minecraftforge.fml.network.NetworkRegistry/NETREGISTRY]: Channel 'minecraft:unregister' : Vanilla acceptance test: ACCEPTED
[15Aug2026 15:54:47.520] [Netty Server IO #2/DEBUG] [net.minecraftforge.fml.network.NetworkRegistry/NETREGISTRY]: Channel 'fml:play' : Vanilla acceptance test: ACCEPTED
[15Aug2026 15:54:47.520] [Netty Server IO #2/DEBUG] [net.minecraftforge.fml.network.NetworkRegistry/NETREGISTRY]: Channel 'minecraft:register' : Vanilla acceptance test: ACCEPTED
[15Aug2026 15:54:47.520] [Netty Server IO #2/DEBUG] [net.minecraftforge.fml.network.NetworkRegistry/NETREGISTRY]: Channel 'forge:split' : Vanilla acceptance test: ACCEPTED
[15Aug2026 15:54:47.520] [Netty Server IO #2/DEBUG] [net.minecraftforge.fml.network.NetworkRegistry/NETREGISTRY]: Accepting channel list from vanilla
[15Aug2026 15:54:47.520] [Netty Server IO #2/DEBUG] [net.minecraftforge.fml.network.FMLHandshakeHandler/FMLHANDSHAKE]: Starting new vanilla network connection.
[15Aug2026 15:54:47.891] [User Authenticator #60/WARN] [net.minecraft.network.login.ServerLoginNetHandler/]: Failed to verify username but will let them in anyway!
[15Aug2026 15:54:47.909] [Server thread/DEBUG] [net.minecraftforge.fml.network.FMLHandshakeHandler/FMLHANDSHAKE]: Handshake complete!
[15Aug2026 15:54:48.017] [Server thread/INFO] [net.minecraft.network.play.ServerPlayNetHandler/]: Bhota lost connection: You logged in from another location
[15Aug2026 15:54:48.017] [Server thread/INFO] [net.minecraft.server.MinecraftServer/]: Bhota left the game
[15Aug2026 15:54:48.025] [Server thread/INFO] [net.minecraft.server.management.PlayerList/]: Bhota[/192.168.29.156:54789] logged in with entity id 673 at (-28.50022972197947, 4.0, -56.647757043362176)
[15Aug2026 15:54:48.025] [Server thread/DEBUG] [net.minecraftforge.network.NetworkFilters/]: Injected net.minecraftforge.network.VanillaConnectionNetworkFilter@50c34c45 into net.minecraft.network.NetworkManager@724cdee6
[15Aug2026 15:54:48.049] [Server thread/INFO] [net.minecraft.server.MinecraftServer/]: Bhota joined the game
[15Aug2026 15:54:48.140] [Render thread/INFO] [net.minecraft.client.gui.NewChatGui/]: [CHAT] Bhota left the game
[15Aug2026 15:54:48.141] [Render thread/INFO] [net.minecraft.client.gui.NewChatGui/]: [CHAT] Bhota joined the game
[15Aug2026 15:54:48.275] [Server thread/INFO] [net.minecraft.server.MinecraftServer/]: <Bhota> Bot online. Mention me and tell me what you want, or use !help.
[15Aug2026 15:54:52.969] [Netty Server IO #3/DEBUG] [net.minecraftforge.fml.network.NetworkRegistry/NETREGISTRY]: Channel 'fml:loginwrapper' : Vanilla acceptance test: ACCEPTED
[15Aug2026 15:54:52.970] [Netty Server IO #3/DEBUG] [net.minecraftforge.fml.network.NetworkRegistry/NETREGISTRY]: Channel 'fml:handshake' : Vanilla acceptance test: ACCEPTED
[15Aug2026 15:54:52.970] [Netty Server IO #3/DEBUG] [net.minecraftforge.fml.network.NetworkRegistry/NETREGISTRY]: Channel 'forge:split_11' : Vanilla acceptance test: ACCEPTED
[15Aug2026 15:54:52.970] [Netty Server IO #3/DEBUG] [net.minecraftforge.fml.network.NetworkRegistry/NETREGISTRY]: Channel 'minecraft:unregister' : Vanilla acceptance test: ACCEPTED
[15Aug2026 15:54:52.970] [Netty Server IO #3/DEBUG] [net.minecraftforge.fml.network.NetworkRegistry/NETREGISTRY]: Channel 'fml:play' : Vanilla acceptance test: ACCEPTED
[15Aug2026 15:54:52.970] [Netty Server IO #3/DEBUG] [net.minecraftforge.fml.network.NetworkRegistry/NETREGISTRY]: Channel 'minecraft:register' : Vanilla acceptance test: ACCEPTED
[15Aug2026 15:54:52.970] [Netty Server IO #3/DEBUG] [net.minecraftforge.fml.network.NetworkRegistry/NETREGISTRY]: Channel 'forge:split' : Vanilla acceptance test: ACCEPTED
[15Aug2026 15:54:52.970] [Netty Server IO #3/DEBUG] [net.minecraftforge.fml.network.NetworkRegistry/NETREGISTRY]: Accepting channel list from vanilla
[15Aug2026 15:54:52.970] [Netty Server IO #3/DEBUG] [net.minecraftforge.fml.network.FMLHandshakeHandler/FMLHANDSHAKE]: Starting new vanilla network connection.
[15Aug2026 15:54:53.326] [User Authenticator #61/WARN] [net.minecraft.network.login.ServerLoginNetHandler/]: Failed to verify username but will let them in anyway!
[15Aug2026 15:54:53.358] [Server thread/DEBUG] [net.minecraftforge.fml.network.FMLHandshakeHandler/FMLHANDSHAKE]: Handshake complete!
[15Aug2026 15:54:53.405] [Server thread/INFO] [net.minecraft.network.play.ServerPlayNetHandler/]: Bhota lost connection: You logged in from another location
[15Aug2026 15:54:53.405] [Server thread/INFO] [net.minecraft.server.MinecraftServer/]: Bhota left the game
[15Aug2026 15:54:53.415] [Server thread/INFO] [net.minecraftforge.common.AdvancementLoadFix/]: Using new advancement loading for net.minecraft.advancements.PlayerAdvancements@176a0a03
[15Aug2026 15:54:53.422] [Render thread/INFO] [net.minecraft.client.gui.NewChatGui/]: [CHAT] Bhota left the game
[15Aug2026 15:54:53.457] [Server thread/WARN] [net.minecraft.network.NetworkManager/]: handleDisconnection() called twice
[15Aug2026 15:54:53.460] [Server thread/INFO] [net.minecraft.server.management.PlayerList/]: Bhota[/192.168.29.156:54790] logged in with entity id 685 at (-28.50022972197947, 4.0, -56.647757043362176)
[15Aug2026 15:54:53.461] [Server thread/DEBUG] [net.minecraftforge.network.NetworkFilters/]: Injected net.minecraftforge.network.VanillaConnectionNetworkFilter@860b190 into net.minecraft.network.NetworkManager@4bf5ed7d
[15Aug2026 15:54:53.468] [Server thread/INFO] [net.minecraft.server.MinecraftServer/]: Bhota joined the game
[15Aug2026 15:54:53.504] [Render thread/INFO] [net.minecraft.client.gui.NewChatGui/]: [CHAT] Bhota joined the game
[15Aug2026 15:54:53.662] [Server thread/INFO] [net.minecraft.server.MinecraftServer/]: <Bhota> Bot online. Mention me and tell me what you want, or use !help.
[15Aug2026 15:54:56.703] [Server thread/INFO] [net.minecraft.server.MinecraftServer/]: <Bhota> > retreatFrom(source="player_attack:Dev")
[15Aug2026 15:54:58.428] [Netty Server IO #0/DEBUG] [net.minecraftforge.fml.network.NetworkRegistry/NETREGISTRY]: Channel 'fml:loginwrapper' : Vanilla acceptance test: ACCEPTED
[15Aug2026 15:54:58.428] [Netty Server IO #0/DEBUG] [net.minecraftforge.fml.network.NetworkRegistry/NETREGISTRY]: Channel 'fml:handshake' : Vanilla acceptance test: ACCEPTED
[15Aug2026 15:54:58.428] [Netty Server IO #0/DEBUG] [net.minecraftforge.fml.network.NetworkRegistry/NETREGISTRY]: Channel 'forge:split_11' : Vanilla acceptance test: ACCEPTED
[15Aug2026 15:54:58.428] [Netty Server IO #0/DEBUG] [net.minecraftforge.fml.network.NetworkRegistry/NETREGISTRY]: Channel 'minecraft:unregister' : Vanilla acceptance test: ACCEPTED
[15Aug2026 15:54:58.428] [Netty Server IO #0/DEBUG] [net.minecraftforge.fml.network.NetworkRegistry/NETREGISTRY]: Channel 'fml:play' : Vanilla acceptance test: ACCEPTED
[15Aug2026 15:54:58.428] [Netty Server IO #0/DEBUG] [net.minecraftforge.fml.network.NetworkRegistry/NETREGISTRY]: Channel 'minecraft:register' : Vanilla acceptance test: ACCEPTED
[15Aug2026 15:54:58.428] [Netty Server IO #0/DEBUG] [net.minecraftforge.fml.network.NetworkRegistry/NETREGISTRY]: Channel 'forge:split' : Vanilla acceptance test: ACCEPTED
[15Aug2026 15:54:58.428] [Netty Server IO #0/DEBUG] [net.minecraftforge.fml.network.NetworkRegistry/NETREGISTRY]: Accepting channel list from vanilla
[15Aug2026 15:54:58.428] [Netty Server IO #0/DEBUG] [net.minecraftforge.fml.network.FMLHandshakeHandler/FMLHANDSHAKE]: Starting new vanilla network connection.
[15Aug2026 15:54:58.562] [Server thread/INFO] [net.minecraft.server.MinecraftServer/]: <Bhota> > endFlee()
[15Aug2026 15:54:58.737] [User Authenticator #62/WARN] [net.minecraft.network.login.ServerLoginNetHandler/]: Failed to verify username but will let them in anyway!
[15Aug2026 15:54:58.754] [Server thread/DEBUG] [net.minecraftforge.fml.network.FMLHandshakeHandler/FMLHANDSHAKE]: Handshake complete!
[15Aug2026 15:54:58.852] [Server thread/INFO] [net.minecraft.network.play.ServerPlayNetHandler/]: Bhota lost connection: You logged in from another location
[15Aug2026 15:54:58.852] [Server thread/INFO] [net.minecraft.server.MinecraftServer/]: Bhota left the game
[15Aug2026 15:54:58.861] [Server thread/INFO] [net.minecraft.server.management.PlayerList/]: Bhota[/192.168.29.156:54791] logged in with entity id 698 at (-28.424898748254016, 4.509373872579908, -65.50778899506847)
[15Aug2026 15:54:58.861] [Server thread/DEBUG] [net.minecraftforge.network.NetworkFilters/]: Injected net.minecraftforge.network.VanillaConnectionNetworkFilter@1cd15380 into net.minecraft.network.NetworkManager@4deff3b3
[15Aug2026 15:54:58.891] [Server thread/INFO] [net.minecraft.server.MinecraftServer/]: Bhota joined the game
[15Aug2026 15:54:59.068] [Render thread/INFO] [net.minecraft.client.gui.NewChatGui/]: [CHAT] Bhota left the game
[15Aug2026 15:54:59.069] [Render thread/INFO] [net.minecraft.client.gui.NewChatGui/]: [CHAT] Bhota joined the game
[15Aug2026 15:54:59.215] [Server thread/INFO] [net.minecraft.server.MinecraftServer/]: <Bhota> Bot online. Mention me and tell me what you want, or use !help.
[15Aug2026 15:55:02.056] [Server thread/INFO] [net.minecraft.server.MinecraftServer/]: <Bhota> > retreatFrom(source="player_attack:Dev")
[15Aug2026 15:55:03.877] [Netty Server IO #1/DEBUG] [net.minecraftforge.fml.network.NetworkRegistry/NETREGISTRY]: Channel 'fml:loginwrapper' : Vanilla acceptance test: ACCEPTED
[15Aug2026 15:55:03.877] [Netty Server IO #1/DEBUG] [net.minecraftforge.fml.network.NetworkRegistry/NETREGISTRY]: Channel 'fml:handshake' : Vanilla acceptance test: ACCEPTED
[15Aug2026 15:55:03.881] [Netty Server IO #1/DEBUG] [net.minecraftforge.fml.network.NetworkRegistry/NETREGISTRY]: Channel 'forge:split_11' : Vanilla acceptance test: ACCEPTED
[15Aug2026 15:55:03.881] [Netty Server IO #1/DEBUG] [net.minecraftforge.fml.network.NetworkRegistry/NETREGISTRY]: Channel 'minecraft:unregister' : Vanilla acceptance test: ACCEPTED
[15Aug2026 15:55:03.881] [Netty Server IO #1/DEBUG] [net.minecraftforge.fml.network.NetworkRegistry/NETREGISTRY]: Channel 'fml:play' : Vanilla acceptance test: ACCEPTED
[15Aug2026 15:55:03.881] [Netty Server IO #1/DEBUG] [net.minecraftforge.fml.network.NetworkRegistry/NETREGISTRY]: Channel 'minecraft:register' : Vanilla acceptance test: ACCEPTED
[15Aug2026 15:55:03.881] [Netty Server IO #1/DEBUG] [net.minecraftforge.fml.network.NetworkRegistry/NETREGISTRY]: Channel 'forge:split' : Vanilla acceptance test: ACCEPTED
[15Aug2026 15:55:03.894] [Netty Server IO #1/DEBUG] [net.minecraftforge.fml.network.NetworkRegistry/NETREGISTRY]: Accepting channel list from vanilla
[15Aug2026 15:55:03.895] [Netty Server IO #1/DEBUG] [net.minecraftforge.fml.network.FMLHandshakeHandler/FMLHANDSHAKE]: Starting new vanilla network connection.
[15Aug2026 15:55:04.605] [User Authenticator #63/WARN] [net.minecraft.network.login.ServerLoginNetHandler/]: Failed to verify username but will let them in anyway!
[15Aug2026 15:55:04.656] [Server thread/DEBUG] [net.minecraftforge.fml.network.FMLHandshakeHandler/FMLHANDSHAKE]: Handshake complete!
[15Aug2026 15:55:04.707] [Server thread/INFO] [net.minecraftforge.common.AdvancementLoadFix/]: Using new advancement loading for net.minecraft.advancements.PlayerAdvancements@1855b090
[15Aug2026 15:55:04.755] [Server thread/INFO] [net.minecraft.network.play.ServerPlayNetHandler/]: Bhota lost connection: You logged in from another location
[15Aug2026 15:55:04.755] [Server thread/INFO] [net.minecraft.server.MinecraftServer/]: Bhota left the game
[15Aug2026 15:55:04.762] [Server thread/INFO] [net.minecraft.server.management.PlayerList/]: Bhota[/192.168.29.156:54792] logged in with entity id 705 at (-24.39468051139595, 5.02442408821368, -71.58900090696449)
[15Aug2026 15:55:04.762] [Server thread/DEBUG] [net.minecraftforge.network.NetworkFilters/]: Injected net.minecraftforge.network.VanillaConnectionNetworkFilter@160d894 into net.minecraft.network.NetworkManager@4c146e83
[15Aug2026 15:55:04.771] [Server thread/INFO] [net.minecraft.server.MinecraftServer/]: Bhota joined the game
[15Aug2026 15:55:04.851] [Render thread/INFO] [net.minecraft.client.gui.NewChatGui/]: [CHAT] Bhota left the game
[15Aug2026 15:55:04.852] [Render thread/INFO] [net.minecraft.client.gui.NewChatGui/]: [CHAT] Bhota joined the game
[15Aug2026 15:55:04.955] [Server thread/INFO] [net.minecraft.server.MinecraftServer/]: <Bhota> Bot online. Mention me and tell me what you want, or use !help.
[15Aug2026 15:55:07.948] [Server thread/INFO] [net.minecraft.server.MinecraftServer/]: <Bhota> > retreatFrom(source="player_attack:Dev")
[15Aug2026 15:55:08.026] [Server thread/INFO] [net.minecraft.server.MinecraftServer/]: <Bhota> > endFlee()
[15Aug2026 15:55:09.722] [Netty Server IO #2/DEBUG] [net.minecraftforge.fml.network.NetworkRegistry/NETREGISTRY]: Channel 'fml:loginwrapper' : Vanilla acceptance test: ACCEPTED
[15Aug2026 15:55:09.722] [Netty Server IO #2/DEBUG] [net.minecraftforge.fml.network.NetworkRegistry/NETREGISTRY]: Channel 'fml:handshake' : Vanilla acceptance test: ACCEPTED
[15Aug2026 15:55:09.722] [Netty Server IO #2/DEBUG] [net.minecraftforge.fml.network.NetworkRegistry/NETREGISTRY]: Channel 'forge:split_11' : Vanilla acceptance test: ACCEPTED
[15Aug2026 15:55:09.722] [Netty Server IO #2/DEBUG] [net.minecraftforge.fml.network.NetworkRegistry/NETREGISTRY]: Channel 'minecraft:unregister' : Vanilla acceptance test: ACCEPTED
[15Aug2026 15:55:09.722] [Netty Server IO #2/DEBUG] [net.minecraftforge.fml.network.NetworkRegistry/NETREGISTRY]: Channel 'fml:play' : Vanilla acceptance test: ACCEPTED
[15Aug2026 15:55:09.722] [Netty Server IO #2/DEBUG] [net.minecraftforge.fml.network.NetworkRegistry/NETREGISTRY]: Channel 'minecraft:register' : Vanilla acceptance test: ACCEPTED
[15Aug2026 15:55:09.723] [Netty Server IO #2/DEBUG] [net.minecraftforge.fml.network.NetworkRegistry/NETREGISTRY]: Channel 'forge:split' : Vanilla acceptance test: ACCEPTED
[15Aug2026 15:55:09.723] [Netty Server IO #2/DEBUG] [net.minecraftforge.fml.network.NetworkRegistry/NETREGISTRY]: Accepting channel list from vanilla
[15Aug2026 15:55:09.723] [Netty Server IO #2/DEBUG] [net.minecraftforge.fml.network.FMLHandshakeHandler/FMLHANDSHAKE]: Starting new vanilla network connection.
[15Aug2026 15:55:10.046] [User Authenticator #64/WARN] [net.minecraft.network.login.ServerLoginNetHandler/]: Failed to verify username but will let them in anyway!
[15Aug2026 15:55:10.052] [Server thread/DEBUG] [net.minecraftforge.fml.network.FMLHandshakeHandler/FMLHANDSHAKE]: Handshake complete!
[15Aug2026 15:55:10.108] [Server thread/INFO] [net.minecraft.network.play.ServerPlayNetHandler/]: Bhota lost connection: You logged in from another location
[15Aug2026 15:55:10.108] [Server thread/INFO] [net.minecraft.server.MinecraftServer/]: Bhota left the game
[15Aug2026 15:55:10.118] [Server thread/INFO] [net.minecraftforge.common.AdvancementLoadFix/]: Using new advancement loading for net.minecraft.advancements.PlayerAdvancements@6e694bb8
[15Aug2026 15:55:10.129] [Render thread/INFO] [net.minecraft.client.gui.NewChatGui/]: [CHAT] Bhota left the game
[15Aug2026 15:55:10.158] [Server thread/WARN] [net.minecraft.network.NetworkManager/]: handleDisconnection() called twice
[15Aug2026 15:55:10.160] [Server thread/INFO] [net.minecraft.server.management.PlayerList/]: Bhota[/192.168.29.156:54793] logged in with entity id 720 at (-28.498789024069684, 4.0, -80.5)
[15Aug2026 15:55:10.162] [Server thread/DEBUG] [net.minecraftforge.network.NetworkFilters/]: Injected net.minecraftforge.network.VanillaConnectionNetworkFilter@3323d8c5 into net.minecraft.network.NetworkManager@54cdc6b3
[15Aug2026 15:55:10.168] [Server thread/INFO] [net.minecraft.server.MinecraftServer/]: Bhota joined the game
[15Aug2026 15:55:10.265] [Render thread/INFO] [net.minecraft.client.gui.NewChatGui/]: [CHAT] Bhota joined the game
[15Aug2026 15:55:10.315] [Server thread/INFO] [net.minecraft.server.MinecraftServer/]: <Bhota> Bot online. Mention me and tell me what you want, or use !help.
[15Aug2026 15:55:14.179] [Server thread/INFO] [net.minecraft.server.MinecraftServer/]: <Bhota> > startFight(target="zombie")
[15Aug2026 15:55:15.135] [Netty Server IO #3/DEBUG] [net.minecraftforge.fml.network.NetworkRegistry/NETREGISTRY]: Channel 'fml:loginwrapper' : Vanilla acceptance test: ACCEPTED
[15Aug2026 15:55:15.136] [Netty Server IO #3/DEBUG] [net.minecraftforge.fml.network.NetworkRegistry/NETREGISTRY]: Channel 'fml:handshake' : Vanilla acceptance test: ACCEPTED
[15Aug2026 15:55:15.136] [Netty Server IO #3/DEBUG] [net.minecraftforge.fml.network.NetworkRegistry/NETREGISTRY]: Channel 'forge:split_11' : Vanilla acceptance test: ACCEPTED
[15Aug2026 15:55:15.136] [Netty Server IO #3/DEBUG] [net.minecraftforge.fml.network.NetworkRegistry/NETREGISTRY]: Channel 'minecraft:unregister' : Vanilla acceptance test: ACCEPTED
[15Aug2026 15:55:15.136] [Netty Server IO #3/DEBUG] [net.minecraftforge.fml.network.NetworkRegistry/NETREGISTRY]: Channel 'fml:play' : Vanilla acceptance test: ACCEPTED
[15Aug2026 15:55:15.136] [Netty Server IO #3/DEBUG] [net.minecraftforge.fml.network.NetworkRegistry/NETREGISTRY]: Channel 'minecraft:register' : Vanilla acceptance test: ACCEPTED
[15Aug2026 15:55:15.136] [Netty Server IO #3/DEBUG] [net.minecraftforge.fml.network.NetworkRegistry/NETREGISTRY]: Channel 'forge:split' : Vanilla acceptance test: ACCEPTED
[15Aug2026 15:55:15.136] [Netty Server IO #3/DEBUG] [net.minecraftforge.fml.network.NetworkRegistry/NETREGISTRY]: Accepting channel list from vanilla
[15Aug2026 15:55:15.136] [Netty Server IO #3/DEBUG] [net.minecraftforge.fml.network.FMLHandshakeHandler/FMLHANDSHAKE]: Starting new vanilla network connection.
[15Aug2026 15:55:15.462] [User Authenticator #65/WARN] [net.minecraft.network.login.ServerLoginNetHandler/]: Failed to verify username but will let them in anyway!
[15Aug2026 15:55:15.509] [Server thread/DEBUG] [net.minecraftforge.fml.network.FMLHandshakeHandler/FMLHANDSHAKE]: Handshake complete!
[15Aug2026 15:55:15.604] [Server thread/INFO] [net.minecraft.network.play.ServerPlayNetHandler/]: Bhota lost connection: You logged in from another location
[15Aug2026 15:55:15.604] [Server thread/INFO] [net.minecraft.server.MinecraftServer/]: Bhota left the game
[15Aug2026 15:55:15.617] [Server thread/INFO] [net.minecraft.server.management.PlayerList/]: Bhota[/192.168.29.156:54794] logged in with entity id 729 at (-23.512780291123732, 4.0, -77.4446309484604)
[15Aug2026 15:55:15.618] [Server thread/DEBUG] [net.minecraftforge.network.NetworkFilters/]: Injected net.minecraftforge.network.VanillaConnectionNetworkFilter@22b6e7d1 into net.minecraft.network.NetworkManager@7cac4850
[15Aug2026 15:55:15.621] [Server thread/INFO] [net.minecraft.server.MinecraftServer/]: Bhota joined the game
[15Aug2026 15:55:15.718] [Render thread/INFO] [net.minecraft.client.gui.NewChatGui/]: [CHAT] Bhota left the game
[15Aug2026 15:55:15.719] [Render thread/INFO] [net.minecraft.client.gui.NewChatGui/]: [CHAT] Bhota joined the game
[15Aug2026 15:55:15.761] [Server thread/INFO] [net.minecraft.server.MinecraftServer/]: <Bhota> Bot online. Mention me and tell me what you want, or use !help.
[15Aug2026 15:55:15.839] [Server thread/INFO] [net.minecraft.server.MinecraftServer/]: <Bhota> > startFight(target="zombie")
[15Aug2026 15:55:18.482] [Server thread/DEBUG] [net.minecraftforge.fml.FMLWorldPersistenceHook/WP]: Gathering id map for writing to world save New World
[15Aug2026 15:55:18.487] [Server thread/DEBUG] [net.minecraftforge.fml.FMLWorldPersistenceHook/WP]: ID Map collection complete New World
[15Aug2026 15:55:20.599] [Netty Server IO #0/DEBUG] [net.minecraftforge.fml.network.NetworkRegistry/NETREGISTRY]: Channel 'fml:loginwrapper' : Vanilla acceptance test: ACCEPTED
[15Aug2026 15:55:20.600] [Netty Server IO #0/DEBUG] [net.minecraftforge.fml.network.NetworkRegistry/NETREGISTRY]: Channel 'fml:handshake' : Vanilla acceptance test: ACCEPTED
[15Aug2026 15:55:20.600] [Netty Server IO #0/DEBUG] [net.minecraftforge.fml.network.NetworkRegistry/NETREGISTRY]: Channel 'forge:split_11' : Vanilla acceptance test: ACCEPTED
[15Aug2026 15:55:20.600] [Netty Server IO #0/DEBUG] [net.minecraftforge.fml.network.NetworkRegistry/NETREGISTRY]: Channel 'minecraft:unregister' : Vanilla acceptance test: ACCEPTED
[15Aug2026 15:55:20.600] [Netty Server IO #0/DEBUG] [net.minecraftforge.fml.network.NetworkRegistry/NETREGISTRY]: Channel 'fml:play' : Vanilla acceptance test: ACCEPTED
[15Aug2026 15:55:20.600] [Netty Server IO #0/DEBUG] [net.minecraftforge.fml.network.NetworkRegistry/NETREGISTRY]: Channel 'minecraft:register' : Vanilla acceptance test: ACCEPTED
[15Aug2026 15:55:20.600] [Netty Server IO #0/DEBUG] [net.minecraftforge.fml.network.NetworkRegistry/NETREGISTRY]: Channel 'forge:split' : Vanilla acceptance test: ACCEPTED
[15Aug2026 15:55:20.600] [Netty Server IO #0/DEBUG] [net.minecraftforge.fml.network.NetworkRegistry/NETREGISTRY]: Accepting channel list from vanilla
[15Aug2026 15:55:20.600] [Netty Server IO #0/DEBUG] [net.minecraftforge.fml.network.FMLHandshakeHandler/FMLHANDSHAKE]: Starting new vanilla network connection.
[15Aug2026 15:55:20.885] [User Authenticator #66/WARN] [net.minecraft.network.login.ServerLoginNetHandler/]: Failed to verify username but will let them in anyway!
[15Aug2026 15:55:20.905] [Server thread/DEBUG] [net.minecraftforge.fml.network.FMLHandshakeHandler/FMLHANDSHAKE]: Handshake complete!
[15Aug2026 15:55:20.949] [Server thread/INFO] [net.minecraftforge.common.AdvancementLoadFix/]: Using new advancement loading for net.minecraft.advancements.PlayerAdvancements@63599162
[15Aug2026 15:55:21.003] [Server thread/INFO] [net.minecraft.network.play.ServerPlayNetHandler/]: Bhota lost connection: You logged in from another location
[15Aug2026 15:55:21.003] [Server thread/INFO] [net.minecraft.server.MinecraftServer/]: Bhota left the game
[15Aug2026 15:55:21.013] [Server thread/INFO] [net.minecraft.server.management.PlayerList/]: Bhota[/192.168.29.156:54795] logged in with entity id 751 at (-14.5, 4.0, -75.5)
[15Aug2026 15:55:21.014] [Server thread/DEBUG] [net.minecraftforge.network.NetworkFilters/]: Injected net.minecraftforge.network.VanillaConnectionNetworkFilter@7d5552c into net.minecraft.network.NetworkManager@1906d694
[15Aug2026 15:55:21.019] [Server thread/INFO] [net.minecraft.server.MinecraftServer/]: Bhota joined the game
[15Aug2026 15:55:21.124] [Render thread/INFO] [net.minecraft.client.gui.NewChatGui/]: [CHAT] Bhota left the game
[15Aug2026 15:55:21.124] [Render thread/INFO] [net.minecraft.client.gui.NewChatGui/]: [CHAT] Bhota joined the game
[15Aug2026 15:55:21.175] [Server thread/INFO] [net.minecraft.server.MinecraftServer/]: <Bhota> Bot online. Mention me and tell me what you want, or use !help.
[15Aug2026 15:55:25.958] [Netty Server IO #1/DEBUG] [net.minecraftforge.fml.network.NetworkRegistry/NETREGISTRY]: Channel 'fml:loginwrapper' : Vanilla acceptance test: ACCEPTED
[15Aug2026 15:55:25.958] [Netty Server IO #1/DEBUG] [net.minecraftforge.fml.network.NetworkRegistry/NETREGISTRY]: Channel 'fml:handshake' : Vanilla acceptance test: ACCEPTED
[15Aug2026 15:55:25.958] [Netty Server IO #1/DEBUG] [net.minecraftforge.fml.network.NetworkRegistry/NETREGISTRY]: Channel 'forge:split_11' : Vanilla acceptance test: ACCEPTED
[15Aug2026 15:55:25.959] [Netty Server IO #1/DEBUG] [net.minecraftforge.fml.network.NetworkRegistry/NETREGISTRY]: Channel 'minecraft:unregister' : Vanilla acceptance test: ACCEPTED
[15Aug2026 15:55:25.959] [Netty Server IO #1/DEBUG] [net.minecraftforge.fml.network.NetworkRegistry/NETREGISTRY]: Channel 'fml:play' : Vanilla acceptance test: ACCEPTED
[15Aug2026 15:55:25.959] [Netty Server IO #1/DEBUG] [net.minecraftforge.fml.network.NetworkRegistry/NETREGISTRY]: Channel 'minecraft:register' : Vanilla acceptance test: ACCEPTED
[15Aug2026 15:55:25.959] [Netty Server IO #1/DEBUG] [net.minecraftforge.fml.network.NetworkRegistry/NETREGISTRY]: Channel 'forge:split' : Vanilla acceptance test: ACCEPTED
[15Aug2026 15:55:25.959] [Netty Server IO #1/DEBUG] [net.minecraftforge.fml.network.NetworkRegistry/NETREGISTRY]: Accepting channel list from vanilla
[15Aug2026 15:55:25.959] [Netty Server IO #1/DEBUG] [net.minecraftforge.fml.network.FMLHandshakeHandler/FMLHANDSHAKE]: Starting new vanilla network connection.
[15Aug2026 15:55:26.345] [User Authenticator #67/WARN] [net.minecraft.network.login.ServerLoginNetHandler/]: Failed to verify username but will let them in anyway!
[15Aug2026 15:55:26.352] [Server thread/DEBUG] [net.minecraftforge.fml.network.FMLHandshakeHandler/FMLHANDSHAKE]: Handshake complete!
[15Aug2026 15:55:26.490] [Server thread/INFO] [net.minecraft.network.play.ServerPlayNetHandler/]: Bhota lost connection: You logged in from another location
[15Aug2026 15:55:26.490] [Server thread/INFO] [net.minecraft.server.MinecraftServer/]: Bhota left the game
[15Aug2026 15:55:26.501] [Server thread/INFO] [net.minecraftforge.common.AdvancementLoadFix/]: Using new advancement loading for net.minecraft.advancements.PlayerAdvancements@7cb0fb98
[15Aug2026 15:55:26.510] [Render thread/INFO] [net.minecraft.client.gui.NewChatGui/]: [CHAT] Bhota left the game
[15Aug2026 15:55:26.520] [Server thread/WARN] [net.minecraft.network.NetworkManager/]: handleDisconnection() called twice
[15Aug2026 15:55:26.522] [Server thread/INFO] [net.minecraft.server.management.PlayerList/]: Bhota[/192.168.29.156:54796] logged in with entity id 759 at (-14.5, 4.0, -75.5)
[15Aug2026 15:55:26.522] [Server thread/DEBUG] [net.minecraftforge.network.NetworkFilters/]: Injected net.minecraftforge.network.VanillaConnectionNetworkFilter@3b20eaf1 into net.minecraft.network.NetworkManager@5ff06200
[15Aug2026 15:55:26.533] [Server thread/INFO] [net.minecraft.server.MinecraftServer/]: Bhota joined the game
[15Aug2026 15:55:26.648] [Render thread/INFO] [net.minecraft.client.gui.NewChatGui/]: [CHAT] Bhota joined the game
[15Aug2026 15:55:26.712] [Server thread/INFO] [net.minecraft.server.MinecraftServer/]: <Bhota> Bot online. Mention me and tell me what you want, or use !help.
[15Aug2026 15:55:31.534] [Netty Server IO #2/DEBUG] [net.minecraftforge.fml.network.NetworkRegistry/NETREGISTRY]: Channel 'fml:loginwrapper' : Vanilla acceptance test: ACCEPTED
[15Aug2026 15:55:31.534] [Netty Server IO #2/DEBUG] [net.minecraftforge.fml.network.NetworkRegistry/NETREGISTRY]: Channel 'fml:handshake' : Vanilla acceptance test: ACCEPTED
[15Aug2026 15:55:31.534] [Netty Server IO #2/DEBUG] [net.minecraftforge.fml.network.NetworkRegistry/NETREGISTRY]: Channel 'forge:split_11' : Vanilla acceptance test: ACCEPTED
[15Aug2026 15:55:31.534] [Netty Server IO #2/DEBUG] [net.minecraftforge.fml.network.NetworkRegistry/NETREGISTRY]: Channel 'minecraft:unregister' : Vanilla acceptance test: ACCEPTED
[15Aug2026 15:55:31.534] [Netty Server IO #2/DEBUG] [net.minecraftforge.fml.network.NetworkRegistry/NETREGISTRY]: Channel 'fml:play' : Vanilla acceptance test: ACCEPTED
[15Aug2026 15:55:31.534] [Netty Server IO #2/DEBUG] [net.minecraftforge.fml.network.NetworkRegistry/NETREGISTRY]: Channel 'minecraft:register' : Vanilla acceptance test: ACCEPTED
[15Aug2026 15:55:31.534] [Netty Server IO #2/DEBUG] [net.minecraftforge.fml.network.NetworkRegistry/NETREGISTRY]: Channel 'forge:split' : Vanilla acceptance test: ACCEPTED
[15Aug2026 15:55:31.534] [Netty Server IO #2/DEBUG] [net.minecraftforge.fml.network.NetworkRegistry/NETREGISTRY]: Accepting channel list from vanilla
[15Aug2026 15:55:31.534] [Netty Server IO #2/DEBUG] [net.minecraftforge.fml.network.FMLHandshakeHandler/FMLHANDSHAKE]: Starting new vanilla network connection.
[15Aug2026 15:55:31.978] [User Authenticator #68/WARN] [net.minecraft.network.login.ServerLoginNetHandler/]: Failed to verify username but will let them in anyway!
[15Aug2026 15:55:31.998] [Server thread/DEBUG] [net.minecraftforge.fml.network.FMLHandshakeHandler/FMLHANDSHAKE]: Handshake complete!
[15Aug2026 15:55:32.109] [Server thread/INFO] [net.minecraft.network.play.ServerPlayNetHandler/]: Bhota lost connection: You logged in from another location
[15Aug2026 15:55:32.109] [Server thread/INFO] [net.minecraft.server.MinecraftServer/]: Bhota left the game
[15Aug2026 15:55:32.117] [Server thread/INFO] [net.minecraft.server.management.PlayerList/]: Bhota[/192.168.29.156:54797] logged in with entity id 768 at (-14.5, 4.0, -75.5)
[15Aug2026 15:55:32.117] [Server thread/DEBUG] [net.minecraftforge.network.NetworkFilters/]: Injected net.minecraftforge.network.VanillaConnectionNetworkFilter@3a15e418 into net.minecraft.network.NetworkManager@5efe87fd
[15Aug2026 15:55:32.121] [Server thread/INFO] [net.minecraft.server.MinecraftServer/]: Bhota joined the game
[15Aug2026 15:55:32.198] [Render thread/INFO] [net.minecraft.client.gui.NewChatGui/]: [CHAT] Bhota left the game
[15Aug2026 15:55:32.199] [Render thread/INFO] [net.minecraft.client.gui.NewChatGui/]: [CHAT] Bhota joined the game
[15Aug2026 15:55:32.356] [Server thread/INFO] [net.minecraft.server.MinecraftServer/]: <Bhota> Bot online. Mention me and tell me what you want, or use !help.
[15Aug2026 15:55:37.072] [Netty Server IO #3/DEBUG] [net.minecraftforge.fml.network.NetworkRegistry/NETREGISTRY]: Channel 'fml:loginwrapper' : Vanilla acceptance test: ACCEPTED
[15Aug2026 15:55:37.072] [Netty Server IO #3/DEBUG] [net.minecraftforge.fml.network.NetworkRegistry/NETREGISTRY]: Channel 'fml:handshake' : Vanilla acceptance test: ACCEPTED
[15Aug2026 15:55:37.072] [Netty Server IO #3/DEBUG] [net.minecraftforge.fml.network.NetworkRegistry/NETREGISTRY]: Channel 'forge:split_11' : Vanilla acceptance test: ACCEPTED
[15Aug2026 15:55:37.072] [Netty Server IO #3/DEBUG] [net.minecraftforge.fml.network.NetworkRegistry/NETREGISTRY]: Channel 'minecraft:unregister' : Vanilla acceptance test: ACCEPTED
[15Aug2026 15:55:37.072] [Netty Server IO #3/DEBUG] [net.minecraftforge.fml.network.NetworkRegistry/NETREGISTRY]: Channel 'fml:play' : Vanilla acceptance test: ACCEPTED
[15Aug2026 15:55:37.072] [Netty Server IO #3/DEBUG] [net.minecraftforge.fml.network.NetworkRegistry/NETREGISTRY]: Channel 'minecraft:register' : Vanilla acceptance test: ACCEPTED
[15Aug2026 15:55:37.072] [Netty Server IO #3/DEBUG] [net.minecraftforge.fml.network.NetworkRegistry/NETREGISTRY]: Channel 'forge:split' : Vanilla acceptance test: ACCEPTED
[15Aug2026 15:55:37.073] [Netty Server IO #3/DEBUG] [net.minecraftforge.fml.network.NetworkRegistry/NETREGISTRY]: Accepting channel list from vanilla
[15Aug2026 15:55:37.073] [Netty Server IO #3/DEBUG] [net.minecraftforge.fml.network.FMLHandshakeHandler/FMLHANDSHAKE]: Starting new vanilla network connection.
[15Aug2026 15:55:37.486] [User Authenticator #69/WARN] [net.minecraft.network.login.ServerLoginNetHandler/]: Failed to verify username but will let them in anyway!
[15Aug2026 15:55:37.505] [Server thread/DEBUG] [net.minecraftforge.fml.network.FMLHandshakeHandler/FMLHANDSHAKE]: Handshake complete!
[15Aug2026 15:55:37.562] [Server thread/INFO] [net.minecraftforge.common.AdvancementLoadFix/]: Using new advancement loading for net.minecraft.advancements.PlayerAdvancements@17aa0a6c
[15Aug2026 15:55:37.608] [Server thread/INFO] [net.minecraft.network.play.ServerPlayNetHandler/]: Bhota lost connection: You logged in from another location
[15Aug2026 15:55:37.608] [Server thread/INFO] [net.minecraft.server.MinecraftServer/]: Bhota left the game
[15Aug2026 15:55:37.616] [Server thread/INFO] [net.minecraft.server.management.PlayerList/]: Bhota[/192.168.29.156:54799] logged in with entity id 777 at (-14.5, 4.0, -75.5)
[15Aug2026 15:55:37.616] [Server thread/DEBUG] [net.minecraftforge.network.NetworkFilters/]: Injected net.minecraftforge.network.VanillaConnectionNetworkFilter@3a2cc9e5 into net.minecraft.network.NetworkManager@4424377d
[15Aug2026 15:55:37.620] [Server thread/INFO] [net.minecraft.server.MinecraftServer/]: Bhota joined the game
[15Aug2026 15:55:37.714] [Render thread/INFO] [net.minecraft.client.gui.NewChatGui/]: [CHAT] Bhota left the game
[15Aug2026 15:55:37.715] [Render thread/INFO] [net.minecraft.client.gui.NewChatGui/]: [CHAT] Bhota joined the game
[15Aug2026 15:55:37.767] [Server thread/INFO] [net.minecraft.server.MinecraftServer/]: <Bhota> Bot online. Mention me and tell me what you want, or use !help.
[15Aug2026 15:55:42.576] [Netty Server IO #0/DEBUG] [net.minecraftforge.fml.network.NetworkRegistry/NETREGISTRY]: Channel 'fml:loginwrapper' : Vanilla acceptance test: ACCEPTED
[15Aug2026 15:55:42.576] [Netty Server IO #0/DEBUG] [net.minecraftforge.fml.network.NetworkRegistry/NETREGISTRY]: Channel 'fml:handshake' : Vanilla acceptance test: ACCEPTED
[15Aug2026 15:55:42.577] [Netty Server IO #0/DEBUG] [net.minecraftforge.fml.network.NetworkRegistry/NETREGISTRY]: Channel 'forge:split_11' : Vanilla acceptance test: ACCEPTED
[15Aug2026 15:55:42.577] [Netty Server IO #0/DEBUG] [net.minecraftforge.fml.network.NetworkRegistry/NETREGISTRY]: Channel 'minecraft:unregister' : Vanilla acceptance test: ACCEPTED
[15Aug2026 15:55:42.577] [Netty Server IO #0/DEBUG] [net.minecraftforge.fml.network.NetworkRegistry/NETREGISTRY]: Channel 'fml:play' : Vanilla acceptance test: ACCEPTED
[15Aug2026 15:55:42.577] [Netty Server IO #0/DEBUG] [net.minecraftforge.fml.network.NetworkRegistry/NETREGISTRY]: Channel 'minecraft:register' : Vanilla acceptance test: ACCEPTED
[15Aug2026 15:55:42.577] [Netty Server IO #0/DEBUG] [net.minecraftforge.fml.network.NetworkRegistry/NETREGISTRY]: Channel 'forge:split' : Vanilla acceptance test: ACCEPTED
[15Aug2026 15:55:42.577] [Netty Server IO #0/DEBUG] [net.minecraftforge.fml.network.NetworkRegistry/NETREGISTRY]: Accepting channel list from vanilla
[15Aug2026 15:55:42.577] [Netty Server IO #0/DEBUG] [net.minecraftforge.fml.network.FMLHandshakeHandler/FMLHANDSHAKE]: Starting new vanilla network connection.
[15Aug2026 15:55:42.907] [User Authenticator #70/WARN] [net.minecraft.network.login.ServerLoginNetHandler/]: Failed to verify username but will let them in anyway!
[15Aug2026 15:55:42.956] [Server thread/DEBUG] [net.minecraftforge.fml.network.FMLHandshakeHandler/FMLHANDSHAKE]: Handshake complete!
[15Aug2026 15:55:43.009] [Server thread/INFO] [net.minecraft.network.play.ServerPlayNetHandler/]: Bhota lost connection: You logged in from another location
[15Aug2026 15:55:43.009] [Server thread/INFO] [net.minecraft.server.MinecraftServer/]: Bhota left the game
[15Aug2026 15:55:43.027] [Server thread/INFO] [net.minecraftforge.common.AdvancementLoadFix/]: Using new advancement loading for net.minecraft.advancements.PlayerAdvancements@694587a1
[15Aug2026 15:55:43.042] [Render thread/INFO] [net.minecraft.client.gui.NewChatGui/]: [CHAT] Bhota left the game
[15Aug2026 15:55:43.081] [Server thread/WARN] [net.minecraft.network.NetworkManager/]: handleDisconnection() called twice
[15Aug2026 15:55:43.103] [Server thread/INFO] [net.minecraft.server.management.PlayerList/]: Bhota[/192.168.29.156:54802] logged in with entity id 783 at (-14.5, 4.0, -75.5)
[15Aug2026 15:55:43.104] [Server thread/DEBUG] [net.minecraftforge.network.NetworkFilters/]: Injected net.minecraftforge.network.VanillaConnectionNetworkFilter@1364139c into net.minecraft.network.NetworkManager@6d3b9068
[15Aug2026 15:55:43.133] [Server thread/INFO] [net.minecraft.server.MinecraftServer/]: Bhota joined the game
[15Aug2026 15:55:43.224] [Render thread/INFO] [net.minecraft.client.gui.NewChatGui/]: [CHAT] Bhota joined the game
[15Aug2026 15:55:43.423] [Server thread/INFO] [net.minecraft.server.MinecraftServer/]: <Bhota> Bot online. Mention me and tell me what you want, or use !help.
[15Aug2026 15:55:48.063] [Netty Server IO #1/DEBUG] [net.minecraftforge.fml.network.NetworkRegistry/NETREGISTRY]: Channel 'fml:loginwrapper' : Vanilla acceptance test: ACCEPTED
[15Aug2026 15:55:48.063] [Netty Server IO #1/DEBUG] [net.minecraftforge.fml.network.NetworkRegistry/NETREGISTRY]: Channel 'fml:handshake' : Vanilla acceptance test: ACCEPTED
[15Aug2026 15:55:48.063] [Netty Server IO #1/DEBUG] [net.minecraftforge.fml.network.NetworkRegistry/NETREGISTRY]: Channel 'forge:split_11' : Vanilla acceptance test: ACCEPTED
[15Aug2026 15:55:48.063] [Netty Server IO #1/DEBUG] [net.minecraftforge.fml.network.NetworkRegistry/NETREGISTRY]: Channel 'minecraft:unregister' : Vanilla acceptance test: ACCEPTED
[15Aug2026 15:55:48.063] [Netty Server IO #1/DEBUG] [net.minecraftforge.fml.network.NetworkRegistry/NETREGISTRY]: Channel 'fml:play' : Vanilla acceptance test: ACCEPTED
[15Aug2026 15:55:48.063] [Netty Server IO #1/DEBUG] [net.minecraftforge.fml.network.NetworkRegistry/NETREGISTRY]: Channel 'minecraft:register' : Vanilla acceptance test: ACCEPTED
[15Aug2026 15:55:48.063] [Netty Server IO #1/DEBUG] [net.minecraftforge.fml.network.NetworkRegistry/NETREGISTRY]: Channel 'forge:split' : Vanilla acceptance test: ACCEPTED
[15Aug2026 15:55:48.063] [Netty Server IO #1/DEBUG] [net.minecraftforge.fml.network.NetworkRegistry/NETREGISTRY]: Accepting channel list from vanilla
[15Aug2026 15:55:48.063] [Netty Server IO #1/DEBUG] [net.minecraftforge.fml.network.FMLHandshakeHandler/FMLHANDSHAKE]: Starting new vanilla network connection.
[15Aug2026 15:55:48.432] [User Authenticator #71/WARN] [net.minecraft.network.login.ServerLoginNetHandler/]: Failed to verify username but will let them in anyway!
[15Aug2026 15:55:48.451] [Server thread/DEBUG] [net.minecraftforge.fml.network.FMLHandshakeHandler/FMLHANDSHAKE]: Handshake complete!
[15Aug2026 15:55:48.554] [Server thread/INFO] [net.minecraft.network.play.ServerPlayNetHandler/]: Bhota lost connection: You logged in from another location
[15Aug2026 15:55:48.554] [Server thread/INFO] [net.minecraft.server.MinecraftServer/]: Bhota left the game
[15Aug2026 15:55:48.561] [Server thread/INFO] [net.minecraft.server.management.PlayerList/]: Bhota[/192.168.29.156:54803] logged in with entity id 798 at (-14.5, 4.0, -75.5)
[15Aug2026 15:55:48.561] [Server thread/DEBUG] [net.minecraftforge.network.NetworkFilters/]: Injected net.minecraftforge.network.VanillaConnectionNetworkFilter@5bd49707 into net.minecraft.network.NetworkManager@1c62ab4f
[15Aug2026 15:55:48.565] [Server thread/INFO] [net.minecraft.server.MinecraftServer/]: Bhota joined the game
[15Aug2026 15:55:48.674] [Render thread/INFO] [net.minecraft.client.gui.NewChatGui/]: [CHAT] Bhota left the game
[15Aug2026 15:55:48.674] [Render thread/INFO] [net.minecraft.client.gui.NewChatGui/]: [CHAT] Bhota joined the game
[15Aug2026 15:55:48.747] [Server thread/INFO] [net.minecraft.server.MinecraftServer/]: <Bhota> Bot online. Mention me and tell me what you want, or use !help.
[15Aug2026 15:55:53.515] [Netty Server IO #2/DEBUG] [net.minecraftforge.fml.network.NetworkRegistry/NETREGISTRY]: Channel 'fml:loginwrapper' : Vanilla acceptance test: ACCEPTED
[15Aug2026 15:55:53.515] [Netty Server IO #2/DEBUG] [net.minecraftforge.fml.network.NetworkRegistry/NETREGISTRY]: Channel 'fml:handshake' : Vanilla acceptance test: ACCEPTED
[15Aug2026 15:55:53.516] [Netty Server IO #2/DEBUG] [net.minecraftforge.fml.network.NetworkRegistry/NETREGISTRY]: Channel 'forge:split_11' : Vanilla acceptance test: ACCEPTED
[15Aug2026 15:55:53.516] [Netty Server IO #2/DEBUG] [net.minecraftforge.fml.network.NetworkRegistry/NETREGISTRY]: Channel 'minecraft:unregister' : Vanilla acceptance test: ACCEPTED
[15Aug2026 15:55:53.516] [Netty Server IO #2/DEBUG] [net.minecraftforge.fml.network.NetworkRegistry/NETREGISTRY]: Channel 'fml:play' : Vanilla acceptance test: ACCEPTED
[15Aug2026 15:55:53.516] [Netty Server IO #2/DEBUG] [net.minecraftforge.fml.network.NetworkRegistry/NETREGISTRY]: Channel 'minecraft:register' : Vanilla acceptance test: ACCEPTED
[15Aug2026 15:55:53.516] [Netty Server IO #2/DEBUG] [net.minecraftforge.fml.network.NetworkRegistry/NETREGISTRY]: Channel 'forge:split' : Vanilla acceptance test: ACCEPTED
[15Aug2026 15:55:53.516] [Netty Server IO #2/DEBUG] [net.minecraftforge.fml.network.NetworkRegistry/NETREGISTRY]: Accepting channel list from vanilla
[15Aug2026 15:55:53.516] [Netty Server IO #2/DEBUG] [net.minecraftforge.fml.network.FMLHandshakeHandler/FMLHANDSHAKE]: Starting new vanilla network connection.
[15Aug2026 15:55:53.831] [User Authenticator #72/WARN] [net.minecraft.network.login.ServerLoginNetHandler/]: Failed to verify username but will let them in anyway!
[15Aug2026 15:55:53.855] [Server thread/DEBUG] [net.minecraftforge.fml.network.FMLHandshakeHandler/FMLHANDSHAKE]: Handshake complete!
[15Aug2026 15:55:53.907] [Server thread/INFO] [net.minecraft.network.play.ServerPlayNetHandler/]: Bhota lost connection: You logged in from another location
[15Aug2026 15:55:53.908] [Server thread/INFO] [net.minecraft.server.MinecraftServer/]: Bhota left the game
[15Aug2026 15:55:53.914] [Server thread/INFO] [net.minecraftforge.common.AdvancementLoadFix/]: Using new advancement loading for net.minecraft.advancements.PlayerAdvancements@7cac3207
[15Aug2026 15:55:53.922] [Render thread/INFO] [net.minecraft.client.gui.NewChatGui/]: [CHAT] Bhota left the game
[15Aug2026 15:55:53.951] [Server thread/WARN] [net.minecraft.network.NetworkManager/]: handleDisconnection() called twice
[15Aug2026 15:55:53.954] [Server thread/INFO] [net.minecraft.server.management.PlayerList/]: Bhota[/192.168.29.156:54804] logged in with entity id 806 at (-14.5, 3.0, -75.5)
[15Aug2026 15:55:53.955] [Server thread/DEBUG] [net.minecraftforge.network.NetworkFilters/]: Injected net.minecraftforge.network.VanillaConnectionNetworkFilter@6e304fa0 into net.minecraft.network.NetworkManager@7b6b98f4
[15Aug2026 15:55:53.961] [Server thread/INFO] [net.minecraft.server.MinecraftServer/]: Bhota joined the game
[15Aug2026 15:55:54.013] [Render thread/INFO] [net.minecraft.client.gui.NewChatGui/]: [CHAT] Bhota joined the game
[15Aug2026 15:55:54.132] [Server thread/INFO] [net.minecraft.server.MinecraftServer/]: <Bhota> Bot online. Mention me and tell me what you want, or use !help.
[15Aug2026 15:55:58.929] [Netty Server IO #3/DEBUG] [net.minecraftforge.fml.network.NetworkRegistry/NETREGISTRY]: Channel 'fml:loginwrapper' : Vanilla acceptance test: ACCEPTED
[15Aug2026 15:55:58.930] [Netty Server IO #3/DEBUG] [net.minecraftforge.fml.network.NetworkRegistry/NETREGISTRY]: Channel 'fml:handshake' : Vanilla acceptance test: ACCEPTED
[15Aug2026 15:55:58.930] [Netty Server IO #3/DEBUG] [net.minecraftforge.fml.network.NetworkRegistry/NETREGISTRY]: Channel 'forge:split_11' : Vanilla acceptance test: ACCEPTED
[15Aug2026 15:55:58.930] [Netty Server IO #3/DEBUG] [net.minecraftforge.fml.network.NetworkRegistry/NETREGISTRY]: Channel 'minecraft:unregister' : Vanilla acceptance test: ACCEPTED
[15Aug2026 15:55:58.930] [Netty Server IO #3/DEBUG] [net.minecraftforge.fml.network.NetworkRegistry/NETREGISTRY]: Channel 'fml:play' : Vanilla acceptance test: ACCEPTED
[15Aug2026 15:55:58.930] [Netty Server IO #3/DEBUG] [net.minecraftforge.fml.network.NetworkRegistry/NETREGISTRY]: Channel 'minecraft:register' : Vanilla acceptance test: ACCEPTED
[15Aug2026 15:55:58.930] [Netty Server IO #3/DEBUG] [net.minecraftforge.fml.network.NetworkRegistry/NETREGISTRY]: Channel 'forge:split' : Vanilla acceptance test: ACCEPTED
[15Aug2026 15:55:58.930] [Netty Server IO #3/DEBUG] [net.minecraftforge.fml.network.NetworkRegistry/NETREGISTRY]: Accepting channel list from vanilla
[15Aug2026 15:55:58.930] [Netty Server IO #3/DEBUG] [net.minecraftforge.fml.network.FMLHandshakeHandler/FMLHANDSHAKE]: Starting new vanilla network connection.
[15Aug2026 15:55:59.284] [User Authenticator #73/WARN] [net.minecraft.network.login.ServerLoginNetHandler/]: Failed to verify username but will let them in anyway!
[15Aug2026 15:55:59.302] [Server thread/DEBUG] [net.minecraftforge.fml.network.FMLHandshakeHandler/FMLHANDSHAKE]: Handshake complete!
[15Aug2026 15:55:59.404] [Server thread/INFO] [net.minecraft.network.play.ServerPlayNetHandler/]: Bhota lost connection: You logged in from another location
[15Aug2026 15:55:59.405] [Server thread/INFO] [net.minecraft.server.MinecraftServer/]: Bhota left the game
[15Aug2026 15:55:59.412] [Server thread/INFO] [net.minecraft.server.management.PlayerList/]: Bhota[/192.168.29.156:54805] logged in with entity id 817 at (-14.5, 3.0, -75.5)
[15Aug2026 15:55:59.412] [Server thread/DEBUG] [net.minecraftforge.network.NetworkFilters/]: Injected net.minecraftforge.network.VanillaConnectionNetworkFilter@12a3e611 into net.minecraft.network.NetworkManager@75177b0c
[15Aug2026 15:55:59.418] [Server thread/INFO] [net.minecraft.server.MinecraftServer/]: Bhota joined the game
[15Aug2026 15:55:59.508] [Render thread/INFO] [net.minecraft.client.gui.NewChatGui/]: [CHAT] Bhota left the game
[15Aug2026 15:55:59.509] [Render thread/INFO] [net.minecraft.client.gui.NewChatGui/]: [CHAT] Bhota joined the game
[15Aug2026 15:55:59.553] [Server thread/INFO] [net.minecraft.server.MinecraftServer/]: <Bhota> Bot online. Mention me and tell me what you want, or use !help.
[15Aug2026 15:56:00.317] [Server thread/INFO] [net.minecraft.server.MinecraftServer/]: <Bhota> > startFight(target="skeleton")
[15Aug2026 15:56:04.367] [Netty Server IO #0/DEBUG] [net.minecraftforge.fml.network.NetworkRegistry/NETREGISTRY]: Channel 'fml:loginwrapper' : Vanilla acceptance test: ACCEPTED
[15Aug2026 15:56:04.367] [Netty Server IO #0/DEBUG] [net.minecraftforge.fml.network.NetworkRegistry/NETREGISTRY]: Channel 'fml:handshake' : Vanilla acceptance test: ACCEPTED
[15Aug2026 15:56:04.367] [Netty Server IO #0/DEBUG] [net.minecraftforge.fml.network.NetworkRegistry/NETREGISTRY]: Channel 'forge:split_11' : Vanilla acceptance test: ACCEPTED
[15Aug2026 15:56:04.367] [Netty Server IO #0/DEBUG] [net.minecraftforge.fml.network.NetworkRegistry/NETREGISTRY]: Channel 'minecraft:unregister' : Vanilla acceptance test: ACCEPTED
[15Aug2026 15:56:04.367] [Netty Server IO #0/DEBUG] [net.minecraftforge.fml.network.NetworkRegistry/NETREGISTRY]: Channel 'fml:play' : Vanilla acceptance test: ACCEPTED
[15Aug2026 15:56:04.367] [Netty Server IO #0/DEBUG] [net.minecraftforge.fml.network.NetworkRegistry/NETREGISTRY]: Channel 'minecraft:register' : Vanilla acceptance test: ACCEPTED
[15Aug2026 15:56:04.367] [Netty Server IO #0/DEBUG] [net.minecraftforge.fml.network.NetworkRegistry/NETREGISTRY]: Channel 'forge:split' : Vanilla acceptance test: ACCEPTED
[15Aug2026 15:56:04.367] [Netty Server IO #0/DEBUG] [net.minecraftforge.fml.network.NetworkRegistry/NETREGISTRY]: Accepting channel list from vanilla
[15Aug2026 15:56:04.367] [Netty Server IO #0/DEBUG] [net.minecraftforge.fml.network.FMLHandshakeHandler/FMLHANDSHAKE]: Starting new vanilla network connection.
[15Aug2026 15:56:04.688] [User Authenticator #74/WARN] [net.minecraft.network.login.ServerLoginNetHandler/]: Failed to verify username but will let them in anyway!
[15Aug2026 15:56:04.703] [Server thread/DEBUG] [net.minecraftforge.fml.network.FMLHandshakeHandler/FMLHANDSHAKE]: Handshake complete!
[15Aug2026 15:56:04.762] [Server thread/INFO] [net.minecraftforge.common.AdvancementLoadFix/]: Using new advancement loading for net.minecraft.advancements.PlayerAdvancements@1e32f57d
[15Aug2026 15:56:04.799] [Server thread/INFO] [net.minecraft.network.play.ServerPlayNetHandler/]: Bhota lost connection: You logged in from another location
[15Aug2026 15:56:04.799] [Server thread/INFO] [net.minecraft.server.MinecraftServer/]: Bhota left the game
[15Aug2026 15:56:04.807] [Server thread/INFO] [net.minecraft.server.management.PlayerList/]: Bhota[/192.168.29.156:54806] logged in with entity id 904 at (-4.488308060317818, 4.0, -86.89910503783861)
[15Aug2026 15:56:04.807] [Server thread/DEBUG] [net.minecraftforge.network.NetworkFilters/]: Injected net.minecraftforge.network.VanillaConnectionNetworkFilter@61e67e8b into net.minecraft.network.NetworkManager@6eb4b723
[15Aug2026 15:56:04.813] [Server thread/INFO] [net.minecraft.server.MinecraftServer/]: Bhota joined the game
[15Aug2026 15:56:04.849] [Render thread/INFO] [net.minecraft.client.gui.NewChatGui/]: [CHAT] Bhota left the game
[15Aug2026 15:56:04.849] [Render thread/INFO] [net.minecraft.client.gui.NewChatGui/]: [CHAT] Bhota joined the game
[15Aug2026 15:56:05.013] [Server thread/INFO] [net.minecraft.server.MinecraftServer/]: <Bhota> Bot online. Mention me and tell me what you want, or use !help.
[15Aug2026 15:56:05.213] [Server thread/INFO] [net.minecraft.server.MinecraftServer/]: <Bhota> > retreatFrom(source="creeper")
[15Aug2026 15:56:09.814] [Netty Server IO #1/DEBUG] [net.minecraftforge.fml.network.NetworkRegistry/NETREGISTRY]: Channel 'fml:loginwrapper' : Vanilla acceptance test: ACCEPTED
[15Aug2026 15:56:09.815] [Netty Server IO #1/DEBUG] [net.minecraftforge.fml.network.NetworkRegistry/NETREGISTRY]: Channel 'fml:handshake' : Vanilla acceptance test: ACCEPTED
[15Aug2026 15:56:09.815] [Netty Server IO #1/DEBUG] [net.minecraftforge.fml.network.NetworkRegistry/NETREGISTRY]: Channel 'forge:split_11' : Vanilla acceptance test: ACCEPTED
[15Aug2026 15:56:09.815] [Netty Server IO #1/DEBUG] [net.minecraftforge.fml.network.NetworkRegistry/NETREGISTRY]: Channel 'minecraft:unregister' : Vanilla acceptance test: ACCEPTED
[15Aug2026 15:56:09.815] [Netty Server IO #1/DEBUG] [net.minecraftforge.fml.network.NetworkRegistry/NETREGISTRY]: Channel 'fml:play' : Vanilla acceptance test: ACCEPTED
[15Aug2026 15:56:09.815] [Netty Server IO #1/DEBUG] [net.minecraftforge.fml.network.NetworkRegistry/NETREGISTRY]: Channel 'minecraft:register' : Vanilla acceptance test: ACCEPTED
[15Aug2026 15:56:09.815] [Netty Server IO #1/DEBUG] [net.minecraftforge.fml.network.NetworkRegistry/NETREGISTRY]: Channel 'forge:split' : Vanilla acceptance test: ACCEPTED
[15Aug2026 15:56:09.815] [Netty Server IO #1/DEBUG] [net.minecraftforge.fml.network.NetworkRegistry/NETREGISTRY]: Accepting channel list from vanilla
[15Aug2026 15:56:09.815] [Netty Server IO #1/DEBUG] [net.minecraftforge.fml.network.FMLHandshakeHandler/FMLHANDSHAKE]: Starting new vanilla network connection.
[15Aug2026 15:56:10.139] [User Authenticator #75/WARN] [net.minecraft.network.login.ServerLoginNetHandler/]: Failed to verify username but will let them in anyway!
[15Aug2026 15:56:10.160] [Server thread/DEBUG] [net.minecraftforge.fml.network.FMLHandshakeHandler/FMLHANDSHAKE]: Handshake complete!
[15Aug2026 15:56:10.207] [Server thread/INFO] [net.minecraft.network.play.ServerPlayNetHandler/]: Bhota lost connection: You logged in from another location
[15Aug2026 15:56:10.207] [Server thread/INFO] [net.minecraft.server.MinecraftServer/]: Bhota left the game
[15Aug2026 15:56:10.217] [Server thread/INFO] [net.minecraftforge.common.AdvancementLoadFix/]: Using new advancement loading for net.minecraft.advancements.PlayerAdvancements@3726bd94
[15Aug2026 15:56:10.224] [Render thread/INFO] [net.minecraft.client.gui.NewChatGui/]: [CHAT] Bhota left the game
[15Aug2026 15:56:10.252] [Server thread/WARN] [net.minecraft.network.NetworkManager/]: handleDisconnection() called twice
[15Aug2026 15:56:10.294] [Server thread/INFO] [net.minecraft.server.management.PlayerList/]: Bhota[/192.168.29.156:54807] logged in with entity id 958 at (-15.128368899178305, 4.0, -80.20491427742793)
[15Aug2026 15:56:10.295] [Server thread/DEBUG] [net.minecraftforge.network.NetworkFilters/]: Injected net.minecraftforge.network.VanillaConnectionNetworkFilter@59b3bb7 into net.minecraft.network.NetworkManager@41ef7495
[15Aug2026 15:56:10.369] [Server thread/INFO] [net.minecraft.server.MinecraftServer/]: Bhota joined the game
[15Aug2026 15:56:10.557] [Server thread/INFO] [net.minecraft.server.MinecraftServer/]: <Bhota> Bot online. Mention me and tell me what you want, or use !help.
[15Aug2026 15:56:10.618] [Render thread/INFO] [net.minecraft.client.gui.NewChatGui/]: [CHAT] Bhota joined the game
[15Aug2026 15:56:10.723] [Server thread/INFO] [net.minecraft.server.MinecraftServer/]: <Bhota> > retreatFrom(source="low_health")
[15Aug2026 15:56:15.230] [Netty Server IO #2/DEBUG] [net.minecraftforge.fml.network.NetworkRegistry/NETREGISTRY]: Channel 'fml:loginwrapper' : Vanilla acceptance test: ACCEPTED
[15Aug2026 15:56:15.230] [Netty Server IO #2/DEBUG] [net.minecraftforge.fml.network.NetworkRegistry/NETREGISTRY]: Channel 'fml:handshake' : Vanilla acceptance test: ACCEPTED
[15Aug2026 15:56:15.230] [Netty Server IO #2/DEBUG] [net.minecraftforge.fml.network.NetworkRegistry/NETREGISTRY]: Channel 'forge:split_11' : Vanilla acceptance test: ACCEPTED
[15Aug2026 15:56:15.230] [Netty Server IO #2/DEBUG] [net.minecraftforge.fml.network.NetworkRegistry/NETREGISTRY]: Channel 'minecraft:unregister' : Vanilla acceptance test: ACCEPTED
[15Aug2026 15:56:15.230] [Netty Server IO #2/DEBUG] [net.minecraftforge.fml.network.NetworkRegistry/NETREGISTRY]: Channel 'fml:play' : Vanilla acceptance test: ACCEPTED
[15Aug2026 15:56:15.230] [Netty Server IO #2/DEBUG] [net.minecraftforge.fml.network.NetworkRegistry/NETREGISTRY]: Channel 'minecraft:register' : Vanilla acceptance test: ACCEPTED
[15Aug2026 15:56:15.230] [Netty Server IO #2/DEBUG] [net.minecraftforge.fml.network.NetworkRegistry/NETREGISTRY]: Channel 'forge:split' : Vanilla acceptance test: ACCEPTED
[15Aug2026 15:56:15.230] [Netty Server IO #2/DEBUG] [net.minecraftforge.fml.network.NetworkRegistry/NETREGISTRY]: Accepting channel list from vanilla
[15Aug2026 15:56:15.230] [Netty Server IO #2/DEBUG] [net.minecraftforge.fml.network.FMLHandshakeHandler/FMLHANDSHAKE]: Starting new vanilla network connection.
[15Aug2026 15:56:15.577] [User Authenticator #76/WARN] [net.minecraft.network.login.ServerLoginNetHandler/]: Failed to verify username but will let them in anyway!
[15Aug2026 15:56:15.604] [Server thread/DEBUG] [net.minecraftforge.fml.network.FMLHandshakeHandler/FMLHANDSHAKE]: Handshake complete!
[15Aug2026 15:56:15.703] [Server thread/INFO] [net.minecraft.network.play.ServerPlayNetHandler/]: Bhota lost connection: You logged in from another location
[15Aug2026 15:56:15.703] [Server thread/INFO] [net.minecraft.server.MinecraftServer/]: Bhota left the game
[15Aug2026 15:56:15.712] [Server thread/INFO] [net.minecraft.server.management.PlayerList/]: Bhota[/192.168.29.156:54808] logged in with entity id 974 at (-24.5, 4.0, -76.39013333073912)
[15Aug2026 15:56:15.713] [Server thread/DEBUG] [net.minecraftforge.network.NetworkFilters/]: Injected net.minecraftforge.network.VanillaConnectionNetworkFilter@78a515c1 into net.minecraft.network.NetworkManager@36c9b90a
[15Aug2026 15:56:15.718] [Server thread/INFO] [net.minecraft.server.MinecraftServer/]: Bhota joined the game
[15Aug2026 15:56:15.822] [Render thread/INFO] [net.minecraft.client.gui.NewChatGui/]: [CHAT] Bhota left the game
[15Aug2026 15:56:15.823] [Render thread/INFO] [net.minecraft.client.gui.NewChatGui/]: [CHAT] Bhota joined the game
[15Aug2026 15:56:15.881] [Server thread/INFO] [net.minecraft.server.MinecraftServer/]: <Bhota> Bot online. Mention me and tell me what you want, or use !help.
[15Aug2026 15:56:15.973] [Server thread/INFO] [net.minecraft.server.MinecraftServer/]: <Bhota> > retreatFrom(source="low_health")
[15Aug2026 15:56:20.663] [Netty Server IO #3/DEBUG] [net.minecraftforge.fml.network.NetworkRegistry/NETREGISTRY]: Channel 'fml:loginwrapper' : Vanilla acceptance test: ACCEPTED
[15Aug2026 15:56:20.664] [Netty Server IO #3/DEBUG] [net.minecraftforge.fml.network.NetworkRegistry/NETREGISTRY]: Channel 'fml:handshake' : Vanilla acceptance test: ACCEPTED
[15Aug2026 15:56:20.664] [Netty Server IO #3/DEBUG] [net.minecraftforge.fml.network.NetworkRegistry/NETREGISTRY]: Channel 'forge:split_11' : Vanilla acceptance test: ACCEPTED
[15Aug2026 15:56:20.664] [Netty Server IO #3/DEBUG] [net.minecraftforge.fml.network.NetworkRegistry/NETREGISTRY]: Channel 'minecraft:unregister' : Vanilla acceptance test: ACCEPTED
[15Aug2026 15:56:20.664] [Netty Server IO #3/DEBUG] [net.minecraftforge.fml.network.NetworkRegistry/NETREGISTRY]: Channel 'fml:play' : Vanilla acceptance test: ACCEPTED
[15Aug2026 15:56:20.664] [Netty Server IO #3/DEBUG] [net.minecraftforge.fml.network.NetworkRegistry/NETREGISTRY]: Channel 'minecraft:register' : Vanilla acceptance test: ACCEPTED
[15Aug2026 15:56:20.664] [Netty Server IO #3/DEBUG] [net.minecraftforge.fml.network.NetworkRegistry/NETREGISTRY]: Channel 'forge:split' : Vanilla acceptance test: ACCEPTED
[15Aug2026 15:56:20.664] [Netty Server IO #3/DEBUG] [net.minecraftforge.fml.network.NetworkRegistry/NETREGISTRY]: Accepting channel list from vanilla
[15Aug2026 15:56:20.664] [Netty Server IO #3/DEBUG] [net.minecraftforge.fml.network.FMLHandshakeHandler/FMLHANDSHAKE]: Starting new vanilla network connection.
[15Aug2026 15:56:20.953] [User Authenticator #77/WARN] [net.minecraft.network.login.ServerLoginNetHandler/]: Failed to verify username but will let them in anyway!
[15Aug2026 15:56:21.000] [Server thread/DEBUG] [net.minecraftforge.fml.network.FMLHandshakeHandler/FMLHANDSHAKE]: Handshake complete!
[15Aug2026 15:56:21.057] [Server thread/INFO] [net.minecraftforge.common.AdvancementLoadFix/]: Using new advancement loading for net.minecraft.advancements.PlayerAdvancements@329d424f
[15Aug2026 15:56:21.102] [Server thread/INFO] [net.minecraft.network.play.ServerPlayNetHandler/]: Bhota lost connection: You logged in from another location
[15Aug2026 15:56:21.102] [Server thread/INFO] [net.minecraft.server.MinecraftServer/]: Bhota left the game
[15Aug2026 15:56:21.110] [Server thread/INFO] [net.minecraft.server.management.PlayerList/]: Bhota[/192.168.29.156:54809] logged in with entity id 983 at (-35.34982935353678, 4.121296840539189, -74.59618011469054)
[15Aug2026 15:56:21.110] [Server thread/DEBUG] [net.minecraftforge.network.NetworkFilters/]: Injected net.minecraftforge.network.VanillaConnectionNetworkFilter@3c0d4240 into net.minecraft.network.NetworkManager@7eecef7a
[15Aug2026 15:56:21.144] [Server thread/INFO] [net.minecraft.server.MinecraftServer/]: Bhota joined the game
[15Aug2026 15:56:21.260] [Render thread/INFO] [net.minecraft.client.gui.NewChatGui/]: [CHAT] Bhota left the game
[15Aug2026 15:56:21.265] [Render thread/INFO] [net.minecraft.client.gui.NewChatGui/]: [CHAT] Bhota joined the game
[15Aug2026 15:56:21.281] [Server thread/INFO] [net.minecraft.server.MinecraftServer/]: <Bhota> Bot online. Mention me and tell me what you want, or use !help.
[15Aug2026 15:56:21.364] [Server thread/INFO] [net.minecraft.server.MinecraftServer/]: <Bhota> > retreatFrom(source="low_health")
[15Aug2026 15:56:25.733] [Server thread/INFO] [net.minecraft.server.MinecraftServer/]: <Bhota> > startFight(target="spider")
[15Aug2026 15:56:25.783] [Server thread/INFO] [net.minecraft.server.MinecraftServer/]: <Bhota> > retreatFrom(source="low_health")
[15Aug2026 15:56:26.067] [Netty Server IO #0/DEBUG] [net.minecraftforge.fml.network.NetworkRegistry/NETREGISTRY]: Channel 'fml:loginwrapper' : Vanilla acceptance test: ACCEPTED
[15Aug2026 15:56:26.068] [Netty Server IO #0/DEBUG] [net.minecraftforge.fml.network.NetworkRegistry/NETREGISTRY]: Channel 'fml:handshake' : Vanilla acceptance test: ACCEPTED
[15Aug2026 15:56:26.068] [Netty Server IO #0/DEBUG] [net.minecraftforge.fml.network.NetworkRegistry/NETREGISTRY]: Channel 'forge:split_11' : Vanilla acceptance test: ACCEPTED
[15Aug2026 15:56:26.068] [Netty Server IO #0/DEBUG] [net.minecraftforge.fml.network.NetworkRegistry/NETREGISTRY]: Channel 'minecraft:unregister' : Vanilla acceptance test: ACCEPTED
[15Aug2026 15:56:26.068] [Netty Server IO #0/DEBUG] [net.minecraftforge.fml.network.NetworkRegistry/NETREGISTRY]: Channel 'fml:play' : Vanilla acceptance test: ACCEPTED
[15Aug2026 15:56:26.068] [Netty Server IO #0/DEBUG] [net.minecraftforge.fml.network.NetworkRegistry/NETREGISTRY]: Channel 'minecraft:register' : Vanilla acceptance test: ACCEPTED
[15Aug2026 15:56:26.068] [Netty Server IO #0/DEBUG] [net.minecraftforge.fml.network.NetworkRegistry/NETREGISTRY]: Channel 'forge:split' : Vanilla acceptance test: ACCEPTED
[15Aug2026 15:56:26.068] [Netty Server IO #0/DEBUG] [net.minecraftforge.fml.network.NetworkRegistry/NETREGISTRY]: Accepting channel list from vanilla
[15Aug2026 15:56:26.068] [Netty Server IO #0/DEBUG] [net.minecraftforge.fml.network.FMLHandshakeHandler/FMLHANDSHAKE]: Starting new vanilla network connection.
[15Aug2026 15:56:26.369] [User Authenticator #78/WARN] [net.minecraft.network.login.ServerLoginNetHandler/]: Failed to verify username but will let them in anyway!
[15Aug2026 15:56:26.429] [Server thread/DEBUG] [net.minecraftforge.fml.network.FMLHandshakeHandler/FMLHANDSHAKE]: Handshake complete!
[15Aug2026 15:56:26.480] [Server thread/INFO] [net.minecraftforge.common.AdvancementLoadFix/]: Using new advancement loading for net.minecraft.advancements.PlayerAdvancements@5799c6cd
[15Aug2026 15:56:26.501] [Server thread/INFO] [net.minecraft.network.play.ServerPlayNetHandler/]: Bhota lost connection: You logged in from another location
[15Aug2026 15:56:26.501] [Server thread/INFO] [net.minecraft.server.MinecraftServer/]: Bhota left the game
[15Aug2026 15:56:26.510] [Render thread/INFO] [net.minecraft.client.gui.NewChatGui/]: [CHAT] Bhota left the game
[15Aug2026 15:56:26.511] [Server thread/INFO] [net.minecraft.server.management.PlayerList/]: Bhota[/192.168.29.156:54810] logged in with entity id 993 at (-44.042753099856974, 4.7531999805212015, -71.50105915864741)
[15Aug2026 15:56:26.511] [Server thread/DEBUG] [net.minecraftforge.network.NetworkFilters/]: Injected net.minecraftforge.network.VanillaConnectionNetworkFilter@5c8287d2 into net.minecraft.network.NetworkManager@61296d93
[15Aug2026 15:56:26.515] [Server thread/INFO] [net.minecraft.server.MinecraftServer/]: Bhota joined the game
[15Aug2026 15:56:26.605] [Render thread/INFO] [net.minecraft.client.gui.NewChatGui/]: [CHAT] Bhota joined the game
[15Aug2026 15:56:26.681] [Server thread/INFO] [net.minecraft.server.MinecraftServer/]: <Bhota> Bot online. Mention me and tell me what you want, or use !help.
[15Aug2026 15:56:26.818] [Server thread/INFO] [net.minecraft.server.MinecraftServer/]: <Bhota> > retreatFrom(source="low_health")
[15Aug2026 15:56:30.414] [Server thread/INFO] [net.minecraft.server.MinecraftServer/]: Bhota was slain by Zombie
[15Aug2026 15:56:30.484] [Render thread/INFO] [net.minecraft.client.gui.NewChatGui/]: [CHAT] Bhota was slain by Zombie
[15Aug2026 15:56:30.521] [Server thread/INFO] [net.minecraft.server.MinecraftServer/]: <Bhota> > onDeath()
[15Aug2026 15:56:30.525] [Server thread/INFO] [net.minecraftforge.common.AdvancementLoadFix/]: Using new advancement loading for net.minecraft.advancements.PlayerAdvancements@6ea91f46
[15Aug2026 15:56:30.713] [Server thread/INFO] [net.minecraft.server.MinecraftServer/]: <Bhota> > endFlee()
[15Aug2026 15:56:31.494] [Netty Server IO #1/DEBUG] [net.minecraftforge.fml.network.NetworkRegistry/NETREGISTRY]: Channel 'fml:loginwrapper' : Vanilla acceptance test: ACCEPTED
[15Aug2026 15:56:31.494] [Netty Server IO #1/DEBUG] [net.minecraftforge.fml.network.NetworkRegistry/NETREGISTRY]: Channel 'fml:handshake' : Vanilla acceptance test: ACCEPTED
[15Aug2026 15:56:31.494] [Netty Server IO #1/DEBUG] [net.minecraftforge.fml.network.NetworkRegistry/NETREGISTRY]: Channel 'forge:split_11' : Vanilla acceptance test: ACCEPTED
[15Aug2026 15:56:31.494] [Netty Server IO #1/DEBUG] [net.minecraftforge.fml.network.NetworkRegistry/NETREGISTRY]: Channel 'minecraft:unregister' : Vanilla acceptance test: ACCEPTED
[15Aug2026 15:56:31.494] [Netty Server IO #1/DEBUG] [net.minecraftforge.fml.network.NetworkRegistry/NETREGISTRY]: Channel 'fml:play' : Vanilla acceptance test: ACCEPTED
[15Aug2026 15:56:31.494] [Netty Server IO #1/DEBUG] [net.minecraftforge.fml.network.NetworkRegistry/NETREGISTRY]: Channel 'minecraft:register' : Vanilla acceptance test: ACCEPTED
[15Aug2026 15:56:31.494] [Netty Server IO #1/DEBUG] [net.minecraftforge.fml.network.NetworkRegistry/NETREGISTRY]: Channel 'forge:split' : Vanilla acceptance test: ACCEPTED
[15Aug2026 15:56:31.494] [Netty Server IO #1/DEBUG] [net.minecraftforge.fml.network.NetworkRegistry/NETREGISTRY]: Accepting channel list from vanilla
[15Aug2026 15:56:31.494] [Netty Server IO #1/DEBUG] [net.minecraftforge.fml.network.FMLHandshakeHandler/FMLHANDSHAKE]: Starting new vanilla network connection.
[15Aug2026 15:56:31.798] [User Authenticator #79/WARN] [net.minecraft.network.login.ServerLoginNetHandler/]: Failed to verify username but will let them in anyway!
[15Aug2026 15:56:31.806] [Server thread/DEBUG] [net.minecraftforge.fml.network.FMLHandshakeHandler/FMLHANDSHAKE]: Handshake complete!
[15Aug2026 15:56:31.901] [Server thread/INFO] [net.minecraft.network.play.ServerPlayNetHandler/]: Bhota lost connection: You logged in from another location
[15Aug2026 15:56:31.901] [Server thread/INFO] [net.minecraft.server.MinecraftServer/]: Bhota left the game
[15Aug2026 15:56:31.909] [Server thread/INFO] [net.minecraft.server.management.PlayerList/]: Bhota[/192.168.29.156:54811] logged in with entity id 1033 at (-42.5, 4.0, -56.5)
[15Aug2026 15:56:31.909] [Server thread/DEBUG] [net.minecraftforge.network.NetworkFilters/]: Injected net.minecraftforge.network.VanillaConnectionNetworkFilter@3a697316 into net.minecraft.network.NetworkManager@67cb592b
[15Aug2026 15:56:31.916] [Server thread/INFO] [net.minecraft.server.MinecraftServer/]: Bhota joined the game
[15Aug2026 15:56:32.049] [Render thread/INFO] [net.minecraft.client.gui.NewChatGui/]: [CHAT] Bhota left the game
[15Aug2026 15:56:32.049] [Render thread/INFO] [net.minecraft.client.gui.NewChatGui/]: [CHAT] Bhota joined the game
[15Aug2026 15:56:32.068] [Server thread/INFO] [net.minecraft.server.MinecraftServer/]: <Bhota> Bot online. Mention me and tell me what you want, or use !help.
[15Aug2026 15:56:35.765] [Server thread/INFO] [net.minecraft.server.MinecraftServer/]: <Bhota> > retreatFrom(source="unarmed_vs_zombie")
[15Aug2026 15:56:36.866] [Netty Server IO #2/DEBUG] [net.minecraftforge.fml.network.NetworkRegistry/NETREGISTRY]: Channel 'fml:loginwrapper' : Vanilla acceptance test: ACCEPTED
[15Aug2026 15:56:36.866] [Netty Server IO #2/DEBUG] [net.minecraftforge.fml.network.NetworkRegistry/NETREGISTRY]: Channel 'fml:handshake' : Vanilla acceptance test: ACCEPTED
[15Aug2026 15:56:36.866] [Netty Server IO #2/DEBUG] [net.minecraftforge.fml.network.NetworkRegistry/NETREGISTRY]: Channel 'forge:split_11' : Vanilla acceptance test: ACCEPTED
[15Aug2026 15:56:36.866] [Netty Server IO #2/DEBUG] [net.minecraftforge.fml.network.NetworkRegistry/NETREGISTRY]: Channel 'minecraft:unregister' : Vanilla acceptance test: ACCEPTED
[15Aug2026 15:56:36.866] [Netty Server IO #2/DEBUG] [net.minecraftforge.fml.network.NetworkRegistry/NETREGISTRY]: Channel 'fml:play' : Vanilla acceptance test: ACCEPTED
[15Aug2026 15:56:36.866] [Netty Server IO #2/DEBUG] [net.minecraftforge.fml.network.NetworkRegistry/NETREGISTRY]: Channel 'minecraft:register' : Vanilla acceptance test: ACCEPTED
[15Aug2026 15:56:36.866] [Netty Server IO #2/DEBUG] [net.minecraftforge.fml.network.NetworkRegistry/NETREGISTRY]: Channel 'forge:split' : Vanilla acceptance test: ACCEPTED
[15Aug2026 15:56:36.866] [Netty Server IO #2/DEBUG] [net.minecraftforge.fml.network.NetworkRegistry/NETREGISTRY]: Accepting channel list from vanilla
[15Aug2026 15:56:36.866] [Netty Server IO #2/DEBUG] [net.minecraftforge.fml.network.FMLHandshakeHandler/FMLHANDSHAKE]: Starting new vanilla network connection.
[15Aug2026 15:56:37.155] [User Authenticator #80/WARN] [net.minecraft.network.login.ServerLoginNetHandler/]: Failed to verify username but will let them in anyway!
[15Aug2026 15:56:37.180] [Server thread/DEBUG] [net.minecraftforge.fml.network.FMLHandshakeHandler/FMLHANDSHAKE]: Handshake complete!
[15Aug2026 15:56:37.204] [Server thread/INFO] [net.minecraftforge.common.AdvancementLoadFix/]: Using new advancement loading for net.minecraft.advancements.PlayerAdvancements@1f081a2a
[15Aug2026 15:56:37.254] [Server thread/INFO] [net.minecraft.network.play.ServerPlayNetHandler/]: Bhota lost connection: You logged in from another location
[15Aug2026 15:56:37.254] [Server thread/INFO] [net.minecraft.server.MinecraftServer/]: Bhota left the game
[15Aug2026 15:56:37.262] [Server thread/INFO] [net.minecraft.server.management.PlayerList/]: Bhota[/192.168.29.156:54812] logged in with entity id 1070 at (-39.62165495147919, 4.7531999805212015, -52.62329321869866)
[15Aug2026 15:56:37.262] [Server thread/DEBUG] [net.minecraftforge.network.NetworkFilters/]: Injected net.minecraftforge.network.VanillaConnectionNetworkFilter@215a1c0c into net.minecraft.network.NetworkManager@7edc9b47
[15Aug2026 15:56:37.268] [Server thread/INFO] [net.minecraft.server.MinecraftServer/]: Bhota joined the game
[15Aug2026 15:56:37.358] [Render thread/INFO] [net.minecraft.client.gui.NewChatGui/]: [CHAT] Bhota left the game
[15Aug2026 15:56:37.359] [Render thread/INFO] [net.minecraft.client.gui.NewChatGui/]: [CHAT] Bhota joined the game
[15Aug2026 15:56:37.411] [Server thread/INFO] [net.minecraft.server.MinecraftServer/]: <Bhota> Bot online. Mention me and tell me what you want, or use !help.
[15Aug2026 15:56:38.968] [Server thread/INFO] [net.minecraft.server.MinecraftServer/]: <Bhota> > retreatFrom(source="unarmed_vs_zombie")
[15Aug2026 15:56:42.222] [Netty Server IO #3/DEBUG] [net.minecraftforge.fml.network.NetworkRegistry/NETREGISTRY]: Channel 'fml:loginwrapper' : Vanilla acceptance test: ACCEPTED
[15Aug2026 15:56:42.222] [Netty Server IO #3/DEBUG] [net.minecraftforge.fml.network.NetworkRegistry/NETREGISTRY]: Channel 'fml:handshake' : Vanilla acceptance test: ACCEPTED
[15Aug2026 15:56:42.222] [Netty Server IO #3/DEBUG] [net.minecraftforge.fml.network.NetworkRegistry/NETREGISTRY]: Channel 'forge:split_11' : Vanilla acceptance test: ACCEPTED
[15Aug2026 15:56:42.222] [Netty Server IO #3/DEBUG] [net.minecraftforge.fml.network.NetworkRegistry/NETREGISTRY]: Channel 'minecraft:unregister' : Vanilla acceptance test: ACCEPTED
[15Aug2026 15:56:42.222] [Netty Server IO #3/DEBUG] [net.minecraftforge.fml.network.NetworkRegistry/NETREGISTRY]: Channel 'fml:play' : Vanilla acceptance test: ACCEPTED
[15Aug2026 15:56:42.222] [Netty Server IO #3/DEBUG] [net.minecraftforge.fml.network.NetworkRegistry/NETREGISTRY]: Channel 'minecraft:register' : Vanilla acceptance test: ACCEPTED
[15Aug2026 15:56:42.222] [Netty Server IO #3/DEBUG] [net.minecraftforge.fml.network.NetworkRegistry/NETREGISTRY]: Channel 'forge:split' : Vanilla acceptance test: ACCEPTED
[15Aug2026 15:56:42.222] [Netty Server IO #3/DEBUG] [net.minecraftforge.fml.network.NetworkRegistry/NETREGISTRY]: Accepting channel list from vanilla
[15Aug2026 15:56:42.222] [Netty Server IO #3/DEBUG] [net.minecraftforge.fml.network.FMLHandshakeHandler/FMLHANDSHAKE]: Starting new vanilla network connection.
[15Aug2026 15:56:42.592] [User Authenticator #81/WARN] [net.minecraft.network.login.ServerLoginNetHandler/]: Failed to verify username but will let them in anyway!
[15Aug2026 15:56:42.604] [Server thread/DEBUG] [net.minecraftforge.fml.network.FMLHandshakeHandler/FMLHANDSHAKE]: Handshake complete!
[15Aug2026 15:56:42.664] [Server thread/INFO] [net.minecraft.network.play.ServerPlayNetHandler/]: Bhota lost connection: You logged in from another location
[15Aug2026 15:56:42.664] [Server thread/INFO] [net.minecraft.server.MinecraftServer/]: Bhota left the game
[15Aug2026 15:56:42.670] [Server thread/INFO] [net.minecraftforge.common.AdvancementLoadFix/]: Using new advancement loading for net.minecraft.advancements.PlayerAdvancements@4ac2ac27
[15Aug2026 15:56:42.690] [Render thread/INFO] [net.minecraft.client.gui.NewChatGui/]: [CHAT] Bhota left the game
[15Aug2026 15:56:42.698] [Server thread/WARN] [net.minecraft.network.NetworkManager/]: handleDisconnection() called twice
[15Aug2026 15:56:42.701] [Server thread/INFO] [net.minecraft.server.management.PlayerList/]: Bhota[/192.168.29.156:54813] logged in with entity id 1097 at (-34.5, 4.121296840539189, -43.5)
[15Aug2026 15:56:42.702] [Server thread/DEBUG] [net.minecraftforge.network.NetworkFilters/]: Injected net.minecraftforge.network.VanillaConnectionNetworkFilter@17297a34 into net.minecraft.network.NetworkManager@2a6ead8a
[15Aug2026 15:56:42.767] [Server thread/INFO] [net.minecraft.server.MinecraftServer/]: Bhota joined the game
[15Aug2026 15:56:42.880] [Render thread/INFO] [net.minecraft.client.gui.NewChatGui/]: [CHAT] Bhota joined the game
[15Aug2026 15:56:42.907] [Server thread/INFO] [net.minecraft.server.MinecraftServer/]: <Bhota> Bot online. Mention me and tell me what you want, or use !help.
[15Aug2026 15:56:44.810] [Server thread/INFO] [net.minecraft.server.MinecraftServer/]: <Bhota> > retreatFrom(source="unarmed_vs_zombie")
[15Aug2026 15:56:47.285] [Server thread/INFO] [net.minecraft.server.MinecraftServer/]: <Bhota> > endFlee()
[15Aug2026 15:56:47.684] [Netty Server IO #0/DEBUG] [net.minecraftforge.fml.network.NetworkRegistry/NETREGISTRY]: Channel 'fml:loginwrapper' : Vanilla acceptance test: ACCEPTED
[15Aug2026 15:56:47.684] [Netty Server IO #0/DEBUG] [net.minecraftforge.fml.network.NetworkRegistry/NETREGISTRY]: Channel 'fml:handshake' : Vanilla acceptance test: ACCEPTED
[15Aug2026 15:56:47.684] [Netty Server IO #0/DEBUG] [net.minecraftforge.fml.network.NetworkRegistry/NETREGISTRY]: Channel 'forge:split_11' : Vanilla acceptance test: ACCEPTED
[15Aug2026 15:56:47.684] [Netty Server IO #0/DEBUG] [net.minecraftforge.fml.network.NetworkRegistry/NETREGISTRY]: Channel 'minecraft:unregister' : Vanilla acceptance test: ACCEPTED
[15Aug2026 15:56:47.684] [Netty Server IO #0/DEBUG] [net.minecraftforge.fml.network.NetworkRegistry/NETREGISTRY]: Channel 'fml:play' : Vanilla acceptance test: ACCEPTED
[15Aug2026 15:56:47.684] [Netty Server IO #0/DEBUG] [net.minecraftforge.fml.network.NetworkRegistry/NETREGISTRY]: Channel 'minecraft:register' : Vanilla acceptance test: ACCEPTED
[15Aug2026 15:56:47.684] [Netty Server IO #0/DEBUG] [net.minecraftforge.fml.network.NetworkRegistry/NETREGISTRY]: Channel 'forge:split' : Vanilla acceptance test: ACCEPTED
[15Aug2026 15:56:47.684] [Netty Server IO #0/DEBUG] [net.minecraftforge.fml.network.NetworkRegistry/NETREGISTRY]: Accepting channel list from vanilla
[15Aug2026 15:56:47.685] [Netty Server IO #0/DEBUG] [net.minecraftforge.fml.network.FMLHandshakeHandler/FMLHANDSHAKE]: Starting new vanilla network connection.
[15Aug2026 15:56:47.989] [User Authenticator #82/WARN] [net.minecraft.network.login.ServerLoginNetHandler/]: Failed to verify username but will let them in anyway!
[15Aug2026 15:56:48.006] [Server thread/DEBUG] [net.minecraftforge.fml.network.FMLHandshakeHandler/FMLHANDSHAKE]: Handshake complete!
[15Aug2026 15:56:48.055] [Server thread/INFO] [net.minecraft.network.play.ServerPlayNetHandler/]: Bhota lost connection: Disconnected
[15Aug2026 15:56:48.056] [Server thread/INFO] [net.minecraft.server.MinecraftServer/]: Bhota left the game
[15Aug2026 15:56:48.066] [Server thread/INFO] [net.minecraftforge.common.AdvancementLoadFix/]: Using new advancement loading for net.minecraft.advancements.PlayerAdvancements@31d3b1f3
[15Aug2026 15:56:48.078] [Render thread/INFO] [net.minecraft.client.gui.NewChatGui/]: [CHAT] Bhota left the game
[15Aug2026 15:56:48.103] [Server thread/WARN] [net.minecraft.network.NetworkManager/]: handleDisconnection() called twice
[15Aug2026 15:56:48.106] [Server thread/INFO] [net.minecraft.server.management.PlayerList/]: Bhota[/192.168.29.156:54814] logged in with entity id 1123 at (-31.49677944112688, 4.0, -31.492714117786214)
[15Aug2026 15:56:48.107] [Server thread/DEBUG] [net.minecraftforge.network.NetworkFilters/]: Injected net.minecraftforge.network.VanillaConnectionNetworkFilter@3fc2e16d into net.minecraft.network.NetworkManager@3631722e
[15Aug2026 15:56:48.115] [Server thread/INFO] [net.minecraft.server.MinecraftServer/]: Bhota joined the game
[15Aug2026 15:56:48.205] [Render thread/INFO] [net.minecraft.client.gui.NewChatGui/]: [CHAT] Bhota joined the game
[15Aug2026 15:56:48.313] [Server thread/INFO] [net.minecraft.server.MinecraftServer/]: <Bhota> Bot online. Mention me and tell me what you want, or use !help.
[15Aug2026 15:56:50.418] [Server thread/INFO] [net.minecraft.server.MinecraftServer/]: <Bhota> > retreatFrom(source="creeper")
[15Aug2026 15:56:50.792] [Server thread/INFO] [net.minecraft.server.MinecraftServer/]: <Bhota> > endFlee()
[15Aug2026 15:56:53.080] [Netty Server IO #1/DEBUG] [net.minecraftforge.fml.network.NetworkRegistry/NETREGISTRY]: Channel 'fml:loginwrapper' : Vanilla acceptance test: ACCEPTED
[15Aug2026 15:56:53.080] [Netty Server IO #1/DEBUG] [net.minecraftforge.fml.network.NetworkRegistry/NETREGISTRY]: Channel 'fml:handshake' : Vanilla acceptance test: ACCEPTED
[15Aug2026 15:56:53.080] [Netty Server IO #1/DEBUG] [net.minecraftforge.fml.network.NetworkRegistry/NETREGISTRY]: Channel 'forge:split_11' : Vanilla acceptance test: ACCEPTED
[15Aug2026 15:56:53.080] [Netty Server IO #1/DEBUG] [net.minecraftforge.fml.network.NetworkRegistry/NETREGISTRY]: Channel 'minecraft:unregister' : Vanilla acceptance test: ACCEPTED
[15Aug2026 15:56:53.080] [Netty Server IO #1/DEBUG] [net.minecraftforge.fml.network.NetworkRegistry/NETREGISTRY]: Channel 'fml:play' : Vanilla acceptance test: ACCEPTED
[15Aug2026 15:56:53.080] [Netty Server IO #1/DEBUG] [net.minecraftforge.fml.network.NetworkRegistry/NETREGISTRY]: Channel 'minecraft:register' : Vanilla acceptance test: ACCEPTED
[15Aug2026 15:56:53.080] [Netty Server IO #1/DEBUG] [net.minecraftforge.fml.network.NetworkRegistry/NETREGISTRY]: Channel 'forge:split' : Vanilla acceptance test: ACCEPTED
[15Aug2026 15:56:53.080] [Netty Server IO #1/DEBUG] [net.minecraftforge.fml.network.NetworkRegistry/NETREGISTRY]: Accepting channel list from vanilla
[15Aug2026 15:56:53.081] [Netty Server IO #1/DEBUG] [net.minecraftforge.fml.network.FMLHandshakeHandler/FMLHANDSHAKE]: Starting new vanilla network connection.
[15Aug2026 15:56:53.567] [User Authenticator #83/WARN] [net.minecraft.network.login.ServerLoginNetHandler/]: Failed to verify username but will let them in anyway!
[15Aug2026 15:56:53.602] [Server thread/DEBUG] [net.minecraftforge.fml.network.FMLHandshakeHandler/FMLHANDSHAKE]: Handshake complete!
[15Aug2026 15:56:53.650] [Server thread/INFO] [net.minecraft.network.play.ServerPlayNetHandler/]: Bhota lost connection: You logged in from another location
[15Aug2026 15:56:53.650] [Server thread/INFO] [net.minecraft.server.MinecraftServer/]: Bhota left the game
[15Aug2026 15:56:53.657] [Server thread/INFO] [net.minecraftforge.common.AdvancementLoadFix/]: Using new advancement loading for net.minecraft.advancements.PlayerAdvancements@33f50eed
[15Aug2026 15:56:53.664] [Render thread/INFO] [net.minecraft.client.gui.NewChatGui/]: [CHAT] Bhota left the game
[15Aug2026 15:56:53.700] [Server thread/WARN] [net.minecraft.network.NetworkManager/]: handleDisconnection() called twice
[15Aug2026 15:56:53.701] [Server thread/INFO] [net.minecraft.server.management.PlayerList/]: Bhota[/192.168.29.156:54815] logged in with entity id 1138 at (-35.54752495078543, 4.0, -22.658616997207055)
[15Aug2026 15:56:53.702] [Server thread/DEBUG] [net.minecraftforge.network.NetworkFilters/]: Injected net.minecraftforge.network.VanillaConnectionNetworkFilter@47f49744 into net.minecraft.network.NetworkManager@5c6d7b31
[15Aug2026 15:56:53.714] [Server thread/INFO] [net.minecraft.server.MinecraftServer/]: Bhota joined the game
[15Aug2026 15:56:53.805] [Render thread/INFO] [net.minecraft.client.gui.NewChatGui/]: [CHAT] Bhota joined the game
[15Aug2026 15:56:53.860] [Server thread/INFO] [net.minecraft.server.MinecraftServer/]: <Bhota> Bot online. Mention me and tell me what you want, or use !help.
[15Aug2026 15:56:54.376] [Server thread/INFO] [net.minecraft.server.MinecraftServer/]: <Bhota> > retreatFrom(source="unarmed_vs_skeleton")
[15Aug2026 15:56:54.762] [Server thread/INFO] [net.minecraft.server.MinecraftServer/]: <Bhota> > endFlee()
[15Aug2026 15:56:54.951] [Server thread/INFO] [net.minecraft.server.MinecraftServer/]: <Bhota> > retreatFrom(source="creeper")
[15Aug2026 15:56:55.454] [Server thread/INFO] [net.minecraft.server.MinecraftServer/]: <Bhota> > endFlee()
[15Aug2026 15:56:55.512] [Server thread/INFO] [net.minecraft.server.MinecraftServer/]: <Bhota> > retreatFrom(source="unarmed_vs_skeleton")
[15Aug2026 15:56:58.672] [Netty Server IO #2/DEBUG] [net.minecraftforge.fml.network.NetworkRegistry/NETREGISTRY]: Channel 'fml:loginwrapper' : Vanilla acceptance test: ACCEPTED
[15Aug2026 15:56:58.673] [Netty Server IO #2/DEBUG] [net.minecraftforge.fml.network.NetworkRegistry/NETREGISTRY]: Channel 'fml:handshake' : Vanilla acceptance test: ACCEPTED
[15Aug2026 15:56:58.673] [Netty Server IO #2/DEBUG] [net.minecraftforge.fml.network.NetworkRegistry/NETREGISTRY]: Channel 'forge:split_11' : Vanilla acceptance test: ACCEPTED
[15Aug2026 15:56:58.673] [Netty Server IO #2/DEBUG] [net.minecraftforge.fml.network.NetworkRegistry/NETREGISTRY]: Channel 'minecraft:unregister' : Vanilla acceptance test: ACCEPTED
[15Aug2026 15:56:58.673] [Netty Server IO #2/DEBUG] [net.minecraftforge.fml.network.NetworkRegistry/NETREGISTRY]: Channel 'fml:play' : Vanilla acceptance test: ACCEPTED
[15Aug2026 15:56:58.673] [Netty Server IO #2/DEBUG] [net.minecraftforge.fml.network.NetworkRegistry/NETREGISTRY]: Channel 'minecraft:register' : Vanilla acceptance test: ACCEPTED
[15Aug2026 15:56:58.673] [Netty Server IO #2/DEBUG] [net.minecraftforge.fml.network.NetworkRegistry/NETREGISTRY]: Channel 'forge:split' : Vanilla acceptance test: ACCEPTED
[15Aug2026 15:56:58.673] [Netty Server IO #2/DEBUG] [net.minecraftforge.fml.network.NetworkRegistry/NETREGISTRY]: Accepting channel list from vanilla
[15Aug2026 15:56:58.674] [Netty Server IO #2/DEBUG] [net.minecraftforge.fml.network.FMLHandshakeHandler/FMLHANDSHAKE]: Starting new vanilla network connection.
[15Aug2026 15:56:58.853] [Server thread/INFO] [net.minecraft.server.MinecraftServer/]: <Bhota> > endFlee()
[15Aug2026 15:56:58.910] [Server thread/INFO] [net.minecraft.server.MinecraftServer/]: <Bhota> > retreatFrom(source="unarmed_vs_zombie")
[15Aug2026 15:56:58.910] [Server thread/INFO] [net.minecraft.server.MinecraftServer/]: <Bhota> > endFlee()
[15Aug2026 15:56:59.029] [User Authenticator #84/WARN] [net.minecraft.network.login.ServerLoginNetHandler/]: Failed to verify username but will let them in anyway!
[15Aug2026 15:56:59.056] [Server thread/DEBUG] [net.minecraftforge.fml.network.FMLHandshakeHandler/FMLHANDSHAKE]: Handshake complete!
[15Aug2026 15:56:59.056] [Server thread/INFO] [net.minecraft.server.MinecraftServer/]: <Bhota> > retreatFrom(source="unarmed_vs_zombie")
[15Aug2026 15:56:59.073] [Server thread/INFO] [net.minecraft.network.play.ServerPlayNetHandler/]: Bhota lost connection: You logged in from another location
[15Aug2026 15:56:59.073] [Server thread/INFO] [net.minecraft.server.MinecraftServer/]: Bhota left the game
[15Aug2026 15:56:59.089] [Server thread/INFO] [net.minecraftforge.common.AdvancementLoadFix/]: Using new advancement loading for net.minecraft.advancements.PlayerAdvancements@42b67d03
[15Aug2026 15:56:59.099] [Server thread/WARN] [net.minecraft.network.NetworkManager/]: handleDisconnection() called twice
[15Aug2026 15:56:59.101] [Server thread/INFO] [net.minecraft.server.management.PlayerList/]: Bhota[/192.168.29.156:54816] logged in with entity id 1155 at (-25.196028043887768, 4.0, -25.07739818720896)
[15Aug2026 15:56:59.102] [Server thread/DEBUG] [net.minecraftforge.network.NetworkFilters/]: Injected net.minecraftforge.network.VanillaConnectionNetworkFilter@55bb1ccb into net.minecraft.network.NetworkManager@24142d1a
[15Aug2026 15:56:59.127] [Server thread/INFO] [net.minecraft.server.MinecraftServer/]: Bhota joined the game
[15Aug2026 15:56:59.265] [Render thread/INFO] [net.minecraft.client.gui.NewChatGui/]: [CHAT] Bhota left the game
[15Aug2026 15:56:59.268] [Render thread/INFO] [net.minecraft.client.gui.NewChatGui/]: [CHAT] Bhota joined the game
[15Aug2026 15:56:59.538] [Server thread/INFO] [net.minecraft.server.MinecraftServer/]: <Bhota> Bot online. Mention me and tell me what you want, or use !help.
[15Aug2026 15:56:59.609] [Server thread/INFO] [net.minecraft.server.MinecraftServer/]: <Bhota> > retreatFrom(source="unarmed_vs_zombie")
[15Aug2026 15:57:00.776] [Server thread/INFO] [net.minecraft.server.MinecraftServer/]: <Bhota> > endFlee()
[15Aug2026 15:57:00.843] [Server thread/INFO] [net.minecraft.server.MinecraftServer/]: <Bhota> > retreatFrom(source="unarmed_vs_slime")
[15Aug2026 15:57:02.664] [Server thread/INFO] [net.minecraft.server.MinecraftServer/]: <Bhota> > endFlee()
[15Aug2026 15:57:02.750] [Server thread/INFO] [net.minecraft.server.MinecraftServer/]: <Bhota> > retreatFrom(source="unarmed_vs_zombie")
[15Aug2026 15:57:04.327] [Netty Server IO #3/DEBUG] [net.minecraftforge.fml.network.NetworkRegistry/NETREGISTRY]: Channel 'fml:loginwrapper' : Vanilla acceptance test: ACCEPTED
[15Aug2026 15:57:04.327] [Netty Server IO #3/DEBUG] [net.minecraftforge.fml.network.NetworkRegistry/NETREGISTRY]: Channel 'fml:handshake' : Vanilla acceptance test: ACCEPTED
[15Aug2026 15:57:04.327] [Netty Server IO #3/DEBUG] [net.minecraftforge.fml.network.NetworkRegistry/NETREGISTRY]: Channel 'forge:split_11' : Vanilla acceptance test: ACCEPTED
[15Aug2026 15:57:04.327] [Netty Server IO #3/DEBUG] [net.minecraftforge.fml.network.NetworkRegistry/NETREGISTRY]: Channel 'minecraft:unregister' : Vanilla acceptance test: ACCEPTED
[15Aug2026 15:57:04.327] [Netty Server IO #3/DEBUG] [net.minecraftforge.fml.network.NetworkRegistry/NETREGISTRY]: Channel 'fml:play' : Vanilla acceptance test: ACCEPTED
[15Aug2026 15:57:04.327] [Netty Server IO #3/DEBUG] [net.minecraftforge.fml.network.NetworkRegistry/NETREGISTRY]: Channel 'minecraft:register' : Vanilla acceptance test: ACCEPTED
[15Aug2026 15:57:04.327] [Netty Server IO #3/DEBUG] [net.minecraftforge.fml.network.NetworkRegistry/NETREGISTRY]: Channel 'forge:split' : Vanilla acceptance test: ACCEPTED
[15Aug2026 15:57:04.327] [Netty Server IO #3/DEBUG] [net.minecraftforge.fml.network.NetworkRegistry/NETREGISTRY]: Accepting channel list from vanilla
[15Aug2026 15:57:04.327] [Netty Server IO #3/DEBUG] [net.minecraftforge.fml.network.FMLHandshakeHandler/FMLHANDSHAKE]: Starting new vanilla network connection.
[15Aug2026 15:57:04.656] [User Authenticator #85/WARN] [net.minecraft.network.login.ServerLoginNetHandler/]: Failed to verify username but will let them in anyway!
[15Aug2026 15:57:04.703] [Server thread/DEBUG] [net.minecraftforge.fml.network.FMLHandshakeHandler/FMLHANDSHAKE]: Handshake complete!
[15Aug2026 15:57:04.803] [Server thread/INFO] [net.minecraft.network.play.ServerPlayNetHandler/]: Bhota lost connection: You logged in from another location
[15Aug2026 15:57:04.803] [Server thread/INFO] [net.minecraft.server.MinecraftServer/]: Bhota left the game
[15Aug2026 15:57:04.811] [Server thread/INFO] [net.minecraft.server.management.PlayerList/]: Bhota[/192.168.29.156:54817] logged in with entity id 1171 at (-19.57007295676264, 4.0, -23.568416553748136)
[15Aug2026 15:57:04.811] [Server thread/DEBUG] [net.minecraftforge.network.NetworkFilters/]: Injected net.minecraftforge.network.VanillaConnectionNetworkFilter@55176285 into net.minecraft.network.NetworkManager@46eef2c4
[15Aug2026 15:57:04.821] [Server thread/INFO] [net.minecraft.server.MinecraftServer/]: Bhota joined the game
[15Aug2026 15:57:04.916] [Render thread/INFO] [net.minecraft.client.gui.NewChatGui/]: [CHAT] Bhota left the game
[15Aug2026 15:57:04.917] [Render thread/INFO] [net.minecraft.client.gui.NewChatGui/]: [CHAT] Bhota joined the game
[15Aug2026 15:57:04.986] [Server thread/INFO] [net.minecraft.server.MinecraftServer/]: <Bhota> Bot online. Mention me and tell me what you want, or use !help.
[15Aug2026 15:57:05.062] [Server thread/INFO] [net.minecraft.server.MinecraftServer/]: <Bhota> > retreatFrom(source="unarmed_vs_zombie")
[15Aug2026 15:57:08.356] [Server thread/INFO] [net.minecraft.server.MinecraftServer/]: <Bhota> > endFlee()
[15Aug2026 15:57:08.494] [Server thread/INFO] [net.minecraft.server.MinecraftServer/]: <Bhota> > retreatFrom(source="unarmed_vs_zombie")
[15Aug2026 15:57:09.011] [Server thread/INFO] [net.minecraft.server.MinecraftServer/]: <Dev> !auto on
[15Aug2026 15:57:09.013] [Render thread/INFO] [net.minecraft.client.gui.NewChatGui/]: [CHAT] <Dev> !auto on
[15Aug2026 15:57:09.013] [Server thread/INFO] [net.minecraft.server.MinecraftServer/]: <Bhota> I don't take orders from you.
[15Aug2026 15:57:09.808] [Netty Server IO #0/DEBUG] [net.minecraftforge.fml.network.NetworkRegistry/NETREGISTRY]: Channel 'fml:loginwrapper' : Vanilla acceptance test: ACCEPTED
[15Aug2026 15:57:09.808] [Netty Server IO #0/DEBUG] [net.minecraftforge.fml.network.NetworkRegistry/NETREGISTRY]: Channel 'fml:handshake' : Vanilla acceptance test: ACCEPTED
[15Aug2026 15:57:09.808] [Netty Server IO #0/DEBUG] [net.minecraftforge.fml.network.NetworkRegistry/NETREGISTRY]: Channel 'forge:split_11' : Vanilla acceptance test: ACCEPTED
[15Aug2026 15:57:09.809] [Netty Server IO #0/DEBUG] [net.minecraftforge.fml.network.NetworkRegistry/NETREGISTRY]: Channel 'minecraft:unregister' : Vanilla acceptance test: ACCEPTED
[15Aug2026 15:57:09.809] [Netty Server IO #0/DEBUG] [net.minecraftforge.fml.network.NetworkRegistry/NETREGISTRY]: Channel 'fml:play' : Vanilla acceptance test: ACCEPTED
[15Aug2026 15:57:09.809] [Netty Server IO #0/DEBUG] [net.minecraftforge.fml.network.NetworkRegistry/NETREGISTRY]: Channel 'minecraft:register' : Vanilla acceptance test: ACCEPTED
[15Aug2026 15:57:09.809] [Netty Server IO #0/DEBUG] [net.minecraftforge.fml.network.NetworkRegistry/NETREGISTRY]: Channel 'forge:split' : Vanilla acceptance test: ACCEPTED
[15Aug2026 15:57:09.809] [Netty Server IO #0/DEBUG] [net.minecraftforge.fml.network.NetworkRegistry/NETREGISTRY]: Accepting channel list from vanilla
[15Aug2026 15:57:09.809] [Netty Server IO #0/DEBUG] [net.minecraftforge.fml.network.FMLHandshakeHandler/FMLHANDSHAKE]: Starting new vanilla network connection.
[15Aug2026 15:57:10.125] [User Authenticator #86/WARN] [net.minecraft.network.login.ServerLoginNetHandler/]: Failed to verify username but will let them in anyway!
[15Aug2026 15:57:10.170] [Server thread/DEBUG] [net.minecraftforge.fml.network.FMLHandshakeHandler/FMLHANDSHAKE]: Handshake complete!
[15Aug2026 15:57:10.211] [Server thread/INFO] [net.minecraftforge.common.AdvancementLoadFix/]: Using new advancement loading for net.minecraft.advancements.PlayerAdvancements@48a2dd10
[15Aug2026 15:57:10.251] [Server thread/INFO] [net.minecraft.network.play.ServerPlayNetHandler/]: Bhota lost connection: You logged in from another location
[15Aug2026 15:57:10.251] [Server thread/INFO] [net.minecraft.server.MinecraftServer/]: Bhota left the game
[15Aug2026 15:57:10.260] [Server thread/INFO] [net.minecraft.server.management.PlayerList/]: Bhota[/192.168.29.156:54818] logged in with entity id 1280 at (-7.042797092211727, 4.0, -16.53630738019982)
[15Aug2026 15:57:10.261] [Server thread/DEBUG] [net.minecraftforge.network.NetworkFilters/]: Injected net.minecraftforge.network.VanillaConnectionNetworkFilter@f19f4ef into net.minecraft.network.NetworkManager@518df241
[15Aug2026 15:57:10.271] [Server thread/INFO] [net.minecraft.server.MinecraftServer/]: Bhota joined the game
[15Aug2026 15:57:10.361] [Render thread/INFO] [net.minecraft.client.gui.NewChatGui/]: [CHAT] Bhota left the game
[15Aug2026 15:57:10.362] [Render thread/INFO] [net.minecraft.client.gui.NewChatGui/]: [CHAT] Bhota joined the game
[15Aug2026 15:57:10.401] [Server thread/INFO] [net.minecraft.server.MinecraftServer/]: <Bhota> Bot online. Mention me and tell me what you want, or use !help.
[15Aug2026 15:57:10.477] [Server thread/INFO] [net.minecraft.server.MinecraftServer/]: <Bhota> > retreatFrom(source="unarmed_vs_zombie")
[15Aug2026 15:57:10.826] [Server thread/INFO] [net.minecraft.server.MinecraftServer/]: <Bhota> > endFlee()
[15Aug2026 15:57:10.911] [Server thread/INFO] [net.minecraft.server.MinecraftServer/]: <Bhota> > retreatFrom(source="unarmed_vs_zombie")
[15Aug2026 15:57:15.232] [Netty Server IO #1/DEBUG] [net.minecraftforge.fml.network.NetworkRegistry/NETREGISTRY]: Channel 'fml:loginwrapper' : Vanilla acceptance test: ACCEPTED
[15Aug2026 15:57:15.232] [Netty Server IO #1/DEBUG] [net.minecraftforge.fml.network.NetworkRegistry/NETREGISTRY]: Channel 'fml:handshake' : Vanilla acceptance test: ACCEPTED
[15Aug2026 15:57:15.232] [Netty Server IO #1/DEBUG] [net.minecraftforge.fml.network.NetworkRegistry/NETREGISTRY]: Channel 'forge:split_11' : Vanilla acceptance test: ACCEPTED
[15Aug2026 15:57:15.232] [Netty Server IO #1/DEBUG] [net.minecraftforge.fml.network.NetworkRegistry/NETREGISTRY]: Channel 'minecraft:unregister' : Vanilla acceptance test: ACCEPTED
[15Aug2026 15:57:15.232] [Netty Server IO #1/DEBUG] [net.minecraftforge.fml.network.NetworkRegistry/NETREGISTRY]: Channel 'fml:play' : Vanilla acceptance test: ACCEPTED
[15Aug2026 15:57:15.233] [Netty Server IO #1/DEBUG] [net.minecraftforge.fml.network.NetworkRegistry/NETREGISTRY]: Channel 'minecraft:register' : Vanilla acceptance test: ACCEPTED
[15Aug2026 15:57:15.233] [Netty Server IO #1/DEBUG] [net.minecraftforge.fml.network.NetworkRegistry/NETREGISTRY]: Channel 'forge:split' : Vanilla acceptance test: ACCEPTED
[15Aug2026 15:57:15.233] [Netty Server IO #1/DEBUG] [net.minecraftforge.fml.network.NetworkRegistry/NETREGISTRY]: Accepting channel list from vanilla
[15Aug2026 15:57:15.233] [Netty Server IO #1/DEBUG] [net.minecraftforge.fml.network.FMLHandshakeHandler/FMLHANDSHAKE]: Starting new vanilla network connection.
[15Aug2026 15:57:15.574] [User Authenticator #87/WARN] [net.minecraft.network.login.ServerLoginNetHandler/]: Failed to verify username but will let them in anyway!
[15Aug2026 15:57:15.603] [Server thread/DEBUG] [net.minecraftforge.fml.network.FMLHandshakeHandler/FMLHANDSHAKE]: Handshake complete!
[15Aug2026 15:57:15.674] [Server thread/INFO] [net.minecraftforge.common.AdvancementLoadFix/]: Using new advancement loading for net.minecraft.advancements.PlayerAdvancements@1854c2a9
[15Aug2026 15:57:15.703] [Server thread/INFO] [net.minecraft.network.play.ServerPlayNetHandler/]: Bhota lost connection: You logged in from another location
[15Aug2026 15:57:15.703] [Server thread/INFO] [net.minecraft.server.MinecraftServer/]: Bhota left the game
[15Aug2026 15:57:15.711] [Server thread/INFO] [net.minecraft.server.management.PlayerList/]: Bhota[/192.168.29.156:54819] logged in with entity id 1303 at (4.376031327154721, 4.0, -12.507909037514372)
[15Aug2026 15:57:15.711] [Server thread/DEBUG] [net.minecraftforge.network.NetworkFilters/]: Injected net.minecraftforge.network.VanillaConnectionNetworkFilter@6a42824b into net.minecraft.network.NetworkManager@543d4420
[15Aug2026 15:57:15.723] [Server thread/INFO] [net.minecraft.server.MinecraftServer/]: Bhota joined the game
[15Aug2026 15:57:15.811] [Render thread/INFO] [net.minecraft.client.gui.NewChatGui/]: [CHAT] Bhota left the game
[15Aug2026 15:57:15.811] [Render thread/INFO] [net.minecraft.client.gui.NewChatGui/]: [CHAT] Bhota joined the game
[15Aug2026 15:57:15.861] [Server thread/INFO] [net.minecraft.server.MinecraftServer/]: <Bhota> Bot online. Mention me and tell me what you want, or use !help.
[15Aug2026 15:57:15.934] [Server thread/INFO] [net.minecraft.server.MinecraftServer/]: <Bhota> > retreatFrom(source="unarmed_vs_zombie")
[15Aug2026 15:57:20.702] [Netty Server IO #2/DEBUG] [net.minecraftforge.fml.network.NetworkRegistry/NETREGISTRY]: Channel 'fml:loginwrapper' : Vanilla acceptance test: ACCEPTED
[15Aug2026 15:57:20.702] [Netty Server IO #2/DEBUG] [net.minecraftforge.fml.network.NetworkRegistry/NETREGISTRY]: Channel 'fml:handshake' : Vanilla acceptance test: ACCEPTED
[15Aug2026 15:57:20.702] [Netty Server IO #2/DEBUG] [net.minecraftforge.fml.network.NetworkRegistry/NETREGISTRY]: Channel 'forge:split_11' : Vanilla acceptance test: ACCEPTED
[15Aug2026 15:57:20.702] [Netty Server IO #2/DEBUG] [net.minecraftforge.fml.network.NetworkRegistry/NETREGISTRY]: Channel 'minecraft:unregister' : Vanilla acceptance test: ACCEPTED
[15Aug2026 15:57:20.702] [Netty Server IO #2/DEBUG] [net.minecraftforge.fml.network.NetworkRegistry/NETREGISTRY]: Channel 'fml:play' : Vanilla acceptance test: ACCEPTED
[15Aug2026 15:57:20.702] [Netty Server IO #2/DEBUG] [net.minecraftforge.fml.network.NetworkRegistry/NETREGISTRY]: Channel 'minecraft:register' : Vanilla acceptance test: ACCEPTED
[15Aug2026 15:57:20.702] [Netty Server IO #2/DEBUG] [net.minecraftforge.fml.network.NetworkRegistry/NETREGISTRY]: Channel 'forge:split' : Vanilla acceptance test: ACCEPTED
[15Aug2026 15:57:20.702] [Netty Server IO #2/DEBUG] [net.minecraftforge.fml.network.NetworkRegistry/NETREGISTRY]: Accepting channel list from vanilla
[15Aug2026 15:57:20.702] [Netty Server IO #2/DEBUG] [net.minecraftforge.fml.network.FMLHandshakeHandler/FMLHANDSHAKE]: Starting new vanilla network connection.
[15Aug2026 15:57:21.012] [User Authenticator #88/WARN] [net.minecraft.network.login.ServerLoginNetHandler/]: Failed to verify username but will let them in anyway!
[15Aug2026 15:57:21.066] [Server thread/DEBUG] [net.minecraftforge.fml.network.FMLHandshakeHandler/FMLHANDSHAKE]: Handshake complete!
[15Aug2026 15:57:21.103] [Server thread/INFO] [net.minecraftforge.common.AdvancementLoadFix/]: Using new advancement loading for net.minecraft.advancements.PlayerAdvancements@7ad75ef1
[15Aug2026 15:57:21.161] [Server thread/INFO] [net.minecraft.network.play.ServerPlayNetHandler/]: Bhota lost connection: You logged in from another location
[15Aug2026 15:57:21.162] [Server thread/INFO] [net.minecraft.server.MinecraftServer/]: Bhota left the game
[15Aug2026 15:57:21.168] [Server thread/INFO] [net.minecraft.server.management.PlayerList/]: Bhota[/192.168.29.156:54820] logged in with entity id 1324 at (13.562739751111579, 5.001335979112147, -9.500052168001385)
[15Aug2026 15:57:21.170] [Server thread/DEBUG] [net.minecraftforge.network.NetworkFilters/]: Injected net.minecraftforge.network.VanillaConnectionNetworkFilter@32658280 into net.minecraft.network.NetworkManager@371e6d5f
[15Aug2026 15:57:21.185] [Server thread/INFO] [net.minecraft.server.MinecraftServer/]: Bhota joined the game
[15Aug2026 15:57:21.374] [Render thread/INFO] [net.minecraft.client.gui.NewChatGui/]: [CHAT] Bhota left the game
[15Aug2026 15:57:21.375] [Render thread/INFO] [net.minecraft.client.gui.NewChatGui/]: [CHAT] Bhota joined the game
[15Aug2026 15:57:21.533] [Server thread/INFO] [net.minecraft.server.MinecraftServer/]: <Bhota> Bot online. Mention me and tell me what you want, or use !help.
[15Aug2026 15:57:21.610] [Server thread/INFO] [net.minecraft.server.MinecraftServer/]: <Bhota> > retreatFrom(source="unarmed_vs_zombie")
[15Aug2026 15:57:24.810] [Server thread/INFO] [net.minecraft.server.MinecraftServer/]: <Bhota> > endFlee()
[15Aug2026 15:57:25.734] [Server thread/INFO] [net.minecraft.server.MinecraftServer/]: <Bhota> > retreatFrom(source="unarmed_vs_zombie")
[15Aug2026 15:57:26.157] [Netty Server IO #3/DEBUG] [net.minecraftforge.fml.network.NetworkRegistry/NETREGISTRY]: Channel 'fml:loginwrapper' : Vanilla acceptance test: ACCEPTED
[15Aug2026 15:57:26.157] [Netty Server IO #3/DEBUG] [net.minecraftforge.fml.network.NetworkRegistry/NETREGISTRY]: Channel 'fml:handshake' : Vanilla acceptance test: ACCEPTED
[15Aug2026 15:57:26.157] [Netty Server IO #3/DEBUG] [net.minecraftforge.fml.network.NetworkRegistry/NETREGISTRY]: Channel 'forge:split_11' : Vanilla acceptance test: ACCEPTED
[15Aug2026 15:57:26.157] [Netty Server IO #3/DEBUG] [net.minecraftforge.fml.network.NetworkRegistry/NETREGISTRY]: Channel 'minecraft:unregister' : Vanilla acceptance test: ACCEPTED
[15Aug2026 15:57:26.157] [Netty Server IO #3/DEBUG] [net.minecraftforge.fml.network.NetworkRegistry/NETREGISTRY]: Channel 'fml:play' : Vanilla acceptance test: ACCEPTED
[15Aug2026 15:57:26.157] [Netty Server IO #3/DEBUG] [net.minecraftforge.fml.network.NetworkRegistry/NETREGISTRY]: Channel 'minecraft:register' : Vanilla acceptance test: ACCEPTED
[15Aug2026 15:57:26.158] [Netty Server IO #3/DEBUG] [net.minecraftforge.fml.network.NetworkRegistry/NETREGISTRY]: Channel 'forge:split' : Vanilla acceptance test: ACCEPTED
[15Aug2026 15:57:26.158] [Netty Server IO #3/DEBUG] [net.minecraftforge.fml.network.NetworkRegistry/NETREGISTRY]: Accepting channel list from vanilla
[15Aug2026 15:57:26.158] [Netty Server IO #3/DEBUG] [net.minecraftforge.fml.network.FMLHandshakeHandler/FMLHANDSHAKE]: Starting new vanilla network connection.
[15Aug2026 15:57:26.550] [User Authenticator #89/WARN] [net.minecraft.network.login.ServerLoginNetHandler/]: Failed to verify username but will let them in anyway!
[15Aug2026 15:57:26.561] [Server thread/DEBUG] [net.minecraftforge.fml.network.FMLHandshakeHandler/FMLHANDSHAKE]: Handshake complete!
[15Aug2026 15:57:26.606] [Server thread/INFO] [net.minecraftforge.common.AdvancementLoadFix/]: Using new advancement loading for net.minecraft.advancements.PlayerAdvancements@73064f2f
[15Aug2026 15:57:26.654] [Server thread/INFO] [net.minecraft.network.play.ServerPlayNetHandler/]: Bhota lost connection: You logged in from another location
[15Aug2026 15:57:26.654] [Server thread/INFO] [net.minecraft.server.MinecraftServer/]: Bhota left the game
[15Aug2026 15:57:26.662] [Server thread/INFO] [net.minecraft.server.management.PlayerList/]: Bhota[/192.168.29.156:54821] logged in with entity id 1350 at (26.657189912951203, 4.0, -4.360018811604514)
[15Aug2026 15:57:26.662] [Server thread/DEBUG] [net.minecraftforge.network.NetworkFilters/]: Injected net.minecraftforge.network.VanillaConnectionNetworkFilter@789340dc into net.minecraft.network.NetworkManager@392d07d6
[15Aug2026 15:57:26.675] [Server thread/INFO] [net.minecraft.server.MinecraftServer/]: Bhota joined the game
[15Aug2026 15:57:26.754] [Render thread/INFO] [net.minecraft.client.gui.NewChatGui/]: [CHAT] Bhota left the game
[15Aug2026 15:57:26.755] [Render thread/INFO] [net.minecraft.client.gui.NewChatGui/]: [CHAT] Bhota joined the game
[15Aug2026 15:57:26.785] [Server thread/INFO] [net.minecraft.server.MinecraftServer/]: <Bhota> Bot online. Mention me and tell me what you want, or use !help.
[15Aug2026 15:57:28.734] [Server thread/INFO] [net.minecraft.server.MinecraftServer/]: <Bhota> > retreatFrom(source="unarmed_vs_skeleton")
[15Aug2026 15:57:31.622] [Netty Server IO #0/DEBUG] [net.minecraftforge.fml.network.NetworkRegistry/NETREGISTRY]: Channel 'fml:loginwrapper' : Vanilla acceptance test: ACCEPTED
[15Aug2026 15:57:31.622] [Netty Server IO #0/DEBUG] [net.minecraftforge.fml.network.NetworkRegistry/NETREGISTRY]: Channel 'fml:handshake' : Vanilla acceptance test: ACCEPTED
[15Aug2026 15:57:31.622] [Netty Server IO #0/DEBUG] [net.minecraftforge.fml.network.NetworkRegistry/NETREGISTRY]: Channel 'forge:split_11' : Vanilla acceptance test: ACCEPTED
[15Aug2026 15:57:31.622] [Netty Server IO #0/DEBUG] [net.minecraftforge.fml.network.NetworkRegistry/NETREGISTRY]: Channel 'minecraft:unregister' : Vanilla acceptance test: ACCEPTED
[15Aug2026 15:57:31.622] [Netty Server IO #0/DEBUG] [net.minecraftforge.fml.network.NetworkRegistry/NETREGISTRY]: Channel 'fml:play' : Vanilla acceptance test: ACCEPTED
[15Aug2026 15:57:31.622] [Netty Server IO #0/DEBUG] [net.minecraftforge.fml.network.NetworkRegistry/NETREGISTRY]: Channel 'minecraft:register' : Vanilla acceptance test: ACCEPTED
[15Aug2026 15:57:31.622] [Netty Server IO #0/DEBUG] [net.minecraftforge.fml.network.NetworkRegistry/NETREGISTRY]: Channel 'forge:split' : Vanilla acceptance test: ACCEPTED
[15Aug2026 15:57:31.622] [Netty Server IO #0/DEBUG] [net.minecraftforge.fml.network.NetworkRegistry/NETREGISTRY]: Accepting channel list from vanilla
[15Aug2026 15:57:31.623] [Netty Server IO #0/DEBUG] [net.minecraftforge.fml.network.FMLHandshakeHandler/FMLHANDSHAKE]: Starting new vanilla network connection.
[15Aug2026 15:57:32.020] [User Authenticator #90/WARN] [net.minecraft.network.login.ServerLoginNetHandler/]: Failed to verify username but will let them in anyway!
[15Aug2026 15:57:32.058] [Server thread/DEBUG] [net.minecraftforge.fml.network.FMLHandshakeHandler/FMLHANDSHAKE]: Handshake complete!
[15Aug2026 15:57:32.109] [Server thread/INFO] [net.minecraftforge.common.AdvancementLoadFix/]: Using new advancement loading for net.minecraft.advancements.PlayerAdvancements@4f839f8c
[15Aug2026 15:57:32.153] [Server thread/INFO] [net.minecraft.network.play.ServerPlayNetHandler/]: Bhota lost connection: You logged in from another location
[15Aug2026 15:57:32.153] [Server thread/INFO] [net.minecraft.server.MinecraftServer/]: Bhota left the game
[15Aug2026 15:57:32.162] [Server thread/INFO] [net.minecraft.server.management.PlayerList/]: Bhota[/192.168.29.156:54822] logged in with entity id 1360 at (35.30133776681301, 5.166109260938214, -1.389399210863031)
[15Aug2026 15:57:32.163] [Server thread/DEBUG] [net.minecraftforge.network.NetworkFilters/]: Injected net.minecraftforge.network.VanillaConnectionNetworkFilter@683c9d00 into net.minecraft.network.NetworkManager@3b101074
[15Aug2026 15:57:32.167] [Server thread/INFO] [net.minecraft.server.MinecraftServer/]: Bhota joined the game
[15Aug2026 15:57:32.252] [Render thread/INFO] [net.minecraft.client.gui.NewChatGui/]: [CHAT] Bhota left the game
[15Aug2026 15:57:32.252] [Render thread/INFO] [net.minecraft.client.gui.NewChatGui/]: [CHAT] Bhota joined the game
[15Aug2026 15:57:32.410] [Server thread/INFO] [net.minecraft.server.MinecraftServer/]: <Bhota> Bot online. Mention me and tell me what you want, or use !help.
[15Aug2026 15:57:33.608] [Server thread/INFO] [net.minecraft.server.MinecraftServer/]: <Bhota> > retreatFrom(source="unarmed_vs_skeleton")
[15Aug2026 15:57:37.106] [Server thread/INFO] [net.minecraft.server.MinecraftServer/]: Bhota was blown up by Creeper
[15Aug2026 15:57:37.150] [Netty Server IO #1/DEBUG] [net.minecraftforge.fml.network.NetworkRegistry/NETREGISTRY]: Channel 'fml:loginwrapper' : Vanilla acceptance test: ACCEPTED
[15Aug2026 15:57:37.150] [Render thread/INFO] [net.minecraft.client.gui.NewChatGui/]: [CHAT] Bhota was blown up by Creeper
[15Aug2026 15:57:37.150] [Netty Server IO #1/DEBUG] [net.minecraftforge.fml.network.NetworkRegistry/NETREGISTRY]: Channel 'fml:handshake' : Vanilla acceptance test: ACCEPTED
[15Aug2026 15:57:37.151] [Netty Server IO #1/DEBUG] [net.minecraftforge.fml.network.NetworkRegistry/NETREGISTRY]: Channel 'forge:split_11' : Vanilla acceptance test: ACCEPTED
[15Aug2026 15:57:37.151] [Netty Server IO #1/DEBUG] [net.minecraftforge.fml.network.NetworkRegistry/NETREGISTRY]: Channel 'minecraft:unregister' : Vanilla acceptance test: ACCEPTED
[15Aug2026 15:57:37.151] [Netty Server IO #1/DEBUG] [net.minecraftforge.fml.network.NetworkRegistry/NETREGISTRY]: Channel 'fml:play' : Vanilla acceptance test: ACCEPTED
[15Aug2026 15:57:37.151] [Netty Server IO #1/DEBUG] [net.minecraftforge.fml.network.NetworkRegistry/NETREGISTRY]: Channel 'minecraft:register' : Vanilla acceptance test: ACCEPTED
[15Aug2026 15:57:37.151] [Netty Server IO #1/DEBUG] [net.minecraftforge.fml.network.NetworkRegistry/NETREGISTRY]: Channel 'forge:split' : Vanilla acceptance test: ACCEPTED
[15Aug2026 15:57:37.151] [Netty Server IO #1/DEBUG] [net.minecraftforge.fml.network.NetworkRegistry/NETREGISTRY]: Accepting channel list from vanilla
[15Aug2026 15:57:37.151] [Netty Server IO #1/DEBUG] [net.minecraftforge.fml.network.FMLHandshakeHandler/FMLHANDSHAKE]: Starting new vanilla network connection.
[15Aug2026 15:57:37.165] [Server thread/INFO] [net.minecraft.server.MinecraftServer/]: <Bhota> > onDeath()
[15Aug2026 15:57:37.170] [Server thread/INFO] [net.minecraftforge.common.AdvancementLoadFix/]: Using new advancement loading for net.minecraft.advancements.PlayerAdvancements@4fba93a0
[15Aug2026 15:57:37.271] [Server thread/INFO] [net.minecraft.server.MinecraftServer/]: <Bhota> > endFlee()
[15Aug2026 15:57:37.412] [Server thread/INFO] [net.minecraft.server.MinecraftServer/]: Dev has made the advancement [Monster Hunter]
[15Aug2026 15:57:37.432] [Render thread/INFO] [net.minecraft.client.gui.NewChatGui/]: [CHAT] Dev has made the advancement [Monster Hunter]
[15Aug2026 15:57:37.461] [Render thread/INFO] [net.minecraft.advancements.AdvancementList/]: Loaded 20 advancements
[15Aug2026 15:57:37.604] [User Authenticator #91/WARN] [net.minecraft.network.login.ServerLoginNetHandler/]: Failed to verify username but will let them in anyway!
[15Aug2026 15:57:37.608] [Server thread/DEBUG] [net.minecraftforge.fml.network.FMLHandshakeHandler/FMLHANDSHAKE]: Handshake complete!
[15Aug2026 15:57:37.652] [Server thread/INFO] [net.minecraft.network.play.ServerPlayNetHandler/]: Bhota lost connection: You logged in from another location
[15Aug2026 15:57:37.653] [Server thread/INFO] [net.minecraft.server.MinecraftServer/]: Bhota left the game
[15Aug2026 15:57:37.661] [Server thread/INFO] [net.minecraftforge.common.AdvancementLoadFix/]: Using new advancement loading for net.minecraft.advancements.PlayerAdvancements@61e46c00
[15Aug2026 15:57:37.668] [Render thread/INFO] [net.minecraft.client.gui.NewChatGui/]: [CHAT] Bhota left the game
[15Aug2026 15:57:37.704] [Server thread/WARN] [net.minecraft.network.NetworkManager/]: handleDisconnection() called twice
[15Aug2026 15:57:37.706] [Server thread/INFO] [net.minecraft.server.management.PlayerList/]: Bhota[/192.168.29.156:54824] logged in with entity id 1389 at (-47.5, 4.0, -50.5)
[15Aug2026 15:57:37.706] [Server thread/DEBUG] [net.minecraftforge.network.NetworkFilters/]: Injected net.minecraftforge.network.VanillaConnectionNetworkFilter@489971de into net.minecraft.network.NetworkManager@adf80a1
[15Aug2026 15:57:37.710] [Server thread/INFO] [net.minecraft.server.MinecraftServer/]: Bhota joined the game
[15Aug2026 15:57:37.712] [Server thread/WARN] [net.minecraft.world.TrackedEntity/]: Fetching packet for removed entity ExperienceOrbEntity['Experience Orb'/1381, l='ServerLevel[New World]', x=-25.00, y=4.00, z=-30.57]
[15Aug2026 15:57:37.796] [Render thread/INFO] [net.minecraft.client.gui.NewChatGui/]: [CHAT] Bhota joined the game
[15Aug2026 15:57:37.951] [Server thread/INFO] [net.minecraft.server.MinecraftServer/]: <Bhota> Bot online. Mention me and tell me what you want, or use !help.
[15Aug2026 15:57:37.996] [Render thread/INFO] [net.minecraft.advancements.AdvancementList/]: Loaded 22 advancements
[15Aug2026 15:57:42.665] [Netty Server IO #2/DEBUG] [net.minecraftforge.fml.network.NetworkRegistry/NETREGISTRY]: Channel 'fml:loginwrapper' : Vanilla acceptance test: ACCEPTED
[15Aug2026 15:57:42.665] [Netty Server IO #2/DEBUG] [net.minecraftforge.fml.network.NetworkRegistry/NETREGISTRY]: Channel 'fml:handshake' : Vanilla acceptance test: ACCEPTED
[15Aug2026 15:57:42.665] [Netty Server IO #2/DEBUG] [net.minecraftforge.fml.network.NetworkRegistry/NETREGISTRY]: Channel 'forge:split_11' : Vanilla acceptance test: ACCEPTED
[15Aug2026 15:57:42.665] [Netty Server IO #2/DEBUG] [net.minecraftforge.fml.network.NetworkRegistry/NETREGISTRY]: Channel 'minecraft:unregister' : Vanilla acceptance test: ACCEPTED
[15Aug2026 15:57:42.665] [Netty Server IO #2/DEBUG] [net.minecraftforge.fml.network.NetworkRegistry/NETREGISTRY]: Channel 'fml:play' : Vanilla acceptance test: ACCEPTED
[15Aug2026 15:57:42.665] [Netty Server IO #2/DEBUG] [net.minecraftforge.fml.network.NetworkRegistry/NETREGISTRY]: Channel 'minecraft:register' : Vanilla acceptance test: ACCEPTED
[15Aug2026 15:57:42.666] [Netty Server IO #2/DEBUG] [net.minecraftforge.fml.network.NetworkRegistry/NETREGISTRY]: Channel 'forge:split' : Vanilla acceptance test: ACCEPTED
[15Aug2026 15:57:42.666] [Netty Server IO #2/DEBUG] [net.minecraftforge.fml.network.NetworkRegistry/NETREGISTRY]: Accepting channel list from vanilla
[15Aug2026 15:57:42.666] [Netty Server IO #2/DEBUG] [net.minecraftforge.fml.network.FMLHandshakeHandler/FMLHANDSHAKE]: Starting new vanilla network connection.
[15Aug2026 15:57:42.964] [User Authenticator #92/WARN] [net.minecraft.network.login.ServerLoginNetHandler/]: Failed to verify username but will let them in anyway!
[15Aug2026 15:57:43.000] [Server thread/DEBUG] [net.minecraftforge.fml.network.FMLHandshakeHandler/FMLHANDSHAKE]: Handshake complete!
[15Aug2026 15:57:43.053] [Server thread/INFO] [net.minecraft.network.play.ServerPlayNetHandler/]: Bhota lost connection: You logged in from another location
[15Aug2026 15:57:43.053] [Server thread/INFO] [net.minecraft.server.MinecraftServer/]: Bhota left the game
[15Aug2026 15:57:43.062] [Server thread/INFO] [net.minecraftforge.common.AdvancementLoadFix/]: Using new advancement loading for net.minecraft.advancements.PlayerAdvancements@439c3999
[15Aug2026 15:57:43.077] [Render thread/INFO] [net.minecraft.client.gui.NewChatGui/]: [CHAT] Bhota left the game
[15Aug2026 15:57:43.101] [Server thread/WARN] [net.minecraft.network.NetworkManager/]: handleDisconnection() called twice
[15Aug2026 15:57:43.103] [Server thread/INFO] [net.minecraft.server.management.PlayerList/]: Bhota[/192.168.29.156:54827] logged in with entity id 1412 at (-47.5, 4.0, -50.5)
[15Aug2026 15:57:43.105] [Server thread/DEBUG] [net.minecraftforge.network.NetworkFilters/]: Injected net.minecraftforge.network.VanillaConnectionNetworkFilter@2e49c4c3 into net.minecraft.network.NetworkManager@c3b6062
[15Aug2026 15:57:43.111] [Server thread/INFO] [net.minecraft.server.MinecraftServer/]: Bhota joined the game
[15Aug2026 15:57:43.188] [Render thread/INFO] [net.minecraft.client.gui.NewChatGui/]: [CHAT] Bhota joined the game
[15Aug2026 15:57:43.275] [Server thread/INFO] [net.minecraft.server.MinecraftServer/]: <Bhota> Bot online. Mention me and tell me what you want, or use !help.
[15Aug2026 15:57:48.133] [Netty Server IO #3/DEBUG] [net.minecraftforge.fml.network.NetworkRegistry/NETREGISTRY]: Channel 'fml:loginwrapper' : Vanilla acceptance test: ACCEPTED
[15Aug2026 15:57:48.133] [Netty Server IO #3/DEBUG] [net.minecraftforge.fml.network.NetworkRegistry/NETREGISTRY]: Channel 'fml:handshake' : Vanilla acceptance test: ACCEPTED
[15Aug2026 15:57:48.133] [Netty Server IO #3/DEBUG] [net.minecraftforge.fml.network.NetworkRegistry/NETREGISTRY]: Channel 'forge:split_11' : Vanilla acceptance test: ACCEPTED
[15Aug2026 15:57:48.133] [Netty Server IO #3/DEBUG] [net.minecraftforge.fml.network.NetworkRegistry/NETREGISTRY]: Channel 'minecraft:unregister' : Vanilla acceptance test: ACCEPTED
[15Aug2026 15:57:48.133] [Netty Server IO #3/DEBUG] [net.minecraftforge.fml.network.NetworkRegistry/NETREGISTRY]: Channel 'fml:play' : Vanilla acceptance test: ACCEPTED
[15Aug2026 15:57:48.133] [Netty Server IO #3/DEBUG] [net.minecraftforge.fml.network.NetworkRegistry/NETREGISTRY]: Channel 'minecraft:register' : Vanilla acceptance test: ACCEPTED
[15Aug2026 15:57:48.134] [Netty Server IO #3/DEBUG] [net.minecraftforge.fml.network.NetworkRegistry/NETREGISTRY]: Channel 'forge:split' : Vanilla acceptance test: ACCEPTED
[15Aug2026 15:57:48.134] [Netty Server IO #3/DEBUG] [net.minecraftforge.fml.network.NetworkRegistry/NETREGISTRY]: Accepting channel list from vanilla
[15Aug2026 15:57:48.134] [Netty Server IO #3/DEBUG] [net.minecraftforge.fml.network.FMLHandshakeHandler/FMLHANDSHAKE]: Starting new vanilla network connection.
[15Aug2026 15:57:48.385] [User Authenticator #93/WARN] [net.minecraft.network.login.ServerLoginNetHandler/]: Failed to verify username but will let them in anyway!
[15Aug2026 15:57:48.405] [Server thread/DEBUG] [net.minecraftforge.fml.network.FMLHandshakeHandler/FMLHANDSHAKE]: Handshake complete!
[15Aug2026 15:57:48.454] [Server thread/INFO] [net.minecraft.network.play.ServerPlayNetHandler/]: Bhota lost connection: You logged in from another location
[15Aug2026 15:57:48.456] [Server thread/INFO] [net.minecraft.server.MinecraftServer/]: Bhota left the game
[15Aug2026 15:57:48.465] [Server thread/INFO] [net.minecraftforge.common.AdvancementLoadFix/]: Using new advancement loading for net.minecraft.advancements.PlayerAdvancements@6ca8dcbf
[15Aug2026 15:57:48.494] [Render thread/INFO] [net.minecraft.client.gui.NewChatGui/]: [CHAT] Bhota left the game
[15Aug2026 15:57:48.503] [Server thread/WARN] [net.minecraft.network.NetworkManager/]: handleDisconnection() called twice
[15Aug2026 15:57:48.504] [Server thread/INFO] [net.minecraft.server.management.PlayerList/]: Bhota[/192.168.29.156:54828] logged in with entity id 1429 at (-47.5, 4.0, -50.5)
[15Aug2026 15:57:48.505] [Server thread/DEBUG] [net.minecraftforge.network.NetworkFilters/]: Injected net.minecraftforge.network.VanillaConnectionNetworkFilter@7efb775 into net.minecraft.network.NetworkManager@ecc5041
[15Aug2026 15:57:48.533] [Server thread/INFO] [net.minecraft.server.MinecraftServer/]: Bhota joined the game
[15Aug2026 15:57:48.589] [Render thread/INFO] [net.minecraft.client.gui.NewChatGui/]: [CHAT] Bhota joined the game
[15Aug2026 15:57:48.709] [Server thread/INFO] [net.minecraft.server.MinecraftServer/]: <Bhota> Bot online. Mention me and tell me what you want, or use !help.
[15Aug2026 15:57:53.479] [Netty Server IO #0/DEBUG] [net.minecraftforge.fml.network.NetworkRegistry/NETREGISTRY]: Channel 'fml:loginwrapper' : Vanilla acceptance test: ACCEPTED
[15Aug2026 15:57:53.479] [Netty Server IO #0/DEBUG] [net.minecraftforge.fml.network.NetworkRegistry/NETREGISTRY]: Channel 'fml:handshake' : Vanilla acceptance test: ACCEPTED
[15Aug2026 15:57:53.479] [Netty Server IO #0/DEBUG] [net.minecraftforge.fml.network.NetworkRegistry/NETREGISTRY]: Channel 'forge:split_11' : Vanilla acceptance test: ACCEPTED
[15Aug2026 15:57:53.479] [Netty Server IO #0/DEBUG] [net.minecraftforge.fml.network.NetworkRegistry/NETREGISTRY]: Channel 'minecraft:unregister' : Vanilla acceptance test: ACCEPTED
[15Aug2026 15:57:53.479] [Netty Server IO #0/DEBUG] [net.minecraftforge.fml.network.NetworkRegistry/NETREGISTRY]: Channel 'fml:play' : Vanilla acceptance test: ACCEPTED
[15Aug2026 15:57:53.479] [Netty Server IO #0/DEBUG] [net.minecraftforge.fml.network.NetworkRegistry/NETREGISTRY]: Channel 'minecraft:register' : Vanilla acceptance test: ACCEPTED
[15Aug2026 15:57:53.479] [Netty Server IO #0/DEBUG] [net.minecraftforge.fml.network.NetworkRegistry/NETREGISTRY]: Channel 'forge:split' : Vanilla acceptance test: ACCEPTED
[15Aug2026 15:57:53.479] [Netty Server IO #0/DEBUG] [net.minecraftforge.fml.network.NetworkRegistry/NETREGISTRY]: Accepting channel list from vanilla
[15Aug2026 15:57:53.479] [Netty Server IO #0/DEBUG] [net.minecraftforge.fml.network.FMLHandshakeHandler/FMLHANDSHAKE]: Starting new vanilla network connection.
[15Aug2026 15:57:53.814] [User Authenticator #94/WARN] [net.minecraft.network.login.ServerLoginNetHandler/]: Failed to verify username but will let them in anyway!
[15Aug2026 15:57:53.890] [Server thread/DEBUG] [net.minecraftforge.fml.network.FMLHandshakeHandler/FMLHANDSHAKE]: Handshake complete!
[15Aug2026 15:57:53.913] [Server thread/INFO] [net.minecraft.network.play.ServerPlayNetHandler/]: Bhota lost connection: You logged in from another location
[15Aug2026 15:57:53.913] [Server thread/INFO] [net.minecraft.server.MinecraftServer/]: Bhota left the game
[15Aug2026 15:57:53.922] [Server thread/INFO] [net.minecraftforge.common.AdvancementLoadFix/]: Using new advancement loading for net.minecraft.advancements.PlayerAdvancements@1910cf45
[15Aug2026 15:57:53.927] [Render thread/INFO] [net.minecraft.client.gui.NewChatGui/]: [CHAT] Bhota left the game
[15Aug2026 15:57:53.947] [Server thread/WARN] [net.minecraft.network.NetworkManager/]: handleDisconnection() called twice
[15Aug2026 15:57:53.949] [Server thread/INFO] [net.minecraft.server.management.PlayerList/]: Bhota[/192.168.29.156:54829] logged in with entity id 1450 at (-47.5, 4.0, -50.5)
[15Aug2026 15:57:53.949] [Server thread/DEBUG] [net.minecraftforge.network.NetworkFilters/]: Injected net.minecraftforge.network.VanillaConnectionNetworkFilter@3677ea08 into net.minecraft.network.NetworkManager@6870b7b3
[15Aug2026 15:57:53.952] [Server thread/INFO] [net.minecraft.server.MinecraftServer/]: Bhota joined the game
[15Aug2026 15:57:54.034] [Render thread/INFO] [net.minecraft.client.gui.NewChatGui/]: [CHAT] Bhota joined the game
[15Aug2026 15:57:54.078] [Server thread/INFO] [net.minecraft.server.MinecraftServer/]: <Bhota> Bot online. Mention me and tell me what you want, or use !help.
[15Aug2026 15:57:58.929] [Netty Server IO #1/DEBUG] [net.minecraftforge.fml.network.NetworkRegistry/NETREGISTRY]: Channel 'fml:loginwrapper' : Vanilla acceptance test: ACCEPTED
[15Aug2026 15:57:58.929] [Netty Server IO #1/DEBUG] [net.minecraftforge.fml.network.NetworkRegistry/NETREGISTRY]: Channel 'fml:handshake' : Vanilla acceptance test: ACCEPTED
[15Aug2026 15:57:58.929] [Netty Server IO #1/DEBUG] [net.minecraftforge.fml.network.NetworkRegistry/NETREGISTRY]: Channel 'forge:split_11' : Vanilla acceptance test: ACCEPTED
[15Aug2026 15:57:58.929] [Netty Server IO #1/DEBUG] [net.minecraftforge.fml.network.NetworkRegistry/NETREGISTRY]: Channel 'minecraft:unregister' : Vanilla acceptance test: ACCEPTED
[15Aug2026 15:57:58.929] [Netty Server IO #1/DEBUG] [net.minecraftforge.fml.network.NetworkRegistry/NETREGISTRY]: Channel 'fml:play' : Vanilla acceptance test: ACCEPTED
[15Aug2026 15:57:58.929] [Netty Server IO #1/DEBUG] [net.minecraftforge.fml.network.NetworkRegistry/NETREGISTRY]: Channel 'minecraft:register' : Vanilla acceptance test: ACCEPTED
[15Aug2026 15:57:58.929] [Netty Server IO #1/DEBUG] [net.minecraftforge.fml.network.NetworkRegistry/NETREGISTRY]: Channel 'forge:split' : Vanilla acceptance test: ACCEPTED
[15Aug2026 15:57:58.929] [Netty Server IO #1/DEBUG] [net.minecraftforge.fml.network.NetworkRegistry/NETREGISTRY]: Accepting channel list from vanilla
[15Aug2026 15:57:58.929] [Netty Server IO #1/DEBUG] [net.minecraftforge.fml.network.FMLHandshakeHandler/FMLHANDSHAKE]: Starting new vanilla network connection.
[15Aug2026 15:57:59.264] [User Authenticator #95/WARN] [net.minecraft.network.login.ServerLoginNetHandler/]: Failed to verify username but will let them in anyway!
[15Aug2026 15:57:59.306] [Server thread/DEBUG] [net.minecraftforge.fml.network.FMLHandshakeHandler/FMLHANDSHAKE]: Handshake complete!
[15Aug2026 15:57:59.356] [Server thread/INFO] [net.minecraft.network.play.ServerPlayNetHandler/]: Bhota lost connection: Disconnected
[15Aug2026 15:57:59.356] [Server thread/INFO] [net.minecraft.server.MinecraftServer/]: Bhota left the game
[15Aug2026 15:57:59.364] [Server thread/INFO] [net.minecraftforge.common.AdvancementLoadFix/]: Using new advancement loading for net.minecraft.advancements.PlayerAdvancements@27f7aa5b
[15Aug2026 15:57:59.372] [Render thread/INFO] [net.minecraft.client.gui.NewChatGui/]: [CHAT] Bhota left the game
[15Aug2026 15:57:59.399] [Server thread/WARN] [net.minecraft.network.NetworkManager/]: handleDisconnection() called twice
[15Aug2026 15:57:59.401] [Server thread/INFO] [net.minecraft.server.management.PlayerList/]: Bhota[/192.168.29.156:54830] logged in with entity id 1454 at (-47.5, 4.0, -50.5)
[15Aug2026 15:57:59.401] [Server thread/DEBUG] [net.minecraftforge.network.NetworkFilters/]: Injected net.minecraftforge.network.VanillaConnectionNetworkFilter@63eabc95 into net.minecraft.network.NetworkManager@26204d97
[15Aug2026 15:57:59.404] [Server thread/INFO] [net.minecraft.server.MinecraftServer/]: Bhota joined the game
[15Aug2026 15:57:59.480] [Render thread/INFO] [net.minecraft.client.gui.NewChatGui/]: [CHAT] Bhota joined the game
[15Aug2026 15:57:59.581] [Server thread/INFO] [net.minecraft.server.MinecraftServer/]: <Bhota> Bot online. Mention me and tell me what you want, or use !help.
[15Aug2026 15:58:00.166] [Server thread/INFO] [net.minecraft.server.MinecraftServer/]: <Dev> mine me some wood botie
[15Aug2026 15:58:00.196] [Render thread/INFO] [net.minecraft.client.gui.NewChatGui/]: [CHAT] <Dev> mine me some wood botie
[15Aug2026 15:58:04.379] [Netty Server IO #2/DEBUG] [net.minecraftforge.fml.network.NetworkRegistry/NETREGISTRY]: Channel 'fml:loginwrapper' : Vanilla acceptance test: ACCEPTED
[15Aug2026 15:58:04.380] [Netty Server IO #2/DEBUG] [net.minecraftforge.fml.network.NetworkRegistry/NETREGISTRY]: Channel 'fml:handshake' : Vanilla acceptance test: ACCEPTED
[15Aug2026 15:58:04.380] [Netty Server IO #2/DEBUG] [net.minecraftforge.fml.network.NetworkRegistry/NETREGISTRY]: Channel 'forge:split_11' : Vanilla acceptance test: ACCEPTED
[15Aug2026 15:58:04.380] [Netty Server IO #2/DEBUG] [net.minecraftforge.fml.network.NetworkRegistry/NETREGISTRY]: Channel 'minecraft:unregister' : Vanilla acceptance test: ACCEPTED
[15Aug2026 15:58:04.380] [Netty Server IO #2/DEBUG] [net.minecraftforge.fml.network.NetworkRegistry/NETREGISTRY]: Channel 'fml:play' : Vanilla acceptance test: ACCEPTED
[15Aug2026 15:58:04.380] [Netty Server IO #2/DEBUG] [net.minecraftforge.fml.network.NetworkRegistry/NETREGISTRY]: Channel 'minecraft:register' : Vanilla acceptance test: ACCEPTED
[15Aug2026 15:58:04.380] [Netty Server IO #2/DEBUG] [net.minecraftforge.fml.network.NetworkRegistry/NETREGISTRY]: Channel 'forge:split' : Vanilla acceptance test: ACCEPTED
[15Aug2026 15:58:04.380] [Netty Server IO #2/DEBUG] [net.minecraftforge.fml.network.NetworkRegistry/NETREGISTRY]: Accepting channel list from vanilla
[15Aug2026 15:58:04.380] [Netty Server IO #2/DEBUG] [net.minecraftforge.fml.network.FMLHandshakeHandler/FMLHANDSHAKE]: Starting new vanilla network connection.
[15Aug2026 15:58:04.680] [Server thread/INFO] [net.minecraft.server.MinecraftServer/]: <Dev> mine me some wood bhota
[15Aug2026 15:58:04.706] [User Authenticator #96/WARN] [net.minecraft.network.login.ServerLoginNetHandler/]: Failed to verify username but will let them in anyway!
[15Aug2026 15:58:04.729] [Server thread/DEBUG] [net.minecraftforge.fml.network.FMLHandshakeHandler/FMLHANDSHAKE]: Handshake complete!
[15Aug2026 15:58:04.730] [Server thread/INFO] [net.minecraft.server.MinecraftServer/]: <Bhota> I only take instructions from my master.
[15Aug2026 15:58:04.732] [Render thread/INFO] [net.minecraft.client.gui.NewChatGui/]: [CHAT] <Dev> mine me some wood bhota
[15Aug2026 15:58:04.752] [Server thread/INFO] [net.minecraft.network.play.ServerPlayNetHandler/]: Bhota lost connection: You logged in from another location
[15Aug2026 15:58:04.752] [Server thread/INFO] [net.minecraft.server.MinecraftServer/]: Bhota left the game
[15Aug2026 15:58:04.764] [Server thread/INFO] [net.minecraftforge.common.AdvancementLoadFix/]: Using new advancement loading for net.minecraft.advancements.PlayerAdvancements@600e1f18
[15Aug2026 15:58:04.777] [Render thread/INFO] [net.minecraft.client.gui.NewChatGui/]: [CHAT] Bhota left the game
[15Aug2026 15:58:04.804] [Server thread/WARN] [net.minecraft.network.NetworkManager/]: handleDisconnection() called twice
[15Aug2026 15:58:04.806] [Server thread/INFO] [net.minecraft.server.management.PlayerList/]: Bhota[/192.168.29.156:54831] logged in with entity id 1464 at (-47.5, 4.0, -50.5)
[15Aug2026 15:58:04.807] [Server thread/DEBUG] [net.minecraftforge.network.NetworkFilters/]: Injected net.minecraftforge.network.VanillaConnectionNetworkFilter@5fe3f40f into net.minecraft.network.NetworkManager@245a0ed8
[15Aug2026 15:58:04.818] [Server thread/INFO] [net.minecraft.server.MinecraftServer/]: Bhota joined the game
[15Aug2026 15:58:04.996] [Render thread/INFO] [net.minecraft.client.gui.NewChatGui/]: [CHAT] Bhota joined the game
[15Aug2026 15:58:05.061] [Server thread/INFO] [net.minecraft.server.MinecraftServer/]: <Bhota> Bot online. Mention me and tell me what you want, or use !help.
[15Aug2026 15:58:08.387] [Server thread/INFO] [net.minecraft.server.MinecraftServer/]: <Bhota> > retreatFrom(source="player_attack:Dev")
[15Aug2026 15:58:08.753] [Server thread/INFO] [net.minecraft.server.MinecraftServer/]: <Bhota> > endFlee()
[15Aug2026 15:58:09.785] [Netty Server IO #3/DEBUG] [net.minecraftforge.fml.network.NetworkRegistry/NETREGISTRY]: Channel 'fml:loginwrapper' : Vanilla acceptance test: ACCEPTED
[15Aug2026 15:58:09.785] [Netty Server IO #3/DEBUG] [net.minecraftforge.fml.network.NetworkRegistry/NETREGISTRY]: Channel 'fml:handshake' : Vanilla acceptance test: ACCEPTED
[15Aug2026 15:58:09.785] [Netty Server IO #3/DEBUG] [net.minecraftforge.fml.network.NetworkRegistry/NETREGISTRY]: Channel 'forge:split_11' : Vanilla acceptance test: ACCEPTED
[15Aug2026 15:58:09.785] [Netty Server IO #3/DEBUG] [net.minecraftforge.fml.network.NetworkRegistry/NETREGISTRY]: Channel 'minecraft:unregister' : Vanilla acceptance test: ACCEPTED
[15Aug2026 15:58:09.785] [Netty Server IO #3/DEBUG] [net.minecraftforge.fml.network.NetworkRegistry/NETREGISTRY]: Channel 'fml:play' : Vanilla acceptance test: ACCEPTED
[15Aug2026 15:58:09.785] [Netty Server IO #3/DEBUG] [net.minecraftforge.fml.network.NetworkRegistry/NETREGISTRY]: Channel 'minecraft:register' : Vanilla acceptance test: ACCEPTED
[15Aug2026 15:58:09.785] [Netty Server IO #3/DEBUG] [net.minecraftforge.fml.network.NetworkRegistry/NETREGISTRY]: Channel 'forge:split' : Vanilla acceptance test: ACCEPTED
[15Aug2026 15:58:09.785] [Netty Server IO #3/DEBUG] [net.minecraftforge.fml.network.NetworkRegistry/NETREGISTRY]: Accepting channel list from vanilla
[15Aug2026 15:58:09.785] [Netty Server IO #3/DEBUG] [net.minecraftforge.fml.network.FMLHandshakeHandler/FMLHANDSHAKE]: Starting new vanilla network connection.
[15Aug2026 15:58:10.116] [User Authenticator #97/WARN] [net.minecraft.network.login.ServerLoginNetHandler/]: Failed to verify username but will let them in anyway!
[15Aug2026 15:58:10.151] [Server thread/DEBUG] [net.minecraftforge.fml.network.FMLHandshakeHandler/FMLHANDSHAKE]: Handshake complete!
[15Aug2026 15:58:10.208] [Server thread/INFO] [net.minecraft.network.play.ServerPlayNetHandler/]: Bhota lost connection: You logged in from another location
[15Aug2026 15:58:10.208] [Server thread/INFO] [net.minecraft.server.MinecraftServer/]: Bhota left the game
[15Aug2026 15:58:10.216] [Server thread/INFO] [net.minecraftforge.common.AdvancementLoadFix/]: Using new advancement loading for net.minecraft.advancements.PlayerAdvancements@1eea61a6
[15Aug2026 15:58:10.222] [Render thread/INFO] [net.minecraft.client.gui.NewChatGui/]: [CHAT] Bhota left the game
[15Aug2026 15:58:10.247] [Server thread/WARN] [net.minecraft.network.NetworkManager/]: handleDisconnection() called twice
[15Aug2026 15:58:10.250] [Server thread/INFO] [net.minecraft.server.management.PlayerList/]: Bhota[/192.168.29.156:54832] logged in with entity id 1484 at (-49.49805189180502, 4.0, -60.354127029833094)
[15Aug2026 15:58:10.251] [Server thread/DEBUG] [net.minecraftforge.network.NetworkFilters/]: Injected net.minecraftforge.network.VanillaConnectionNetworkFilter@323efe18 into net.minecraft.network.NetworkManager@5ab7ba86
[15Aug2026 15:58:10.275] [Server thread/INFO] [net.minecraft.server.MinecraftServer/]: Bhota joined the game
[15Aug2026 15:58:10.367] [Render thread/INFO] [net.minecraft.client.gui.NewChatGui/]: [CHAT] Bhota joined the game
[15Aug2026 15:58:10.450] [Server thread/INFO] [net.minecraft.server.MinecraftServer/]: <Bhota> Bot online. Mention me and tell me what you want, or use !help.
[15Aug2026 15:58:13.633] [Server thread/INFO] [net.minecraft.server.MinecraftServer/]: <Bhota> > retreatFrom(source="player_attack:Dev")
[15Aug2026 15:58:15.220] [Netty Server IO #0/DEBUG] [net.minecraftforge.fml.network.NetworkRegistry/NETREGISTRY]: Channel 'fml:loginwrapper' : Vanilla acceptance test: ACCEPTED
[15Aug2026 15:58:15.220] [Netty Server IO #0/DEBUG] [net.minecraftforge.fml.network.NetworkRegistry/NETREGISTRY]: Channel 'fml:handshake' : Vanilla acceptance test: ACCEPTED
[15Aug2026 15:58:15.220] [Netty Server IO #0/DEBUG] [net.minecraftforge.fml.network.NetworkRegistry/NETREGISTRY]: Channel 'forge:split_11' : Vanilla acceptance test: ACCEPTED
[15Aug2026 15:58:15.220] [Netty Server IO #0/DEBUG] [net.minecraftforge.fml.network.NetworkRegistry/NETREGISTRY]: Channel 'minecraft:unregister' : Vanilla acceptance test: ACCEPTED
[15Aug2026 15:58:15.220] [Netty Server IO #0/DEBUG] [net.minecraftforge.fml.network.NetworkRegistry/NETREGISTRY]: Channel 'fml:play' : Vanilla acceptance test: ACCEPTED
[15Aug2026 15:58:15.220] [Netty Server IO #0/DEBUG] [net.minecraftforge.fml.network.NetworkRegistry/NETREGISTRY]: Channel 'minecraft:register' : Vanilla acceptance test: ACCEPTED
[15Aug2026 15:58:15.220] [Netty Server IO #0/DEBUG] [net.minecraftforge.fml.network.NetworkRegistry/NETREGISTRY]: Channel 'forge:split' : Vanilla acceptance test: ACCEPTED
[15Aug2026 15:58:15.221] [Netty Server IO #0/DEBUG] [net.minecraftforge.fml.network.NetworkRegistry/NETREGISTRY]: Accepting channel list from vanilla
[15Aug2026 15:58:15.221] [Netty Server IO #0/DEBUG] [net.minecraftforge.fml.network.FMLHandshakeHandler/FMLHANDSHAKE]: Starting new vanilla network connection.
[15Aug2026 15:58:15.522] [User Authenticator #98/WARN] [net.minecraft.network.login.ServerLoginNetHandler/]: Failed to verify username but will let them in anyway!
[15Aug2026 15:58:15.552] [Server thread/DEBUG] [net.minecraftforge.fml.network.FMLHandshakeHandler/FMLHANDSHAKE]: Handshake complete!
[15Aug2026 15:58:15.645] [Server thread/INFO] [net.minecraft.network.play.ServerPlayNetHandler/]: Bhota lost connection: You logged in from another location
[15Aug2026 15:58:15.645] [Server thread/INFO] [net.minecraft.server.MinecraftServer/]: Bhota left the game
[15Aug2026 15:58:15.652] [Server thread/INFO] [net.minecraft.server.management.PlayerList/]: Bhota[/192.168.29.156:54833] logged in with entity id 1501 at (-54.113108173021836, 4.0, -53.93709873090357)
[15Aug2026 15:58:15.652] [Server thread/DEBUG] [net.minecraftforge.network.NetworkFilters/]: Injected net.minecraftforge.network.VanillaConnectionNetworkFilter@1adcc4bc into net.minecraft.network.NetworkManager@6e3558a0
[15Aug2026 15:58:15.659] [Server thread/INFO] [net.minecraft.server.MinecraftServer/]: Bhota joined the game
[15Aug2026 15:58:15.709] [Render thread/INFO] [net.minecraft.client.gui.NewChatGui/]: [CHAT] Bhota left the game
[15Aug2026 15:58:15.709] [Render thread/INFO] [net.minecraft.client.gui.NewChatGui/]: [CHAT] Bhota joined the game
[15Aug2026 15:58:15.869] [Server thread/INFO] [net.minecraft.server.MinecraftServer/]: <Bhota> Bot online. Mention me and tell me what you want, or use !help.
[15Aug2026 15:58:19.030] [Server thread/INFO] [net.minecraft.server.MinecraftServer/]: <Bhota> > retreatFrom(source="player_attack:Dev")
[15Aug2026 15:58:20.263] [Server thread/INFO] [net.minecraft.server.MinecraftServer/]: <Bhota> > endFlee()
[15Aug2026 15:58:20.621] [Netty Server IO #1/DEBUG] [net.minecraftforge.fml.network.NetworkRegistry/NETREGISTRY]: Channel 'fml:loginwrapper' : Vanilla acceptance test: ACCEPTED
[15Aug2026 15:58:20.621] [Netty Server IO #1/DEBUG] [net.minecraftforge.fml.network.NetworkRegistry/NETREGISTRY]: Channel 'fml:handshake' : Vanilla acceptance test: ACCEPTED
[15Aug2026 15:58:20.621] [Netty Server IO #1/DEBUG] [net.minecraftforge.fml.network.NetworkRegistry/NETREGISTRY]: Channel 'forge:split_11' : Vanilla acceptance test: ACCEPTED
[15Aug2026 15:58:20.621] [Netty Server IO #1/DEBUG] [net.minecraftforge.fml.network.NetworkRegistry/NETREGISTRY]: Channel 'minecraft:unregister' : Vanilla acceptance test: ACCEPTED
[15Aug2026 15:58:20.621] [Netty Server IO #1/DEBUG] [net.minecraftforge.fml.network.NetworkRegistry/NETREGISTRY]: Channel 'fml:play' : Vanilla acceptance test: ACCEPTED
[15Aug2026 15:58:20.621] [Netty Server IO #1/DEBUG] [net.minecraftforge.fml.network.NetworkRegistry/NETREGISTRY]: Channel 'minecraft:register' : Vanilla acceptance test: ACCEPTED
[15Aug2026 15:58:20.621] [Netty Server IO #1/DEBUG] [net.minecraftforge.fml.network.NetworkRegistry/NETREGISTRY]: Channel 'forge:split' : Vanilla acceptance test: ACCEPTED
[15Aug2026 15:58:20.621] [Netty Server IO #1/DEBUG] [net.minecraftforge.fml.network.NetworkRegistry/NETREGISTRY]: Accepting channel list from vanilla
[15Aug2026 15:58:20.621] [Netty Server IO #1/DEBUG] [net.minecraftforge.fml.network.FMLHandshakeHandler/FMLHANDSHAKE]: Starting new vanilla network connection.
[15Aug2026 15:58:20.904] [User Authenticator #99/WARN] [net.minecraft.network.login.ServerLoginNetHandler/]: Failed to verify username but will let them in anyway!
[15Aug2026 15:58:20.953] [Server thread/DEBUG] [net.minecraftforge.fml.network.FMLHandshakeHandler/FMLHANDSHAKE]: Handshake complete!
[15Aug2026 15:58:21.003] [Server thread/INFO] [net.minecraft.network.play.ServerPlayNetHandler/]: Bhota lost connection: You logged in from another location
[15Aug2026 15:58:21.003] [Server thread/INFO] [net.minecraft.server.MinecraftServer/]: Bhota left the game
[15Aug2026 15:58:21.010] [Server thread/INFO] [net.minecraftforge.common.AdvancementLoadFix/]: Using new advancement loading for net.minecraft.advancements.PlayerAdvancements@65ee7ea6
[15Aug2026 15:58:21.017] [Render thread/INFO] [net.minecraft.client.gui.NewChatGui/]: [CHAT] Bhota left the game
[15Aug2026 15:58:21.048] [Server thread/WARN] [net.minecraft.network.NetworkManager/]: handleDisconnection() called twice
[15Aug2026 15:58:21.050] [Server thread/INFO] [net.minecraft.server.management.PlayerList/]: Bhota[/192.168.29.156:54834] logged in with entity id 1518 at (-54.50007649686791, 4.0, -61.39458350986498)
[15Aug2026 15:58:21.051] [Server thread/DEBUG] [net.minecraftforge.network.NetworkFilters/]: Injected net.minecraftforge.network.VanillaConnectionNetworkFilter@1a5a506 into net.minecraft.network.NetworkManager@185471b
[15Aug2026 15:58:21.055] [Server thread/INFO] [net.minecraft.server.MinecraftServer/]: Bhota joined the game
[15Aug2026 15:58:21.159] [Render thread/INFO] [net.minecraft.client.gui.NewChatGui/]: [CHAT] Bhota joined the game
[15Aug2026 15:58:21.210] [Server thread/INFO] [net.minecraft.server.MinecraftServer/]: <Bhota> Bot online. Mention me and tell me what you want, or use !help.
[15Aug2026 15:58:25.453] [Server thread/INFO] [net.minecraft.server.MinecraftServer/]: <Bhota> > retreatFrom(source="creeper")
[15Aug2026 15:58:26.026] [Netty Server IO #2/DEBUG] [net.minecraftforge.fml.network.NetworkRegistry/NETREGISTRY]: Channel 'fml:loginwrapper' : Vanilla acceptance test: ACCEPTED
[15Aug2026 15:58:26.026] [Netty Server IO #2/DEBUG] [net.minecraftforge.fml.network.NetworkRegistry/NETREGISTRY]: Channel 'fml:handshake' : Vanilla acceptance test: ACCEPTED
[15Aug2026 15:58:26.026] [Netty Server IO #2/DEBUG] [net.minecraftforge.fml.network.NetworkRegistry/NETREGISTRY]: Channel 'forge:split_11' : Vanilla acceptance test: ACCEPTED
[15Aug2026 15:58:26.026] [Netty Server IO #2/DEBUG] [net.minecraftforge.fml.network.NetworkRegistry/NETREGISTRY]: Channel 'minecraft:unregister' : Vanilla acceptance test: ACCEPTED
[15Aug2026 15:58:26.026] [Netty Server IO #2/DEBUG] [net.minecraftforge.fml.network.NetworkRegistry/NETREGISTRY]: Channel 'fml:play' : Vanilla acceptance test: ACCEPTED
[15Aug2026 15:58:26.026] [Netty Server IO #2/DEBUG] [net.minecraftforge.fml.network.NetworkRegistry/NETREGISTRY]: Channel 'minecraft:register' : Vanilla acceptance test: ACCEPTED
[15Aug2026 15:58:26.026] [Netty Server IO #2/DEBUG] [net.minecraftforge.fml.network.NetworkRegistry/NETREGISTRY]: Channel 'forge:split' : Vanilla acceptance test: ACCEPTED
[15Aug2026 15:58:26.026] [Netty Server IO #2/DEBUG] [net.minecraftforge.fml.network.NetworkRegistry/NETREGISTRY]: Accepting channel list from vanilla
[15Aug2026 15:58:26.027] [Netty Server IO #2/DEBUG] [net.minecraftforge.fml.network.FMLHandshakeHandler/FMLHANDSHAKE]: Starting new vanilla network connection.
[15Aug2026 15:58:26.349] [User Authenticator #100/WARN] [net.minecraft.network.login.ServerLoginNetHandler/]: Failed to verify username but will let them in anyway!
[15Aug2026 15:58:26.359] [Server thread/DEBUG] [net.minecraftforge.fml.network.FMLHandshakeHandler/FMLHANDSHAKE]: Handshake complete!
[15Aug2026 15:58:26.455] [Server thread/INFO] [net.minecraft.network.play.ServerPlayNetHandler/]: Bhota lost connection: You logged in from another location
[15Aug2026 15:58:26.455] [Server thread/INFO] [net.minecraft.server.MinecraftServer/]: Bhota left the game
[15Aug2026 15:58:26.463] [Server thread/INFO] [net.minecraft.server.management.PlayerList/]: Bhota[/192.168.29.156:54835] logged in with entity id 1531 at (-51.86404894791989, 4.495200877005911, -57.8872085168702)
[15Aug2026 15:58:26.463] [Server thread/DEBUG] [net.minecraftforge.network.NetworkFilters/]: Injected net.minecraftforge.network.VanillaConnectionNetworkFilter@63e0d14e into net.minecraft.network.NetworkManager@6af7307f
[15Aug2026 15:58:26.493] [Server thread/INFO] [net.minecraft.server.MinecraftServer/]: Bhota joined the game
[15Aug2026 15:58:26.587] [Render thread/INFO] [net.minecraft.client.gui.NewChatGui/]: [CHAT] Bhota left the game
[15Aug2026 15:58:26.589] [Render thread/INFO] [net.minecraft.client.gui.NewChatGui/]: [CHAT] Bhota joined the game
[15Aug2026 15:58:26.667] [Server thread/INFO] [net.minecraft.server.MinecraftServer/]: <Bhota> Bot online. Mention me and tell me what you want, or use !help.
[15Aug2026 15:58:27.794] [Server thread/INFO] [net.minecraft.server.MinecraftServer/]: <Bhota> > startFight(target="spider")
[15Aug2026 15:58:29.715] [Server thread/INFO] [net.minecraft.server.MinecraftServer/]: Bhota was blown up by Creeper
[15Aug2026 15:58:29.735] [Render thread/INFO] [net.minecraft.client.gui.NewChatGui/]: [CHAT] Bhota was blown up by Creeper
[15Aug2026 15:58:29.806] [Server thread/INFO] [net.minecraft.server.MinecraftServer/]: <Bhota> > retreatFrom(source="unarmed_vs_spider")
[15Aug2026 15:58:29.824] [Server thread/INFO] [net.minecraft.server.MinecraftServer/]: <Bhota> > onDeath()
[15Aug2026 15:58:29.827] [Server thread/INFO] [net.minecraftforge.common.AdvancementLoadFix/]: Using new advancement loading for net.minecraft.advancements.PlayerAdvancements@64d38f41
[15Aug2026 15:58:29.912] [Server thread/INFO] [net.minecraft.server.MinecraftServer/]: <Bhota> > endFlee()
[15Aug2026 15:58:31.434] [Netty Server IO #3/DEBUG] [net.minecraftforge.fml.network.NetworkRegistry/NETREGISTRY]: Channel 'fml:loginwrapper' : Vanilla acceptance test: ACCEPTED
[15Aug2026 15:58:31.434] [Netty Server IO #3/DEBUG] [net.minecraftforge.fml.network.NetworkRegistry/NETREGISTRY]: Channel 'fml:handshake' : Vanilla acceptance test: ACCEPTED
[15Aug2026 15:58:31.434] [Netty Server IO #3/DEBUG] [net.minecraftforge.fml.network.NetworkRegistry/NETREGISTRY]: Channel 'forge:split_11' : Vanilla acceptance test: ACCEPTED
[15Aug2026 15:58:31.434] [Netty Server IO #3/DEBUG] [net.minecraftforge.fml.network.NetworkRegistry/NETREGISTRY]: Channel 'minecraft:unregister' : Vanilla acceptance test: ACCEPTED
[15Aug2026 15:58:31.434] [Netty Server IO #3/DEBUG] [net.minecraftforge.fml.network.NetworkRegistry/NETREGISTRY]: Channel 'fml:play' : Vanilla acceptance test: ACCEPTED
[15Aug2026 15:58:31.434] [Netty Server IO #3/DEBUG] [net.minecraftforge.fml.network.NetworkRegistry/NETREGISTRY]: Channel 'minecraft:register' : Vanilla acceptance test: ACCEPTED
[15Aug2026 15:58:31.434] [Netty Server IO #3/DEBUG] [net.minecraftforge.fml.network.NetworkRegistry/NETREGISTRY]: Channel 'forge:split' : Vanilla acceptance test: ACCEPTED
[15Aug2026 15:58:31.434] [Netty Server IO #3/DEBUG] [net.minecraftforge.fml.network.NetworkRegistry/NETREGISTRY]: Accepting channel list from vanilla
[15Aug2026 15:58:31.434] [Netty Server IO #3/DEBUG] [net.minecraftforge.fml.network.FMLHandshakeHandler/FMLHANDSHAKE]: Starting new vanilla network connection.
[15Aug2026 15:58:31.732] [User Authenticator #101/WARN] [net.minecraft.network.login.ServerLoginNetHandler/]: Failed to verify username but will let them in anyway!
[15Aug2026 15:58:31.755] [Server thread/DEBUG] [net.minecraftforge.fml.network.FMLHandshakeHandler/FMLHANDSHAKE]: Handshake complete!
[15Aug2026 15:58:31.805] [Server thread/INFO] [net.minecraft.network.play.ServerPlayNetHandler/]: Bhota lost connection: You logged in from another location
[15Aug2026 15:58:31.806] [Server thread/INFO] [net.minecraft.server.MinecraftServer/]: Bhota left the game
[15Aug2026 15:58:31.814] [Server thread/INFO] [net.minecraftforge.common.AdvancementLoadFix/]: Using new advancement loading for net.minecraft.advancements.PlayerAdvancements@941b103
[15Aug2026 15:58:31.825] [Render thread/INFO] [net.minecraft.client.gui.NewChatGui/]: [CHAT] Bhota left the game
[15Aug2026 15:58:31.849] [Server thread/WARN] [net.minecraft.network.NetworkManager/]: handleDisconnection() called twice
[15Aug2026 15:58:31.851] [Server thread/INFO] [net.minecraft.server.management.PlayerList/]: Bhota[/192.168.29.156:54836] logged in with entity id 1568 at (-51.5, 4.0, -43.5)
[15Aug2026 15:58:31.851] [Server thread/DEBUG] [net.minecraftforge.network.NetworkFilters/]: Injected net.minecraftforge.network.VanillaConnectionNetworkFilter@16e71cb3 into net.minecraft.network.NetworkManager@12aa7ec5
[15Aug2026 15:58:31.856] [Server thread/INFO] [net.minecraft.server.MinecraftServer/]: Bhota joined the game
[15Aug2026 15:58:31.934] [Render thread/INFO] [net.minecraft.client.gui.NewChatGui/]: [CHAT] Bhota joined the game
[15Aug2026 15:58:32.001] [Server thread/INFO] [net.minecraft.server.MinecraftServer/]: <Bhota> Bot online. Mention me and tell me what you want, or use !help.
[15Aug2026 15:58:36.831] [Netty Server IO #0/DEBUG] [net.minecraftforge.fml.network.NetworkRegistry/NETREGISTRY]: Channel 'fml:loginwrapper' : Vanilla acceptance test: ACCEPTED
[15Aug2026 15:58:36.831] [Netty Server IO #0/DEBUG] [net.minecraftforge.fml.network.NetworkRegistry/NETREGISTRY]: Channel 'fml:handshake' : Vanilla acceptance test: ACCEPTED
[15Aug2026 15:58:36.831] [Netty Server IO #0/DEBUG] [net.minecraftforge.fml.network.NetworkRegistry/NETREGISTRY]: Channel 'forge:split_11' : Vanilla acceptance test: ACCEPTED
[15Aug2026 15:58:36.831] [Netty Server IO #0/DEBUG] [net.minecraftforge.fml.network.NetworkRegistry/NETREGISTRY]: Channel 'minecraft:unregister' : Vanilla acceptance test: ACCEPTED
[15Aug2026 15:58:36.831] [Netty Server IO #0/DEBUG] [net.minecraftforge.fml.network.NetworkRegistry/NETREGISTRY]: Channel 'fml:play' : Vanilla acceptance test: ACCEPTED
[15Aug2026 15:58:36.831] [Netty Server IO #0/DEBUG] [net.minecraftforge.fml.network.NetworkRegistry/NETREGISTRY]: Channel 'minecraft:register' : Vanilla acceptance test: ACCEPTED
[15Aug2026 15:58:36.831] [Netty Server IO #0/DEBUG] [net.minecraftforge.fml.network.NetworkRegistry/NETREGISTRY]: Channel 'forge:split' : Vanilla acceptance test: ACCEPTED
[15Aug2026 15:58:36.831] [Netty Server IO #0/DEBUG] [net.minecraftforge.fml.network.NetworkRegistry/NETREGISTRY]: Accepting channel list from vanilla
[15Aug2026 15:58:36.831] [Netty Server IO #0/DEBUG] [net.minecraftforge.fml.network.FMLHandshakeHandler/FMLHANDSHAKE]: Starting new vanilla network connection.
[15Aug2026 15:58:37.132] [User Authenticator #102/WARN] [net.minecraft.network.login.ServerLoginNetHandler/]: Failed to verify username but will let them in anyway!
[15Aug2026 15:58:37.153] [Server thread/DEBUG] [net.minecraftforge.fml.network.FMLHandshakeHandler/FMLHANDSHAKE]: Handshake complete!
[15Aug2026 15:58:37.209] [Server thread/INFO] [net.minecraft.network.play.ServerPlayNetHandler/]: Bhota lost connection: You logged in from another location
[15Aug2026 15:58:37.209] [Server thread/INFO] [net.minecraft.server.MinecraftServer/]: Bhota left the game
[15Aug2026 15:58:37.218] [Server thread/INFO] [net.minecraftforge.common.AdvancementLoadFix/]: Using new advancement loading for net.minecraft.advancements.PlayerAdvancements@6a7f1cea
[15Aug2026 15:58:37.232] [Render thread/INFO] [net.minecraft.client.gui.NewChatGui/]: [CHAT] Bhota left the game
[15Aug2026 15:58:37.251] [Server thread/WARN] [net.minecraft.network.NetworkManager/]: handleDisconnection() called twice
[15Aug2026 15:58:37.253] [Server thread/INFO] [net.minecraft.server.management.PlayerList/]: Bhota[/192.168.29.156:54837] logged in with entity id 1606 at (-51.5, 4.0, -43.5)
[15Aug2026 15:58:37.253] [Server thread/DEBUG] [net.minecraftforge.network.NetworkFilters/]: Injected net.minecraftforge.network.VanillaConnectionNetworkFilter@3ae29b01 into net.minecraft.network.NetworkManager@28e858fb
[15Aug2026 15:58:37.261] [Server thread/INFO] [net.minecraft.server.MinecraftServer/]: Bhota joined the game
[15Aug2026 15:58:37.358] [Render thread/INFO] [net.minecraft.client.gui.NewChatGui/]: [CHAT] Bhota joined the game
[15Aug2026 15:58:37.415] [Server thread/INFO] [net.minecraft.server.MinecraftServer/]: <Bhota> Bot online. Mention me and tell me what you want, or use !help.
[15Aug2026 15:58:42.234] [Netty Server IO #1/DEBUG] [net.minecraftforge.fml.network.NetworkRegistry/NETREGISTRY]: Channel 'fml:loginwrapper' : Vanilla acceptance test: ACCEPTED
[15Aug2026 15:58:42.234] [Netty Server IO #1/DEBUG] [net.minecraftforge.fml.network.NetworkRegistry/NETREGISTRY]: Channel 'fml:handshake' : Vanilla acceptance test: ACCEPTED
[15Aug2026 15:58:42.234] [Netty Server IO #1/DEBUG] [net.minecraftforge.fml.network.NetworkRegistry/NETREGISTRY]: Channel 'forge:split_11' : Vanilla acceptance test: ACCEPTED
[15Aug2026 15:58:42.234] [Netty Server IO #1/DEBUG] [net.minecraftforge.fml.network.NetworkRegistry/NETREGISTRY]: Channel 'minecraft:unregister' : Vanilla acceptance test: ACCEPTED
[15Aug2026 15:58:42.234] [Netty Server IO #1/DEBUG] [net.minecraftforge.fml.network.NetworkRegistry/NETREGISTRY]: Channel 'fml:play' : Vanilla acceptance test: ACCEPTED
[15Aug2026 15:58:42.234] [Netty Server IO #1/DEBUG] [net.minecraftforge.fml.network.NetworkRegistry/NETREGISTRY]: Channel 'minecraft:register' : Vanilla acceptance test: ACCEPTED
[15Aug2026 15:58:42.234] [Netty Server IO #1/DEBUG] [net.minecraftforge.fml.network.NetworkRegistry/NETREGISTRY]: Channel 'forge:split' : Vanilla acceptance test: ACCEPTED
[15Aug2026 15:58:42.234] [Netty Server IO #1/DEBUG] [net.minecraftforge.fml.network.NetworkRegistry/NETREGISTRY]: Accepting channel list from vanilla
[15Aug2026 15:58:42.234] [Netty Server IO #1/DEBUG] [net.minecraftforge.fml.network.FMLHandshakeHandler/FMLHANDSHAKE]: Starting new vanilla network connection.
[15Aug2026 15:58:42.522] [User Authenticator #103/WARN] [net.minecraft.network.login.ServerLoginNetHandler/]: Failed to verify username but will let them in anyway!
[15Aug2026 15:58:42.554] [Server thread/DEBUG] [net.minecraftforge.fml.network.FMLHandshakeHandler/FMLHANDSHAKE]: Handshake complete!
[15Aug2026 15:58:42.602] [Server thread/INFO] [net.minecraft.network.play.ServerPlayNetHandler/]: Bhota lost connection: Disconnected
[15Aug2026 15:58:42.602] [Server thread/INFO] [net.minecraft.server.MinecraftServer/]: Bhota left the game
[15Aug2026 15:58:42.614] [Server thread/INFO] [net.minecraftforge.common.AdvancementLoadFix/]: Using new advancement loading for net.minecraft.advancements.PlayerAdvancements@7f6a9aad
[15Aug2026 15:58:42.627] [Render thread/INFO] [net.minecraft.client.gui.NewChatGui/]: [CHAT] Bhota left the game
[15Aug2026 15:58:42.653] [Server thread/WARN] [net.minecraft.network.NetworkManager/]: handleDisconnection() called twice
[15Aug2026 15:58:42.655] [Server thread/INFO] [net.minecraft.server.management.PlayerList/]: Bhota[/192.168.29.156:54838] logged in with entity id 1640 at (-51.5, 4.0, -43.5)
[15Aug2026 15:58:42.655] [Server thread/DEBUG] [net.minecraftforge.network.NetworkFilters/]: Injected net.minecraftforge.network.VanillaConnectionNetworkFilter@18589f0 into net.minecraft.network.NetworkManager@2a11d49f
[15Aug2026 15:58:42.668] [Server thread/INFO] [net.minecraft.server.MinecraftServer/]: Bhota joined the game
[15Aug2026 15:58:42.767] [Render thread/INFO] [net.minecraft.client.gui.NewChatGui/]: [CHAT] Bhota joined the game
[15Aug2026 15:58:42.815] [Server thread/INFO] [net.minecraft.server.MinecraftServer/]: <Bhota> Bot online. Mention me and tell me what you want, or use !help.
[15Aug2026 15:58:47.631] [Netty Server IO #2/DEBUG] [net.minecraftforge.fml.network.NetworkRegistry/NETREGISTRY]: Channel 'fml:loginwrapper' : Vanilla acceptance test: ACCEPTED
[15Aug2026 15:58:47.631] [Netty Server IO #2/DEBUG] [net.minecraftforge.fml.network.NetworkRegistry/NETREGISTRY]: Channel 'fml:handshake' : Vanilla acceptance test: ACCEPTED
[15Aug2026 15:58:47.631] [Netty Server IO #2/DEBUG] [net.minecraftforge.fml.network.NetworkRegistry/NETREGISTRY]: Channel 'forge:split_11' : Vanilla acceptance test: ACCEPTED
[15Aug2026 15:58:47.631] [Netty Server IO #2/DEBUG] [net.minecraftforge.fml.network.NetworkRegistry/NETREGISTRY]: Channel 'minecraft:unregister' : Vanilla acceptance test: ACCEPTED
[15Aug2026 15:58:47.631] [Netty Server IO #2/DEBUG] [net.minecraftforge.fml.network.NetworkRegistry/NETREGISTRY]: Channel 'fml:play' : Vanilla acceptance test: ACCEPTED
[15Aug2026 15:58:47.631] [Netty Server IO #2/DEBUG] [net.minecraftforge.fml.network.NetworkRegistry/NETREGISTRY]: Channel 'minecraft:register' : Vanilla acceptance test: ACCEPTED
[15Aug2026 15:58:47.631] [Netty Server IO #2/DEBUG] [net.minecraftforge.fml.network.NetworkRegistry/NETREGISTRY]: Channel 'forge:split' : Vanilla acceptance test: ACCEPTED
[15Aug2026 15:58:47.631] [Netty Server IO #2/DEBUG] [net.minecraftforge.fml.network.NetworkRegistry/NETREGISTRY]: Accepting channel list from vanilla
[15Aug2026 15:58:47.631] [Netty Server IO #2/DEBUG] [net.minecraftforge.fml.network.FMLHandshakeHandler/FMLHANDSHAKE]: Starting new vanilla network connection.
[15Aug2026 15:58:47.993] [User Authenticator #104/WARN] [net.minecraft.network.login.ServerLoginNetHandler/]: Failed to verify username but will let them in anyway!
[15Aug2026 15:58:48.001] [Server thread/DEBUG] [net.minecraftforge.fml.network.FMLHandshakeHandler/FMLHANDSHAKE]: Handshake complete!
[15Aug2026 15:58:48.056] [Server thread/INFO] [net.minecraft.network.play.ServerPlayNetHandler/]: Bhota lost connection: You logged in from another location
[15Aug2026 15:58:48.056] [Server thread/INFO] [net.minecraft.server.MinecraftServer/]: Bhota left the game
[15Aug2026 15:58:48.066] [Server thread/INFO] [net.minecraftforge.common.AdvancementLoadFix/]: Using new advancement loading for net.minecraft.advancements.PlayerAdvancements@694a4b20
[15Aug2026 15:58:48.069] [Render thread/INFO] [net.minecraft.client.gui.NewChatGui/]: [CHAT] Bhota left the game
[15Aug2026 15:58:48.104] [Server thread/WARN] [net.minecraft.network.NetworkManager/]: handleDisconnection() called twice
[15Aug2026 15:58:48.106] [Server thread/INFO] [net.minecraft.server.management.PlayerList/]: Bhota[/192.168.29.156:54839] logged in with entity id 1676 at (-51.5, 4.0, -43.5)
[15Aug2026 15:58:48.107] [Server thread/DEBUG] [net.minecraftforge.network.NetworkFilters/]: Injected net.minecraftforge.network.VanillaConnectionNetworkFilter@7969129e into net.minecraft.network.NetworkManager@424155d8
[15Aug2026 15:58:48.114] [Server thread/INFO] [net.minecraft.server.MinecraftServer/]: Bhota joined the game
[15Aug2026 15:58:48.196] [Render thread/INFO] [net.minecraft.client.gui.NewChatGui/]: [CHAT] Bhota joined the game
[15Aug2026 15:58:48.253] [Server thread/INFO] [net.minecraft.server.MinecraftServer/]: <Bhota> Bot online. Mention me and tell me what you want, or use !help.
[15Aug2026 15:58:53.078] [Netty Server IO #3/DEBUG] [net.minecraftforge.fml.network.NetworkRegistry/NETREGISTRY]: Channel 'fml:loginwrapper' : Vanilla acceptance test: ACCEPTED
[15Aug2026 15:58:53.078] [Netty Server IO #3/DEBUG] [net.minecraftforge.fml.network.NetworkRegistry/NETREGISTRY]: Channel 'fml:handshake' : Vanilla acceptance test: ACCEPTED
[15Aug2026 15:58:53.078] [Netty Server IO #3/DEBUG] [net.minecraftforge.fml.network.NetworkRegistry/NETREGISTRY]: Channel 'forge:split_11' : Vanilla acceptance test: ACCEPTED
[15Aug2026 15:58:53.078] [Netty Server IO #3/DEBUG] [net.minecraftforge.fml.network.NetworkRegistry/NETREGISTRY]: Channel 'minecraft:unregister' : Vanilla acceptance test: ACCEPTED
[15Aug2026 15:58:53.078] [Netty Server IO #3/DEBUG] [net.minecraftforge.fml.network.NetworkRegistry/NETREGISTRY]: Channel 'fml:play' : Vanilla acceptance test: ACCEPTED
[15Aug2026 15:58:53.078] [Netty Server IO #3/DEBUG] [net.minecraftforge.fml.network.NetworkRegistry/NETREGISTRY]: Channel 'minecraft:register' : Vanilla acceptance test: ACCEPTED
[15Aug2026 15:58:53.078] [Netty Server IO #3/DEBUG] [net.minecraftforge.fml.network.NetworkRegistry/NETREGISTRY]: Channel 'forge:split' : Vanilla acceptance test: ACCEPTED
[15Aug2026 15:58:53.078] [Netty Server IO #3/DEBUG] [net.minecraftforge.fml.network.NetworkRegistry/NETREGISTRY]: Accepting channel list from vanilla
[15Aug2026 15:58:53.078] [Netty Server IO #3/DEBUG] [net.minecraftforge.fml.network.FMLHandshakeHandler/FMLHANDSHAKE]: Starting new vanilla network connection.
[15Aug2026 15:58:53.422] [User Authenticator #105/WARN] [net.minecraft.network.login.ServerLoginNetHandler/]: Failed to verify username but will let them in anyway!
[15Aug2026 15:58:53.450] [Server thread/DEBUG] [net.minecraftforge.fml.network.FMLHandshakeHandler/FMLHANDSHAKE]: Handshake complete!
[15Aug2026 15:58:53.551] [Server thread/INFO] [net.minecraft.network.play.ServerPlayNetHandler/]: Bhota lost connection: You logged in from another location
[15Aug2026 15:58:53.551] [Server thread/INFO] [net.minecraft.server.MinecraftServer/]: Bhota left the game
[15Aug2026 15:58:53.561] [Render thread/INFO] [net.minecraft.client.gui.NewChatGui/]: [CHAT] Bhota left the game
[15Aug2026 15:58:53.565] [Server thread/INFO] [net.minecraft.server.management.PlayerList/]: Bhota[/192.168.29.156:54840] logged in with entity id 1690 at (-51.5, 4.0, -43.5)
[15Aug2026 15:58:53.565] [Server thread/DEBUG] [net.minecraftforge.network.NetworkFilters/]: Injected net.minecraftforge.network.VanillaConnectionNetworkFilter@3b0b5882 into net.minecraft.network.NetworkManager@4c679a25
[15Aug2026 15:58:53.569] [Server thread/INFO] [net.minecraft.server.MinecraftServer/]: Bhota joined the game
[15Aug2026 15:58:53.661] [Render thread/INFO] [net.minecraft.client.gui.NewChatGui/]: [CHAT] Bhota joined the game
[15Aug2026 15:58:53.717] [Server thread/INFO] [net.minecraft.server.MinecraftServer/]: <Bhota> Bot online. Mention me and tell me what you want, or use !help.
[15Aug2026 15:58:58.515] [Netty Server IO #0/DEBUG] [net.minecraftforge.fml.network.NetworkRegistry/NETREGISTRY]: Channel 'fml:loginwrapper' : Vanilla acceptance test: ACCEPTED
[15Aug2026 15:58:58.516] [Netty Server IO #0/DEBUG] [net.minecraftforge.fml.network.NetworkRegistry/NETREGISTRY]: Channel 'fml:handshake' : Vanilla acceptance test: ACCEPTED
[15Aug2026 15:58:58.516] [Netty Server IO #0/DEBUG] [net.minecraftforge.fml.network.NetworkRegistry/NETREGISTRY]: Channel 'forge:split_11' : Vanilla acceptance test: ACCEPTED
[15Aug2026 15:58:58.516] [Netty Server IO #0/DEBUG] [net.minecraftforge.fml.network.NetworkRegistry/NETREGISTRY]: Channel 'minecraft:unregister' : Vanilla acceptance test: ACCEPTED
[15Aug2026 15:58:58.516] [Netty Server IO #0/DEBUG] [net.minecraftforge.fml.network.NetworkRegistry/NETREGISTRY]: Channel 'fml:play' : Vanilla acceptance test: ACCEPTED
[15Aug2026 15:58:58.516] [Netty Server IO #0/DEBUG] [net.minecraftforge.fml.network.NetworkRegistry/NETREGISTRY]: Channel 'minecraft:register' : Vanilla acceptance test: ACCEPTED
[15Aug2026 15:58:58.516] [Netty Server IO #0/DEBUG] [net.minecraftforge.fml.network.NetworkRegistry/NETREGISTRY]: Channel 'forge:split' : Vanilla acceptance test: ACCEPTED
[15Aug2026 15:58:58.516] [Netty Server IO #0/DEBUG] [net.minecraftforge.fml.network.NetworkRegistry/NETREGISTRY]: Accepting channel list from vanilla
[15Aug2026 15:58:58.516] [Netty Server IO #0/DEBUG] [net.minecraftforge.fml.network.FMLHandshakeHandler/FMLHANDSHAKE]: Starting new vanilla network connection.
[15Aug2026 15:58:58.868] [User Authenticator #106/WARN] [net.minecraft.network.login.ServerLoginNetHandler/]: Failed to verify username but will let them in anyway!
[15Aug2026 15:58:58.903] [Server thread/DEBUG] [net.minecraftforge.fml.network.FMLHandshakeHandler/FMLHANDSHAKE]: Handshake complete!
[15Aug2026 15:58:58.949] [Server thread/INFO] [net.minecraft.network.play.ServerPlayNetHandler/]: Bhota lost connection: Disconnected
[15Aug2026 15:58:58.950] [Server thread/INFO] [net.minecraft.server.MinecraftServer/]: Bhota left the game
[15Aug2026 15:58:58.960] [Server thread/INFO] [net.minecraftforge.common.AdvancementLoadFix/]: Using new advancement loading for net.minecraft.advancements.PlayerAdvancements@6ae6fcf8
[15Aug2026 15:58:58.974] [Render thread/INFO] [net.minecraft.client.gui.NewChatGui/]: [CHAT] Bhota left the game
[15Aug2026 15:58:58.999] [Server thread/WARN] [net.minecraft.network.NetworkManager/]: handleDisconnection() called twice
[15Aug2026 15:58:59.001] [Server thread/INFO] [net.minecraft.server.management.PlayerList/]: Bhota[/192.168.29.156:54842] logged in with entity id 1700 at (-51.5, 4.0, -43.5)
[15Aug2026 15:58:59.001] [Server thread/DEBUG] [net.minecraftforge.network.NetworkFilters/]: Injected net.minecraftforge.network.VanillaConnectionNetworkFilter@736fc3b3 into net.minecraft.network.NetworkManager@17f69c3b
[15Aug2026 15:58:59.010] [Server thread/INFO] [net.minecraft.server.MinecraftServer/]: Bhota joined the game
[15Aug2026 15:58:59.109] [Render thread/INFO] [net.minecraft.client.gui.NewChatGui/]: [CHAT] Bhota joined the game
[15Aug2026 15:58:59.132] [Server thread/INFO] [net.minecraft.server.MinecraftServer/]: <Bhota> Bot online. Mention me and tell me what you want, or use !help.
[15Aug2026 15:59:03.227] [Server thread/INFO] [net.minecraft.server.MinecraftServer/]: <Bhota> > retreatFrom(source="player_attack:Dev")
[15Aug2026 15:59:03.598] [Server thread/INFO] [net.minecraft.server.MinecraftServer/]: <Bhota> > endFlee()
[15Aug2026 15:59:03.977] [Netty Server IO #1/DEBUG] [net.minecraftforge.fml.network.NetworkRegistry/NETREGISTRY]: Channel 'fml:loginwrapper' : Vanilla acceptance test: ACCEPTED
[15Aug2026 15:59:03.977] [Netty Server IO #1/DEBUG] [net.minecraftforge.fml.network.NetworkRegistry/NETREGISTRY]: Channel 'fml:handshake' : Vanilla acceptance test: ACCEPTED
[15Aug2026 15:59:03.977] [Netty Server IO #1/DEBUG] [net.minecraftforge.fml.network.NetworkRegistry/NETREGISTRY]: Channel 'forge:split_11' : Vanilla acceptance test: ACCEPTED
[15Aug2026 15:59:03.977] [Netty Server IO #1/DEBUG] [net.minecraftforge.fml.network.NetworkRegistry/NETREGISTRY]: Channel 'minecraft:unregister' : Vanilla acceptance test: ACCEPTED
[15Aug2026 15:59:03.978] [Netty Server IO #1/DEBUG] [net.minecraftforge.fml.network.NetworkRegistry/NETREGISTRY]: Channel 'fml:play' : Vanilla acceptance test: ACCEPTED
[15Aug2026 15:59:03.978] [Netty Server IO #1/DEBUG] [net.minecraftforge.fml.network.NetworkRegistry/NETREGISTRY]: Channel 'minecraft:register' : Vanilla acceptance test: ACCEPTED
[15Aug2026 15:59:03.978] [Netty Server IO #1/DEBUG] [net.minecraftforge.fml.network.NetworkRegistry/NETREGISTRY]: Channel 'forge:split' : Vanilla acceptance test: ACCEPTED
[15Aug2026 15:59:03.978] [Netty Server IO #1/DEBUG] [net.minecraftforge.fml.network.NetworkRegistry/NETREGISTRY]: Accepting channel list from vanilla
[15Aug2026 15:59:03.978] [Netty Server IO #1/DEBUG] [net.minecraftforge.fml.network.FMLHandshakeHandler/FMLHANDSHAKE]: Starting new vanilla network connection.
[15Aug2026 15:59:04.338] [User Authenticator #107/WARN] [net.minecraft.network.login.ServerLoginNetHandler/]: Failed to verify username but will let them in anyway!
[15Aug2026 15:59:04.351] [Server thread/DEBUG] [net.minecraftforge.fml.network.FMLHandshakeHandler/FMLHANDSHAKE]: Handshake complete!
[15Aug2026 15:59:04.449] [Server thread/INFO] [net.minecraft.network.play.ServerPlayNetHandler/]: Bhota lost connection: You logged in from another location
[15Aug2026 15:59:04.450] [Server thread/INFO] [net.minecraft.server.MinecraftServer/]: Bhota left the game
[15Aug2026 15:59:04.457] [Server thread/INFO] [net.minecraft.server.management.PlayerList/]: Bhota[/192.168.29.156:54843] logged in with entity id 1723 at (-54.55522528221389, 4.0, -49.555421423487935)
[15Aug2026 15:59:04.458] [Server thread/DEBUG] [net.minecraftforge.network.NetworkFilters/]: Injected net.minecraftforge.network.VanillaConnectionNetworkFilter@5e65de00 into net.minecraft.network.NetworkManager@77573d77
[15Aug2026 15:59:04.470] [Server thread/INFO] [net.minecraft.server.MinecraftServer/]: Bhota joined the game
[15Aug2026 15:59:04.548] [Render thread/INFO] [net.minecraft.client.gui.NewChatGui/]: [CHAT] Bhota left the game
[15Aug2026 15:59:04.548] [Render thread/INFO] [net.minecraft.client.gui.NewChatGui/]: [CHAT] Bhota joined the game
[15Aug2026 15:59:04.617] [Server thread/INFO] [net.minecraft.server.MinecraftServer/]: <Bhota> Bot online. Mention me and tell me what you want, or use !help.
[15Aug2026 15:59:09.411] [Netty Server IO #2/DEBUG] [net.minecraftforge.fml.network.NetworkRegistry/NETREGISTRY]: Channel 'fml:loginwrapper' : Vanilla acceptance test: ACCEPTED
[15Aug2026 15:59:09.412] [Netty Server IO #2/DEBUG] [net.minecraftforge.fml.network.NetworkRegistry/NETREGISTRY]: Channel 'fml:handshake' : Vanilla acceptance test: ACCEPTED
[15Aug2026 15:59:09.412] [Netty Server IO #2/DEBUG] [net.minecraftforge.fml.network.NetworkRegistry/NETREGISTRY]: Channel 'forge:split_11' : Vanilla acceptance test: ACCEPTED
[15Aug2026 15:59:09.412] [Netty Server IO #2/DEBUG] [net.minecraftforge.fml.network.NetworkRegistry/NETREGISTRY]: Channel 'minecraft:unregister' : Vanilla acceptance test: ACCEPTED
[15Aug2026 15:59:09.412] [Netty Server IO #2/DEBUG] [net.minecraftforge.fml.network.NetworkRegistry/NETREGISTRY]: Channel 'fml:play' : Vanilla acceptance test: ACCEPTED
[15Aug2026 15:59:09.412] [Netty Server IO #2/DEBUG] [net.minecraftforge.fml.network.NetworkRegistry/NETREGISTRY]: Channel 'minecraft:register' : Vanilla acceptance test: ACCEPTED
[15Aug2026 15:59:09.412] [Netty Server IO #2/DEBUG] [net.minecraftforge.fml.network.NetworkRegistry/NETREGISTRY]: Channel 'forge:split' : Vanilla acceptance test: ACCEPTED
[15Aug2026 15:59:09.412] [Netty Server IO #2/DEBUG] [net.minecraftforge.fml.network.NetworkRegistry/NETREGISTRY]: Accepting channel list from vanilla
[15Aug2026 15:59:09.412] [Netty Server IO #2/DEBUG] [net.minecraftforge.fml.network.FMLHandshakeHandler/FMLHANDSHAKE]: Starting new vanilla network connection.
[15Aug2026 15:59:09.706] [User Authenticator #108/WARN] [net.minecraft.network.login.ServerLoginNetHandler/]: Failed to verify username but will let them in anyway!
[15Aug2026 15:59:09.753] [Server thread/DEBUG] [net.minecraftforge.fml.network.FMLHandshakeHandler/FMLHANDSHAKE]: Handshake complete!
[15Aug2026 15:59:09.808] [Server thread/INFO] [net.minecraftforge.common.AdvancementLoadFix/]: Using new advancement loading for net.minecraft.advancements.PlayerAdvancements@3cac43a1
[15Aug2026 15:59:09.853] [Server thread/INFO] [net.minecraft.network.play.ServerPlayNetHandler/]: Bhota lost connection: You logged in from another location
[15Aug2026 15:59:09.853] [Server thread/INFO] [net.minecraft.server.MinecraftServer/]: Bhota left the game
[15Aug2026 15:59:09.861] [Server thread/INFO] [net.minecraft.server.management.PlayerList/]: Bhota[/192.168.29.156:54844] logged in with entity id 1735 at (-54.55522528221389, 4.0, -49.555421423487935)
[15Aug2026 15:59:09.862] [Server thread/DEBUG] [net.minecraftforge.network.NetworkFilters/]: Injected net.minecraftforge.network.VanillaConnectionNetworkFilter@4309d738 into net.minecraft.network.NetworkManager@acbd4e1
[15Aug2026 15:59:09.865] [Server thread/INFO] [net.minecraft.server.MinecraftServer/]: Bhota joined the game
[15Aug2026 15:59:09.932] [Render thread/INFO] [net.minecraft.client.gui.NewChatGui/]: [CHAT] Bhota left the game
[15Aug2026 15:59:09.932] [Render thread/INFO] [net.minecraft.client.gui.NewChatGui/]: [CHAT] Bhota joined the game
[15Aug2026 15:59:10.006] [Server thread/INFO] [net.minecraft.server.MinecraftServer/]: <Bhota> Bot online. Mention me and tell me what you want, or use !help.
[15Aug2026 15:59:13.300] [Server thread/INFO] [net.minecraft.server.MinecraftServer/]: <Bhota> > retreatFrom(source="player_attack:Dev")
[15Aug2026 15:59:14.827] [Netty Server IO #3/DEBUG] [net.minecraftforge.fml.network.NetworkRegistry/NETREGISTRY]: Channel 'fml:loginwrapper' : Vanilla acceptance test: ACCEPTED
[15Aug2026 15:59:14.827] [Netty Server IO #3/DEBUG] [net.minecraftforge.fml.network.NetworkRegistry/NETREGISTRY]: Channel 'fml:handshake' : Vanilla acceptance test: ACCEPTED
[15Aug2026 15:59:14.827] [Netty Server IO #3/DEBUG] [net.minecraftforge.fml.network.NetworkRegistry/NETREGISTRY]: Channel 'forge:split_11' : Vanilla acceptance test: ACCEPTED
[15Aug2026 15:59:14.827] [Netty Server IO #3/DEBUG] [net.minecraftforge.fml.network.NetworkRegistry/NETREGISTRY]: Channel 'minecraft:unregister' : Vanilla acceptance test: ACCEPTED
[15Aug2026 15:59:14.827] [Netty Server IO #3/DEBUG] [net.minecraftforge.fml.network.NetworkRegistry/NETREGISTRY]: Channel 'fml:play' : Vanilla acceptance test: ACCEPTED
[15Aug2026 15:59:14.827] [Netty Server IO #3/DEBUG] [net.minecraftforge.fml.network.NetworkRegistry/NETREGISTRY]: Channel 'minecraft:register' : Vanilla acceptance test: ACCEPTED
[15Aug2026 15:59:14.827] [Netty Server IO #3/DEBUG] [net.minecraftforge.fml.network.NetworkRegistry/NETREGISTRY]: Channel 'forge:split' : Vanilla acceptance test: ACCEPTED
[15Aug2026 15:59:14.827] [Netty Server IO #3/DEBUG] [net.minecraftforge.fml.network.NetworkRegistry/NETREGISTRY]: Accepting channel list from vanilla
[15Aug2026 15:59:14.827] [Netty Server IO #3/DEBUG] [net.minecraftforge.fml.network.FMLHandshakeHandler/FMLHANDSHAKE]: Starting new vanilla network connection.
[15Aug2026 15:59:15.157] [User Authenticator #109/WARN] [net.minecraft.network.login.ServerLoginNetHandler/]: Failed to verify username but will let them in anyway!
[15Aug2026 15:59:15.160] [Server thread/DEBUG] [net.minecraftforge.fml.network.FMLHandshakeHandler/FMLHANDSHAKE]: Handshake complete!
[15Aug2026 15:59:15.203] [Server thread/INFO] [net.minecraftforge.common.AdvancementLoadFix/]: Using new advancement loading for net.minecraft.advancements.PlayerAdvancements@3a5d41ff
[15Aug2026 15:59:15.284] [Server thread/INFO] [net.minecraft.network.play.ServerPlayNetHandler/]: Bhota lost connection: You logged in from another location
[15Aug2026 15:59:15.285] [Server thread/INFO] [net.minecraft.server.MinecraftServer/]: Bhota left the game
[15Aug2026 15:59:15.291] [Render thread/INFO] [net.minecraft.client.gui.NewChatGui/]: [CHAT] Bhota left the game
[15Aug2026 15:59:15.321] [Server thread/INFO] [net.minecraft.server.management.PlayerList/]: Bhota[/192.168.29.156:54845] logged in with entity id 1751 at (-50.089152113168325, 4.495200877005911, -52.91401087906575)
[15Aug2026 15:59:15.321] [Server thread/DEBUG] [net.minecraftforge.network.NetworkFilters/]: Injected net.minecraftforge.network.VanillaConnectionNetworkFilter@c6c1904 into net.minecraft.network.NetworkManager@286f22d5
[15Aug2026 15:59:15.325] [Server thread/INFO] [net.minecraft.server.MinecraftServer/]: Bhota joined the game
[15Aug2026 15:59:15.435] [Render thread/INFO] [net.minecraft.client.gui.NewChatGui/]: [CHAT] Bhota joined the game
[15Aug2026 15:59:15.520] [Server thread/INFO] [net.minecraft.server.MinecraftServer/]: <Bhota> Bot online. Mention me and tell me what you want, or use !help.
[15Aug2026 15:59:20.213] [Netty Server IO #0/DEBUG] [net.minecraftforge.fml.network.NetworkRegistry/NETREGISTRY]: Channel 'fml:loginwrapper' : Vanilla acceptance test: ACCEPTED
[15Aug2026 15:59:20.213] [Netty Server IO #0/DEBUG] [net.minecraftforge.fml.network.NetworkRegistry/NETREGISTRY]: Channel 'fml:handshake' : Vanilla acceptance test: ACCEPTED
[15Aug2026 15:59:20.213] [Netty Server IO #0/DEBUG] [net.minecraftforge.fml.network.NetworkRegistry/NETREGISTRY]: Channel 'forge:split_11' : Vanilla acceptance test: ACCEPTED
[15Aug2026 15:59:20.213] [Netty Server IO #0/DEBUG] [net.minecraftforge.fml.network.NetworkRegistry/NETREGISTRY]: Channel 'minecraft:unregister' : Vanilla acceptance test: ACCEPTED
[15Aug2026 15:59:20.213] [Netty Server IO #0/DEBUG] [net.minecraftforge.fml.network.NetworkRegistry/NETREGISTRY]: Channel 'fml:play' : Vanilla acceptance test: ACCEPTED
[15Aug2026 15:59:20.213] [Netty Server IO #0/DEBUG] [net.minecraftforge.fml.network.NetworkRegistry/NETREGISTRY]: Channel 'minecraft:register' : Vanilla acceptance test: ACCEPTED
[15Aug2026 15:59:20.213] [Netty Server IO #0/DEBUG] [net.minecraftforge.fml.network.NetworkRegistry/NETREGISTRY]: Channel 'forge:split' : Vanilla acceptance test: ACCEPTED
[15Aug2026 15:59:20.213] [Netty Server IO #0/DEBUG] [net.minecraftforge.fml.network.NetworkRegistry/NETREGISTRY]: Accepting channel list from vanilla
[15Aug2026 15:59:20.213] [Netty Server IO #0/DEBUG] [net.minecraftforge.fml.network.FMLHandshakeHandler/FMLHANDSHAKE]: Starting new vanilla network connection.
[15Aug2026 15:59:20.601] [User Authenticator #110/WARN] [net.minecraft.network.login.ServerLoginNetHandler/]: Failed to verify username but will let them in anyway!
[15Aug2026 15:59:20.605] [Server thread/DEBUG] [net.minecraftforge.fml.network.FMLHandshakeHandler/FMLHANDSHAKE]: Handshake complete!
[15Aug2026 15:59:20.651] [Server thread/INFO] [net.minecraft.network.play.ServerPlayNetHandler/]: Bhota lost connection: You logged in from another location
[15Aug2026 15:59:20.651] [Server thread/INFO] [net.minecraft.server.MinecraftServer/]: Bhota left the game
[15Aug2026 15:59:20.657] [Server thread/INFO] [net.minecraftforge.common.AdvancementLoadFix/]: Using new advancement loading for net.minecraft.advancements.PlayerAdvancements@353a6ae
[15Aug2026 15:59:20.672] [Render thread/INFO] [net.minecraft.client.gui.NewChatGui/]: [CHAT] Bhota left the game
[15Aug2026 15:59:20.703] [Server thread/WARN] [net.minecraft.network.NetworkManager/]: handleDisconnection() called twice
[15Aug2026 15:59:20.705] [Server thread/INFO] [net.minecraft.server.management.PlayerList/]: Bhota[/192.168.29.156:54846] logged in with entity id 1769 at (-50.089152113168325, 4.0, -52.91401087906575)
[15Aug2026 15:59:20.706] [Server thread/DEBUG] [net.minecraftforge.network.NetworkFilters/]: Injected net.minecraftforge.network.VanillaConnectionNetworkFilter@36458d0b into net.minecraft.network.NetworkManager@c4f2714
[15Aug2026 15:59:20.717] [Server thread/INFO] [net.minecraft.server.MinecraftServer/]: Bhota joined the game
[15Aug2026 15:59:20.783] [Render thread/INFO] [net.minecraft.client.gui.NewChatGui/]: [CHAT] Bhota joined the game
[15Aug2026 15:59:20.852] [Server thread/INFO] [net.minecraft.server.MinecraftServer/]: <Bhota> Bot online. Mention me and tell me what you want, or use !help.
[15Aug2026 15:59:21.901] [Server thread/INFO] [net.minecraft.server.MinecraftServer/]: <Dev> hi botie
[15Aug2026 15:59:21.916] [Render thread/INFO] [net.minecraft.client.gui.NewChatGui/]: [CHAT] <Dev> hi botie
[15Aug2026 15:59:24.984] [Server thread/INFO] [net.minecraft.server.MinecraftServer/]: Bhota was slain by Dev
[15Aug2026 15:59:25.002] [Render thread/INFO] [net.minecraft.client.gui.NewChatGui/]: [CHAT] Bhota was slain by Dev
[15Aug2026 15:59:25.073] [Server thread/INFO] [net.minecraft.server.MinecraftServer/]: <Bhota> > retreatFrom(source="player_attack:Dev")
[15Aug2026 15:59:25.073] [Server thread/INFO] [net.minecraft.server.MinecraftServer/]: <Bhota> > onDeath()
[15Aug2026 15:59:25.160] [Server thread/INFO] [net.minecraft.server.MinecraftServer/]: <Bhota> > endFlee()
[15Aug2026 15:59:25.672] [Netty Server IO #1/DEBUG] [net.minecraftforge.fml.network.NetworkRegistry/NETREGISTRY]: Channel 'fml:loginwrapper' : Vanilla acceptance test: ACCEPTED
[15Aug2026 15:59:25.672] [Netty Server IO #1/DEBUG] [net.minecraftforge.fml.network.NetworkRegistry/NETREGISTRY]: Channel 'fml:handshake' : Vanilla acceptance test: ACCEPTED
[15Aug2026 15:59:25.672] [Netty Server IO #1/DEBUG] [net.minecraftforge.fml.network.NetworkRegistry/NETREGISTRY]: Channel 'forge:split_11' : Vanilla acceptance test: ACCEPTED
[15Aug2026 15:59:25.672] [Netty Server IO #1/DEBUG] [net.minecraftforge.fml.network.NetworkRegistry/NETREGISTRY]: Channel 'minecraft:unregister' : Vanilla acceptance test: ACCEPTED
[15Aug2026 15:59:25.672] [Netty Server IO #1/DEBUG] [net.minecraftforge.fml.network.NetworkRegistry/NETREGISTRY]: Channel 'fml:play' : Vanilla acceptance test: ACCEPTED
[15Aug2026 15:59:25.672] [Netty Server IO #1/DEBUG] [net.minecraftforge.fml.network.NetworkRegistry/NETREGISTRY]: Channel 'minecraft:register' : Vanilla acceptance test: ACCEPTED
[15Aug2026 15:59:25.672] [Netty Server IO #1/DEBUG] [net.minecraftforge.fml.network.NetworkRegistry/NETREGISTRY]: Channel 'forge:split' : Vanilla acceptance test: ACCEPTED
[15Aug2026 15:59:25.672] [Netty Server IO #1/DEBUG] [net.minecraftforge.fml.network.NetworkRegistry/NETREGISTRY]: Accepting channel list from vanilla
[15Aug2026 15:59:25.672] [Netty Server IO #1/DEBUG] [net.minecraftforge.fml.network.FMLHandshakeHandler/FMLHANDSHAKE]: Starting new vanilla network connection.
[15Aug2026 15:59:26.000] [User Authenticator #111/WARN] [net.minecraft.network.login.ServerLoginNetHandler/]: Failed to verify username but will let them in anyway!
[15Aug2026 15:59:26.002] [Server thread/DEBUG] [net.minecraftforge.fml.network.FMLHandshakeHandler/FMLHANDSHAKE]: Handshake complete!
[15Aug2026 15:59:26.054] [Server thread/INFO] [net.minecraft.network.play.ServerPlayNetHandler/]: Bhota lost connection: You logged in from another location
[15Aug2026 15:59:26.054] [Server thread/INFO] [net.minecraft.server.MinecraftServer/]: Bhota left the game
[15Aug2026 15:59:26.066] [Render thread/INFO] [net.minecraft.client.gui.NewChatGui/]: [CHAT] Bhota left the game
[15Aug2026 15:59:26.101] [Server thread/INFO] [net.minecraftforge.common.AdvancementLoadFix/]: Using new advancement loading for net.minecraft.advancements.PlayerAdvancements@3a7aab20
[15Aug2026 15:59:26.123] [Server thread/WARN] [net.minecraft.network.NetworkManager/]: handleDisconnection() called twice
[15Aug2026 15:59:26.124] [Server thread/INFO] [net.minecraft.server.management.PlayerList/]: Bhota[/192.168.29.156:54847] logged in with entity id 1795 at (-50.5, 4.0, -37.5)
[15Aug2026 15:59:26.124] [Server thread/DEBUG] [net.minecraftforge.network.NetworkFilters/]: Injected net.minecraftforge.network.VanillaConnectionNetworkFilter@4dc04e59 into net.minecraft.network.NetworkManager@228ccf6a
[15Aug2026 15:59:26.128] [Server thread/INFO] [net.minecraft.server.MinecraftServer/]: Bhota joined the game
[15Aug2026 15:59:26.213] [Render thread/INFO] [net.minecraft.client.gui.NewChatGui/]: [CHAT] Bhota joined the game
[15Aug2026 15:59:26.354] [Server thread/INFO] [net.minecraft.server.MinecraftServer/]: <Bhota> Bot online. Mention me and tell me what you want, or use !help.
[15Aug2026 15:59:27.661] [Render thread/INFO] [net.minecraft.advancements.AdvancementList/]: Loaded 23 advancements
[15Aug2026 15:59:31.073] [Netty Server IO #2/DEBUG] [net.minecraftforge.fml.network.NetworkRegistry/NETREGISTRY]: Channel 'fml:loginwrapper' : Vanilla acceptance test: ACCEPTED
[15Aug2026 15:59:31.074] [Netty Server IO #2/DEBUG] [net.minecraftforge.fml.network.NetworkRegistry/NETREGISTRY]: Channel 'fml:handshake' : Vanilla acceptance test: ACCEPTED
[15Aug2026 15:59:31.074] [Netty Server IO #2/DEBUG] [net.minecraftforge.fml.network.NetworkRegistry/NETREGISTRY]: Channel 'forge:split_11' : Vanilla acceptance test: ACCEPTED
[15Aug2026 15:59:31.074] [Netty Server IO #2/DEBUG] [net.minecraftforge.fml.network.NetworkRegistry/NETREGISTRY]: Channel 'minecraft:unregister' : Vanilla acceptance test: ACCEPTED
[15Aug2026 15:59:31.074] [Netty Server IO #2/DEBUG] [net.minecraftforge.fml.network.NetworkRegistry/NETREGISTRY]: Channel 'fml:play' : Vanilla acceptance test: ACCEPTED
[15Aug2026 15:59:31.074] [Netty Server IO #2/DEBUG] [net.minecraftforge.fml.network.NetworkRegistry/NETREGISTRY]: Channel 'minecraft:register' : Vanilla acceptance test: ACCEPTED
[15Aug2026 15:59:31.074] [Netty Server IO #2/DEBUG] [net.minecraftforge.fml.network.NetworkRegistry/NETREGISTRY]: Channel 'forge:split' : Vanilla acceptance test: ACCEPTED
[15Aug2026 15:59:31.074] [Netty Server IO #2/DEBUG] [net.minecraftforge.fml.network.NetworkRegistry/NETREGISTRY]: Accepting channel list from vanilla
[15Aug2026 15:59:31.074] [Netty Server IO #2/DEBUG] [net.minecraftforge.fml.network.FMLHandshakeHandler/FMLHANDSHAKE]: Starting new vanilla network connection.
[15Aug2026 15:59:31.759] [User Authenticator #112/WARN] [net.minecraft.network.login.ServerLoginNetHandler/]: Failed to verify username but will let them in anyway!
[15Aug2026 15:59:31.804] [Server thread/DEBUG] [net.minecraftforge.fml.network.FMLHandshakeHandler/FMLHANDSHAKE]: Handshake complete!
[15Aug2026 15:59:31.903] [Server thread/INFO] [net.minecraft.network.play.ServerPlayNetHandler/]: Bhota lost connection: You logged in from another location
[15Aug2026 15:59:31.903] [Server thread/INFO] [net.minecraft.server.MinecraftServer/]: Bhota left the game
[15Aug2026 15:59:31.910] [Server thread/INFO] [net.minecraft.server.management.PlayerList/]: Bhota[/192.168.29.156:54848] logged in with entity id 1835 at (-50.5, 4.0, -37.5)
[15Aug2026 15:59:31.911] [Server thread/DEBUG] [net.minecraftforge.network.NetworkFilters/]: Injected net.minecraftforge.network.VanillaConnectionNetworkFilter@30215c6f into net.minecraft.network.NetworkManager@2419c2a6
[15Aug2026 15:59:31.917] [Server thread/INFO] [net.minecraft.server.MinecraftServer/]: Bhota joined the game
[15Aug2026 15:59:32.002] [Render thread/INFO] [net.minecraft.client.gui.NewChatGui/]: [CHAT] Bhota left the game
[15Aug2026 15:59:32.002] [Render thread/INFO] [net.minecraft.client.gui.NewChatGui/]: [CHAT] Bhota joined the game
[15Aug2026 15:59:32.034] [Server thread/INFO] [net.minecraft.server.MinecraftServer/]: <Bhota> Bot online. Mention me and tell me what you want, or use !help.
[15Aug2026 15:59:36.872] [Netty Server IO #3/DEBUG] [net.minecraftforge.fml.network.NetworkRegistry/NETREGISTRY]: Channel 'fml:loginwrapper' : Vanilla acceptance test: ACCEPTED
[15Aug2026 15:59:36.872] [Netty Server IO #3/DEBUG] [net.minecraftforge.fml.network.NetworkRegistry/NETREGISTRY]: Channel 'fml:handshake' : Vanilla acceptance test: ACCEPTED
[15Aug2026 15:59:36.872] [Netty Server IO #3/DEBUG] [net.minecraftforge.fml.network.NetworkRegistry/NETREGISTRY]: Channel 'forge:split_11' : Vanilla acceptance test: ACCEPTED
[15Aug2026 15:59:36.872] [Netty Server IO #3/DEBUG] [net.minecraftforge.fml.network.NetworkRegistry/NETREGISTRY]: Channel 'minecraft:unregister' : Vanilla acceptance test: ACCEPTED
[15Aug2026 15:59:36.872] [Netty Server IO #3/DEBUG] [net.minecraftforge.fml.network.NetworkRegistry/NETREGISTRY]: Channel 'fml:play' : Vanilla acceptance test: ACCEPTED
[15Aug2026 15:59:36.872] [Netty Server IO #3/DEBUG] [net.minecraftforge.fml.network.NetworkRegistry/NETREGISTRY]: Channel 'minecraft:register' : Vanilla acceptance test: ACCEPTED
[15Aug2026 15:59:36.872] [Netty Server IO #3/DEBUG] [net.minecraftforge.fml.network.NetworkRegistry/NETREGISTRY]: Channel 'forge:split' : Vanilla acceptance test: ACCEPTED
[15Aug2026 15:59:36.872] [Netty Server IO #3/DEBUG] [net.minecraftforge.fml.network.NetworkRegistry/NETREGISTRY]: Accepting channel list from vanilla
[15Aug2026 15:59:36.872] [Netty Server IO #3/DEBUG] [net.minecraftforge.fml.network.FMLHandshakeHandler/FMLHANDSHAKE]: Starting new vanilla network connection.
[15Aug2026 15:59:37.189] [User Authenticator #113/WARN] [net.minecraft.network.login.ServerLoginNetHandler/]: Failed to verify username but will let them in anyway!
[15Aug2026 15:59:37.198] [Server thread/DEBUG] [net.minecraftforge.fml.network.FMLHandshakeHandler/FMLHANDSHAKE]: Handshake complete!
[15Aug2026 15:59:37.251] [Server thread/INFO] [net.minecraft.network.play.ServerPlayNetHandler/]: Bhota lost connection: You logged in from another location
[15Aug2026 15:59:37.252] [Server thread/INFO] [net.minecraft.server.MinecraftServer/]: Bhota left the game
[15Aug2026 15:59:37.259] [Server thread/INFO] [net.minecraftforge.common.AdvancementLoadFix/]: Using new advancement loading for net.minecraft.advancements.PlayerAdvancements@61935148
[15Aug2026 15:59:37.268] [Render thread/INFO] [net.minecraft.client.gui.NewChatGui/]: [CHAT] Bhota left the game
[15Aug2026 15:59:37.300] [Server thread/WARN] [net.minecraft.network.NetworkManager/]: handleDisconnection() called twice
[15Aug2026 15:59:37.305] [Server thread/INFO] [net.minecraft.server.management.PlayerList/]: Bhota[/192.168.29.156:54849] logged in with entity id 1976 at (-50.5, 4.0, -37.5)
[15Aug2026 15:59:37.305] [Server thread/DEBUG] [net.minecraftforge.network.NetworkFilters/]: Injected net.minecraftforge.network.VanillaConnectionNetworkFilter@6d6ad4b4 into net.minecraft.network.NetworkManager@1608c140
[15Aug2026 15:59:37.310] [Server thread/INFO] [net.minecraft.server.MinecraftServer/]: Bhota joined the game
[15Aug2026 15:59:37.382] [Render thread/INFO] [net.minecraft.client.gui.NewChatGui/]: [CHAT] Bhota joined the game
[15Aug2026 15:59:37.470] [Server thread/INFO] [net.minecraft.server.MinecraftServer/]: <Bhota> Bot online. Mention me and tell me what you want, or use !help.
[15Aug2026 15:59:42.275] [Netty Server IO #0/DEBUG] [net.minecraftforge.fml.network.NetworkRegistry/NETREGISTRY]: Channel 'fml:loginwrapper' : Vanilla acceptance test: ACCEPTED
[15Aug2026 15:59:42.275] [Netty Server IO #0/DEBUG] [net.minecraftforge.fml.network.NetworkRegistry/NETREGISTRY]: Channel 'fml:handshake' : Vanilla acceptance test: ACCEPTED
[15Aug2026 15:59:42.275] [Netty Server IO #0/DEBUG] [net.minecraftforge.fml.network.NetworkRegistry/NETREGISTRY]: Channel 'forge:split_11' : Vanilla acceptance test: ACCEPTED
[15Aug2026 15:59:42.275] [Netty Server IO #0/DEBUG] [net.minecraftforge.fml.network.NetworkRegistry/NETREGISTRY]: Channel 'minecraft:unregister' : Vanilla acceptance test: ACCEPTED
[15Aug2026 15:59:42.275] [Netty Server IO #0/DEBUG] [net.minecraftforge.fml.network.NetworkRegistry/NETREGISTRY]: Channel 'fml:play' : Vanilla acceptance test: ACCEPTED
[15Aug2026 15:59:42.275] [Netty Server IO #0/DEBUG] [net.minecraftforge.fml.network.NetworkRegistry/NETREGISTRY]: Channel 'minecraft:register' : Vanilla acceptance test: ACCEPTED
[15Aug2026 15:59:42.275] [Netty Server IO #0/DEBUG] [net.minecraftforge.fml.network.NetworkRegistry/NETREGISTRY]: Channel 'forge:split' : Vanilla acceptance test: ACCEPTED
[15Aug2026 15:59:42.276] [Netty Server IO #0/DEBUG] [net.minecraftforge.fml.network.NetworkRegistry/NETREGISTRY]: Accepting channel list from vanilla
[15Aug2026 15:59:42.276] [Netty Server IO #0/DEBUG] [net.minecraftforge.fml.network.FMLHandshakeHandler/FMLHANDSHAKE]: Starting new vanilla network connection.
[15Aug2026 15:59:42.605] [User Authenticator #114/WARN] [net.minecraft.network.login.ServerLoginNetHandler/]: Failed to verify username but will let them in anyway!
[15Aug2026 15:59:42.651] [Server thread/DEBUG] [net.minecraftforge.fml.network.FMLHandshakeHandler/FMLHANDSHAKE]: Handshake complete!
[15Aug2026 15:59:42.753] [Server thread/INFO] [net.minecraft.network.play.ServerPlayNetHandler/]: Bhota lost connection: You logged in from another location
[15Aug2026 15:59:42.753] [Server thread/INFO] [net.minecraft.server.MinecraftServer/]: Bhota left the game
[15Aug2026 15:59:42.759] [Render thread/INFO] [net.minecraft.client.gui.NewChatGui/]: [CHAT] Bhota left the game
[15Aug2026 15:59:42.763] [Server thread/INFO] [net.minecraft.server.management.PlayerList/]: Bhota[/192.168.29.156:54850] logged in with entity id 1996 at (-50.5, 4.0, -37.5)
[15Aug2026 15:59:42.764] [Server thread/DEBUG] [net.minecraftforge.network.NetworkFilters/]: Injected net.minecraftforge.network.VanillaConnectionNetworkFilter@70925fa2 into net.minecraft.network.NetworkManager@47d8c52c
[15Aug2026 15:59:42.773] [Server thread/INFO] [net.minecraft.server.MinecraftServer/]: Bhota joined the game
[15Aug2026 15:59:42.842] [Render thread/INFO] [net.minecraft.client.gui.NewChatGui/]: [CHAT] Bhota joined the game
[15Aug2026 15:59:42.958] [Server thread/INFO] [net.minecraft.server.MinecraftServer/]: <Bhota> Bot online. Mention me and tell me what you want, or use !help.
[15Aug2026 15:59:47.719] [Netty Server IO #1/DEBUG] [net.minecraftforge.fml.network.NetworkRegistry/NETREGISTRY]: Channel 'fml:loginwrapper' : Vanilla acceptance test: ACCEPTED
[15Aug2026 15:59:47.720] [Netty Server IO #1/DEBUG] [net.minecraftforge.fml.network.NetworkRegistry/NETREGISTRY]: Channel 'fml:handshake' : Vanilla acceptance test: ACCEPTED
[15Aug2026 15:59:47.720] [Netty Server IO #1/DEBUG] [net.minecraftforge.fml.network.NetworkRegistry/NETREGISTRY]: Channel 'forge:split_11' : Vanilla acceptance test: ACCEPTED
[15Aug2026 15:59:47.720] [Netty Server IO #1/DEBUG] [net.minecraftforge.fml.network.NetworkRegistry/NETREGISTRY]: Channel 'minecraft:unregister' : Vanilla acceptance test: ACCEPTED
[15Aug2026 15:59:47.720] [Netty Server IO #1/DEBUG] [net.minecraftforge.fml.network.NetworkRegistry/NETREGISTRY]: Channel 'fml:play' : Vanilla acceptance test: ACCEPTED
[15Aug2026 15:59:47.720] [Netty Server IO #1/DEBUG] [net.minecraftforge.fml.network.NetworkRegistry/NETREGISTRY]: Channel 'minecraft:register' : Vanilla acceptance test: ACCEPTED
[15Aug2026 15:59:47.720] [Netty Server IO #1/DEBUG] [net.minecraftforge.fml.network.NetworkRegistry/NETREGISTRY]: Channel 'forge:split' : Vanilla acceptance test: ACCEPTED
[15Aug2026 15:59:47.720] [Netty Server IO #1/DEBUG] [net.minecraftforge.fml.network.NetworkRegistry/NETREGISTRY]: Accepting channel list from vanilla
[15Aug2026 15:59:47.720] [Netty Server IO #1/DEBUG] [net.minecraftforge.fml.network.FMLHandshakeHandler/FMLHANDSHAKE]: Starting new vanilla network connection.
[15Aug2026 15:59:48.049] [User Authenticator #115/WARN] [net.minecraft.network.login.ServerLoginNetHandler/]: Failed to verify username but will let them in anyway!
[15Aug2026 15:59:48.058] [Server thread/DEBUG] [net.minecraftforge.fml.network.FMLHandshakeHandler/FMLHANDSHAKE]: Handshake complete!
[15Aug2026 15:59:48.103] [Server thread/INFO] [net.minecraftforge.common.AdvancementLoadFix/]: Using new advancement loading for net.minecraft.advancements.PlayerAdvancements@2dbe0d5
[15Aug2026 15:59:48.169] [Server thread/INFO] [net.minecraft.network.play.ServerPlayNetHandler/]: Bhota lost connection: You logged in from another location
[15Aug2026 15:59:48.169] [Server thread/INFO] [net.minecraft.server.MinecraftServer/]: Bhota left the game
[15Aug2026 15:59:48.180] [Server thread/INFO] [net.minecraft.server.management.PlayerList/]: Bhota[/192.168.29.156:54851] logged in with entity id 2010 at (-50.5, 4.0, -37.5)
[15Aug2026 15:59:48.180] [Server thread/DEBUG] [net.minecraftforge.network.NetworkFilters/]: Injected net.minecraftforge.network.VanillaConnectionNetworkFilter@3d00abf5 into net.minecraft.network.NetworkManager@600039c8
[15Aug2026 15:59:48.183] [Server thread/INFO] [net.minecraft.server.MinecraftServer/]: Bhota joined the game
[15Aug2026 15:59:48.284] [Render thread/INFO] [net.minecraft.client.gui.NewChatGui/]: [CHAT] Bhota left the game
[15Aug2026 15:59:48.284] [Render thread/INFO] [net.minecraft.client.gui.NewChatGui/]: [CHAT] Bhota joined the game
[15Aug2026 15:59:48.361] [Server thread/INFO] [net.minecraft.server.MinecraftServer/]: <Bhota> Bot online. Mention me and tell me what you want, or use !help.
[15Aug2026 15:59:53.118] [Netty Server IO #2/DEBUG] [net.minecraftforge.fml.network.NetworkRegistry/NETREGISTRY]: Channel 'fml:loginwrapper' : Vanilla acceptance test: ACCEPTED
[15Aug2026 15:59:53.118] [Netty Server IO #2/DEBUG] [net.minecraftforge.fml.network.NetworkRegistry/NETREGISTRY]: Channel 'fml:handshake' : Vanilla acceptance test: ACCEPTED
[15Aug2026 15:59:53.118] [Netty Server IO #2/DEBUG] [net.minecraftforge.fml.network.NetworkRegistry/NETREGISTRY]: Channel 'forge:split_11' : Vanilla acceptance test: ACCEPTED
[15Aug2026 15:59:53.118] [Netty Server IO #2/DEBUG] [net.minecraftforge.fml.network.NetworkRegistry/NETREGISTRY]: Channel 'minecraft:unregister' : Vanilla acceptance test: ACCEPTED
[15Aug2026 15:59:53.118] [Netty Server IO #2/DEBUG] [net.minecraftforge.fml.network.NetworkRegistry/NETREGISTRY]: Channel 'fml:play' : Vanilla acceptance test: ACCEPTED
[15Aug2026 15:59:53.118] [Netty Server IO #2/DEBUG] [net.minecraftforge.fml.network.NetworkRegistry/NETREGISTRY]: Channel 'minecraft:register' : Vanilla acceptance test: ACCEPTED
[15Aug2026 15:59:53.118] [Netty Server IO #2/DEBUG] [net.minecraftforge.fml.network.NetworkRegistry/NETREGISTRY]: Channel 'forge:split' : Vanilla acceptance test: ACCEPTED
[15Aug2026 15:59:53.118] [Netty Server IO #2/DEBUG] [net.minecraftforge.fml.network.NetworkRegistry/NETREGISTRY]: Accepting channel list from vanilla
[15Aug2026 15:59:53.118] [Netty Server IO #2/DEBUG] [net.minecraftforge.fml.network.FMLHandshakeHandler/FMLHANDSHAKE]: Starting new vanilla network connection.
[15Aug2026 15:59:53.447] [User Authenticator #116/WARN] [net.minecraft.network.login.ServerLoginNetHandler/]: Failed to verify username but will let them in anyway!
[15Aug2026 15:59:53.452] [Server thread/DEBUG] [net.minecraftforge.fml.network.FMLHandshakeHandler/FMLHANDSHAKE]: Handshake complete!
[15Aug2026 15:59:53.500] [Server thread/INFO] [net.minecraftforge.common.AdvancementLoadFix/]: Using new advancement loading for net.minecraft.advancements.PlayerAdvancements@4ad2d80
[15Aug2026 15:59:53.551] [Server thread/INFO] [net.minecraft.network.play.ServerPlayNetHandler/]: Bhota lost connection: You logged in from another location
[15Aug2026 15:59:53.551] [Server thread/INFO] [net.minecraft.server.MinecraftServer/]: Bhota left the game
[15Aug2026 15:59:53.559] [Server thread/INFO] [net.minecraft.server.management.PlayerList/]: Bhota[/192.168.29.156:54852] logged in with entity id 2017 at (-50.5, 4.0, -37.5)
[15Aug2026 15:59:53.560] [Server thread/DEBUG] [net.minecraftforge.network.NetworkFilters/]: Injected net.minecraftforge.network.VanillaConnectionNetworkFilter@65b3ee87 into net.minecraft.network.NetworkManager@89f0e9c
[15Aug2026 15:59:53.571] [Server thread/INFO] [net.minecraft.server.MinecraftServer/]: Bhota joined the game
[15Aug2026 15:59:53.671] [Render thread/INFO] [net.minecraft.client.gui.NewChatGui/]: [CHAT] Bhota left the game
[15Aug2026 15:59:53.671] [Render thread/INFO] [net.minecraft.client.gui.NewChatGui/]: [CHAT] Bhota joined the game
[15Aug2026 15:59:53.716] [Server thread/INFO] [net.minecraft.server.MinecraftServer/]: <Bhota> Bot online. Mention me and tell me what you want, or use !help.
[15Aug2026 15:59:54.482] [Server thread/INFO] [net.minecraft.server.MinecraftServer/]: [Dev: Set Bhota's game mode to Creative Mode]
[15Aug2026 15:59:54.483] [Render thread/INFO] [net.minecraft.client.gui.NewChatGui/]: [CHAT] Set Bhota's game mode to Creative Mode
[15Aug2026 15:59:56.360] [Server thread/INFO] [net.minecraft.server.MinecraftServer/]: <Bhota> oow bots_Prats_eow tate :lotaflop: wotap: : mBooda
[15Aug2026 15:59:58.519] [Netty Server IO #3/DEBUG] [net.minecraftforge.fml.network.NetworkRegistry/NETREGISTRY]: Channel 'fml:loginwrapper' : Vanilla acceptance test: ACCEPTED
[15Aug2026 15:59:58.519] [Netty Server IO #3/DEBUG] [net.minecraftforge.fml.network.NetworkRegistry/NETREGISTRY]: Channel 'fml:handshake' : Vanilla acceptance test: ACCEPTED
[15Aug2026 15:59:58.519] [Netty Server IO #3/DEBUG] [net.minecraftforge.fml.network.NetworkRegistry/NETREGISTRY]: Channel 'forge:split_11' : Vanilla acceptance test: ACCEPTED
[15Aug2026 15:59:58.519] [Netty Server IO #3/DEBUG] [net.minecraftforge.fml.network.NetworkRegistry/NETREGISTRY]: Channel 'minecraft:unregister' : Vanilla acceptance test: ACCEPTED
[15Aug2026 15:59:58.519] [Netty Server IO #3/DEBUG] [net.minecraftforge.fml.network.NetworkRegistry/NETREGISTRY]: Channel 'fml:play' : Vanilla acceptance test: ACCEPTED
[15Aug2026 15:59:58.519] [Netty Server IO #3/DEBUG] [net.minecraftforge.fml.network.NetworkRegistry/NETREGISTRY]: Channel 'minecraft:register' : Vanilla acceptance test: ACCEPTED
[15Aug2026 15:59:58.519] [Netty Server IO #3/DEBUG] [net.minecraftforge.fml.network.NetworkRegistry/NETREGISTRY]: Channel 'forge:split' : Vanilla acceptance test: ACCEPTED
[15Aug2026 15:59:58.519] [Netty Server IO #3/DEBUG] [net.minecraftforge.fml.network.NetworkRegistry/NETREGISTRY]: Accepting channel list from vanilla
[15Aug2026 15:59:58.519] [Netty Server IO #3/DEBUG] [net.minecraftforge.fml.network.FMLHandshakeHandler/FMLHANDSHAKE]: Starting new vanilla network connection.
[15Aug2026 15:59:58.862] [User Authenticator #117/WARN] [net.minecraft.network.login.ServerLoginNetHandler/]: Failed to verify username but will let them in anyway!
[15Aug2026 15:59:58.903] [Server thread/DEBUG] [net.minecraftforge.fml.network.FMLHandshakeHandler/FMLHANDSHAKE]: Handshake complete!
[15Aug2026 15:59:58.957] [Server thread/INFO] [net.minecraftforge.common.AdvancementLoadFix/]: Using new advancement loading for net.minecraft.advancements.PlayerAdvancements@3026368d
[15Aug2026 15:59:59.004] [Server thread/INFO] [net.minecraft.network.play.ServerPlayNetHandler/]: Bhota lost connection: You logged in from another location
[15Aug2026 15:59:59.004] [Server thread/INFO] [net.minecraft.server.MinecraftServer/]: Bhota left the game
[15Aug2026 15:59:59.006] [Render thread/INFO] [net.minecraft.client.gui.NewChatGui/]: [CHAT] Bhota left the game
[15Aug2026 15:59:59.049] [Server thread/INFO] [net.minecraft.server.management.PlayerList/]: Bhota[/192.168.29.156:54853] logged in with entity id 2026 at (-50.5, 4.0, -37.5)
[15Aug2026 15:59:59.049] [Server thread/DEBUG] [net.minecraftforge.network.NetworkFilters/]: Injected net.minecraftforge.network.VanillaConnectionNetworkFilter@2aea54d0 into net.minecraft.network.NetworkManager@2b799d5e
[15Aug2026 15:59:59.052] [Server thread/INFO] [net.minecraft.server.MinecraftServer/]: Bhota joined the game
[15Aug2026 15:59:59.161] [Render thread/INFO] [net.minecraft.client.gui.NewChatGui/]: [CHAT] Bhota joined the game
[15Aug2026 15:59:59.182] [Server thread/INFO] [net.minecraft.server.MinecraftServer/]: <Bhota> Bot online. Mention me and tell me what you want, or use !help.
[15Aug2026 16:00:03.979] [Netty Server IO #0/DEBUG] [net.minecraftforge.fml.network.NetworkRegistry/NETREGISTRY]: Channel 'fml:loginwrapper' : Vanilla acceptance test: ACCEPTED
[15Aug2026 16:00:03.979] [Netty Server IO #0/DEBUG] [net.minecraftforge.fml.network.NetworkRegistry/NETREGISTRY]: Channel 'fml:handshake' : Vanilla acceptance test: ACCEPTED
[15Aug2026 16:00:03.979] [Netty Server IO #0/DEBUG] [net.minecraftforge.fml.network.NetworkRegistry/NETREGISTRY]: Channel 'forge:split_11' : Vanilla acceptance test: ACCEPTED
[15Aug2026 16:00:03.979] [Netty Server IO #0/DEBUG] [net.minecraftforge.fml.network.NetworkRegistry/NETREGISTRY]: Channel 'minecraft:unregister' : Vanilla acceptance test: ACCEPTED
[15Aug2026 16:00:03.980] [Netty Server IO #0/DEBUG] [net.minecraftforge.fml.network.NetworkRegistry/NETREGISTRY]: Channel 'fml:play' : Vanilla acceptance test: ACCEPTED
[15Aug2026 16:00:03.980] [Netty Server IO #0/DEBUG] [net.minecraftforge.fml.network.NetworkRegistry/NETREGISTRY]: Channel 'minecraft:register' : Vanilla acceptance test: ACCEPTED
[15Aug2026 16:00:03.980] [Netty Server IO #0/DEBUG] [net.minecraftforge.fml.network.NetworkRegistry/NETREGISTRY]: Channel 'forge:split' : Vanilla acceptance test: ACCEPTED
[15Aug2026 16:00:03.980] [Netty Server IO #0/DEBUG] [net.minecraftforge.fml.network.NetworkRegistry/NETREGISTRY]: Accepting channel list from vanilla
[15Aug2026 16:00:03.980] [Netty Server IO #0/DEBUG] [net.minecraftforge.fml.network.FMLHandshakeHandler/FMLHANDSHAKE]: Starting new vanilla network connection.
[15Aug2026 16:00:04.363] [User Authenticator #118/WARN] [net.minecraft.network.login.ServerLoginNetHandler/]: Failed to verify username but will let them in anyway!
[15Aug2026 16:00:04.404] [Server thread/DEBUG] [net.minecraftforge.fml.network.FMLHandshakeHandler/FMLHANDSHAKE]: Handshake complete!
[15Aug2026 16:00:04.449] [Server thread/INFO] [net.minecraftforge.common.AdvancementLoadFix/]: Using new advancement loading for net.minecraft.advancements.PlayerAdvancements@42b77e6a
[15Aug2026 16:00:04.501] [Server thread/INFO] [net.minecraft.network.play.ServerPlayNetHandler/]: Bhota lost connection: You logged in from another location
[15Aug2026 16:00:04.501] [Server thread/INFO] [net.minecraft.server.MinecraftServer/]: Bhota left the game
[15Aug2026 16:00:04.509] [Render thread/INFO] [net.minecraft.client.gui.NewChatGui/]: [CHAT] Bhota left the game
[15Aug2026 16:00:04.515] [Server thread/INFO] [net.minecraft.server.management.PlayerList/]: Bhota[/192.168.29.156:54854] logged in with entity id 2039 at (-50.5, 4.0, -37.5)
[15Aug2026 16:00:04.515] [Server thread/DEBUG] [net.minecraftforge.network.NetworkFilters/]: Injected net.minecraftforge.network.VanillaConnectionNetworkFilter@73fb14b6 into net.minecraft.network.NetworkManager@a46608d
[15Aug2026 16:00:04.525] [Server thread/INFO] [net.minecraft.server.MinecraftServer/]: Bhota joined the game
[15Aug2026 16:00:04.636] [Render thread/INFO] [net.minecraft.client.gui.NewChatGui/]: [CHAT] Bhota joined the game
[15Aug2026 16:00:04.675] [Server thread/INFO] [net.minecraft.server.MinecraftServer/]: <Bhota> Bot online. Mention me and tell me what you want, or use !help.
[15Aug2026 16:00:09.461] [Netty Server IO #1/DEBUG] [net.minecraftforge.fml.network.NetworkRegistry/NETREGISTRY]: Channel 'fml:loginwrapper' : Vanilla acceptance test: ACCEPTED
[15Aug2026 16:00:09.462] [Netty Server IO #1/DEBUG] [net.minecraftforge.fml.network.NetworkRegistry/NETREGISTRY]: Channel 'fml:handshake' : Vanilla acceptance test: ACCEPTED
[15Aug2026 16:00:09.462] [Netty Server IO #1/DEBUG] [net.minecraftforge.fml.network.NetworkRegistry/NETREGISTRY]: Channel 'forge:split_11' : Vanilla acceptance test: ACCEPTED
[15Aug2026 16:00:09.462] [Netty Server IO #1/DEBUG] [net.minecraftforge.fml.network.NetworkRegistry/NETREGISTRY]: Channel 'minecraft:unregister' : Vanilla acceptance test: ACCEPTED
[15Aug2026 16:00:09.462] [Netty Server IO #1/DEBUG] [net.minecraftforge.fml.network.NetworkRegistry/NETREGISTRY]: Channel 'fml:play' : Vanilla acceptance test: ACCEPTED
[15Aug2026 16:00:09.462] [Netty Server IO #1/DEBUG] [net.minecraftforge.fml.network.NetworkRegistry/NETREGISTRY]: Channel 'minecraft:register' : Vanilla acceptance test: ACCEPTED
[15Aug2026 16:00:09.477] [Netty Server IO #1/DEBUG] [net.minecraftforge.fml.network.NetworkRegistry/NETREGISTRY]: Channel 'forge:split' : Vanilla acceptance test: ACCEPTED
[15Aug2026 16:00:09.477] [Netty Server IO #1/DEBUG] [net.minecraftforge.fml.network.NetworkRegistry/NETREGISTRY]: Accepting channel list from vanilla
[15Aug2026 16:00:09.477] [Netty Server IO #1/DEBUG] [net.minecraftforge.fml.network.FMLHandshakeHandler/FMLHANDSHAKE]: Starting new vanilla network connection.
[15Aug2026 16:00:09.782] [User Authenticator #119/WARN] [net.minecraft.network.login.ServerLoginNetHandler/]: Failed to verify username but will let them in anyway!
[15Aug2026 16:00:09.804] [Server thread/DEBUG] [net.minecraftforge.fml.network.FMLHandshakeHandler/FMLHANDSHAKE]: Handshake complete!
[15Aug2026 16:00:09.856] [Server thread/INFO] [net.minecraft.network.play.ServerPlayNetHandler/]: Bhota lost connection: You logged in from another location
[15Aug2026 16:00:09.856] [Server thread/INFO] [net.minecraft.server.MinecraftServer/]: Bhota left the game
[15Aug2026 16:00:09.863] [Render thread/INFO] [net.minecraft.client.gui.NewChatGui/]: [CHAT] Bhota left the game
[15Aug2026 16:00:09.921] [Server thread/INFO] [net.minecraftforge.common.AdvancementLoadFix/]: Using new advancement loading for net.minecraft.advancements.PlayerAdvancements@19a149f3
[15Aug2026 16:00:09.934] [Server thread/WARN] [net.minecraft.network.NetworkManager/]: handleDisconnection() called twice
[15Aug2026 16:00:09.939] [Server thread/INFO] [net.minecraft.server.management.PlayerList/]: Bhota[/192.168.29.156:54856] logged in with entity id 2054 at (-50.5, 4.0, -37.5)
[15Aug2026 16:00:09.939] [Server thread/DEBUG] [net.minecraftforge.network.NetworkFilters/]: Injected net.minecraftforge.network.VanillaConnectionNetworkFilter@79f78ab1 into net.minecraft.network.NetworkManager@6a8aaaad
[15Aug2026 16:00:09.963] [Server thread/INFO] [net.minecraft.server.MinecraftServer/]: Bhota joined the game
[15Aug2026 16:00:09.993] [Render thread/INFO] [net.minecraft.client.gui.NewChatGui/]: [CHAT] Bhota joined the game
[15Aug2026 16:00:10.176] [Server thread/INFO] [net.minecraft.server.MinecraftServer/]: <Bhota> Bot online. Mention me and tell me what you want, or use !help.
[15Aug2026 16:00:11.258] [Server thread/INFO] [net.minecraft.server.MinecraftServer/]: <Dev> bhota build me a stone wall 10 4
[15Aug2026 16:00:11.259] [Render thread/INFO] [net.minecraft.client.gui.NewChatGui/]: [CHAT] <Dev> bhota build me a stone wall 10 4
[15Aug2026 16:00:11.356] [Server thread/INFO] [net.minecraft.server.MinecraftServer/]: <Bhota> I only take instructions from my master.
[15Aug2026 16:00:14.868] [Netty Server IO #2/DEBUG] [net.minecraftforge.fml.network.NetworkRegistry/NETREGISTRY]: Channel 'fml:loginwrapper' : Vanilla acceptance test: ACCEPTED
[15Aug2026 16:00:14.868] [Netty Server IO #2/DEBUG] [net.minecraftforge.fml.network.NetworkRegistry/NETREGISTRY]: Channel 'fml:handshake' : Vanilla acceptance test: ACCEPTED
[15Aug2026 16:00:14.869] [Netty Server IO #2/DEBUG] [net.minecraftforge.fml.network.NetworkRegistry/NETREGISTRY]: Channel 'forge:split_11' : Vanilla acceptance test: ACCEPTED
[15Aug2026 16:00:14.869] [Netty Server IO #2/DEBUG] [net.minecraftforge.fml.network.NetworkRegistry/NETREGISTRY]: Channel 'minecraft:unregister' : Vanilla acceptance test: ACCEPTED
[15Aug2026 16:00:14.869] [Netty Server IO #2/DEBUG] [net.minecraftforge.fml.network.NetworkRegistry/NETREGISTRY]: Channel 'fml:play' : Vanilla acceptance test: ACCEPTED
[15Aug2026 16:00:14.869] [Netty Server IO #2/DEBUG] [net.minecraftforge.fml.network.NetworkRegistry/NETREGISTRY]: Channel 'minecraft:register' : Vanilla acceptance test: ACCEPTED
[15Aug2026 16:00:14.869] [Netty Server IO #2/DEBUG] [net.minecraftforge.fml.network.NetworkRegistry/NETREGISTRY]: Channel 'forge:split' : Vanilla acceptance test: ACCEPTED
[15Aug2026 16:00:14.869] [Netty Server IO #2/DEBUG] [net.minecraftforge.fml.network.NetworkRegistry/NETREGISTRY]: Accepting channel list from vanilla
[15Aug2026 16:00:14.869] [Netty Server IO #2/DEBUG] [net.minecraftforge.fml.network.FMLHandshakeHandler/FMLHANDSHAKE]: Starting new vanilla network connection.
[15Aug2026 16:00:15.199] [User Authenticator #120/WARN] [net.minecraft.network.login.ServerLoginNetHandler/]: Failed to verify username but will let them in anyway!
[15Aug2026 16:00:15.201] [Server thread/DEBUG] [net.minecraftforge.fml.network.FMLHandshakeHandler/FMLHANDSHAKE]: Handshake complete!
[15Aug2026 16:00:15.298] [Server thread/INFO] [net.minecraft.network.play.ServerPlayNetHandler/]: Bhota lost connection: You logged in from another location
[15Aug2026 16:00:15.299] [Server thread/INFO] [net.minecraft.server.MinecraftServer/]: Bhota left the game
[15Aug2026 16:00:15.310] [Server thread/INFO] [net.minecraft.server.management.PlayerList/]: Bhota[/192.168.29.156:54858] logged in with entity id 2070 at (-50.5, 4.0, -37.5)
[15Aug2026 16:00:15.311] [Render thread/INFO] [net.minecraft.client.gui.NewChatGui/]: [CHAT] Bhota left the game
[15Aug2026 16:00:15.311] [Server thread/DEBUG] [net.minecraftforge.network.NetworkFilters/]: Injected net.minecraftforge.network.VanillaConnectionNetworkFilter@45b3e44a into net.minecraft.network.NetworkManager@bd0aada
[15Aug2026 16:00:15.318] [Server thread/INFO] [net.minecraft.server.MinecraftServer/]: Bhota joined the game
[15Aug2026 16:00:15.350] [Render thread/INFO] [net.minecraft.client.gui.NewChatGui/]: [CHAT] Bhota joined the game
[15Aug2026 16:00:15.459] [Server thread/INFO] [net.minecraft.server.MinecraftServer/]: <Bhota> Bot online. Mention me and tell me what you want, or use !help.
[15Aug2026 16:00:18.900] [Server thread/DEBUG] [net.minecraftforge.fml.FMLWorldPersistenceHook/WP]: Gathering id map for writing to world save New World
[15Aug2026 16:00:18.905] [Server thread/DEBUG] [net.minecraftforge.fml.FMLWorldPersistenceHook/WP]: ID Map collection complete New World
[15Aug2026 16:00:20.269] [Netty Server IO #3/DEBUG] [net.minecraftforge.fml.network.NetworkRegistry/NETREGISTRY]: Channel 'fml:loginwrapper' : Vanilla acceptance test: ACCEPTED
[15Aug2026 16:00:20.270] [Netty Server IO #3/DEBUG] [net.minecraftforge.fml.network.NetworkRegistry/NETREGISTRY]: Channel 'fml:handshake' : Vanilla acceptance test: ACCEPTED
[15Aug2026 16:00:20.270] [Netty Server IO #3/DEBUG] [net.minecraftforge.fml.network.NetworkRegistry/NETREGISTRY]: Channel 'forge:split_11' : Vanilla acceptance test: ACCEPTED
[15Aug2026 16:00:20.270] [Netty Server IO #3/DEBUG] [net.minecraftforge.fml.network.NetworkRegistry/NETREGISTRY]: Channel 'minecraft:unregister' : Vanilla acceptance test: ACCEPTED
[15Aug2026 16:00:20.270] [Netty Server IO #3/DEBUG] [net.minecraftforge.fml.network.NetworkRegistry/NETREGISTRY]: Channel 'fml:play' : Vanilla acceptance test: ACCEPTED
[15Aug2026 16:00:20.270] [Netty Server IO #3/DEBUG] [net.minecraftforge.fml.network.NetworkRegistry/NETREGISTRY]: Channel 'minecraft:register' : Vanilla acceptance test: ACCEPTED
[15Aug2026 16:00:20.270] [Netty Server IO #3/DEBUG] [net.minecraftforge.fml.network.NetworkRegistry/NETREGISTRY]: Channel 'forge:split' : Vanilla acceptance test: ACCEPTED
[15Aug2026 16:00:20.270] [Netty Server IO #3/DEBUG] [net.minecraftforge.fml.network.NetworkRegistry/NETREGISTRY]: Accepting channel list from vanilla
[15Aug2026 16:00:20.270] [Netty Server IO #3/DEBUG] [net.minecraftforge.fml.network.FMLHandshakeHandler/FMLHANDSHAKE]: Starting new vanilla network connection.
[15Aug2026 16:00:20.634] [User Authenticator #121/WARN] [net.minecraft.network.login.ServerLoginNetHandler/]: Failed to verify username but will let them in anyway!
[15Aug2026 16:00:20.653] [Server thread/DEBUG] [net.minecraftforge.fml.network.FMLHandshakeHandler/FMLHANDSHAKE]: Handshake complete!
[15Aug2026 16:00:20.704] [Server thread/INFO] [net.minecraftforge.common.AdvancementLoadFix/]: Using new advancement loading for net.minecraft.advancements.PlayerAdvancements@e98fe8b
[15Aug2026 16:00:20.754] [Server thread/INFO] [net.minecraft.network.play.ServerPlayNetHandler/]: Bhota lost connection: You logged in from another location
[15Aug2026 16:00:20.755] [Server thread/INFO] [net.minecraft.server.MinecraftServer/]: Bhota left the game
[15Aug2026 16:00:20.766] [Server thread/INFO] [net.minecraft.server.management.PlayerList/]: Bhota[/192.168.29.156:54859] logged in with entity id 2088 at (-50.5, 4.0, -37.5)
[15Aug2026 16:00:20.766] [Server thread/DEBUG] [net.minecraftforge.network.NetworkFilters/]: Injected net.minecraftforge.network.VanillaConnectionNetworkFilter@6d740eb5 into net.minecraft.network.NetworkManager@24d1d936
[15Aug2026 16:00:20.770] [Server thread/INFO] [net.minecraft.server.MinecraftServer/]: Bhota joined the game
[15Aug2026 16:00:20.836] [Render thread/INFO] [net.minecraft.client.gui.NewChatGui/]: [CHAT] Bhota left the game
[15Aug2026 16:00:20.836] [Render thread/INFO] [net.minecraft.client.gui.NewChatGui/]: [CHAT] Bhota joined the game
[15Aug2026 16:00:20.883] [Server thread/INFO] [net.minecraft.server.MinecraftServer/]: <Bhota> Bot online. Mention me and tell me what you want, or use !help.
[15Aug2026 16:00:25.717] [Netty Server IO #0/DEBUG] [net.minecraftforge.fml.network.NetworkRegistry/NETREGISTRY]: Channel 'fml:loginwrapper' : Vanilla acceptance test: ACCEPTED
[15Aug2026 16:00:25.717] [Netty Server IO #0/DEBUG] [net.minecraftforge.fml.network.NetworkRegistry/NETREGISTRY]: Channel 'fml:handshake' : Vanilla acceptance test: ACCEPTED
[15Aug2026 16:00:25.717] [Netty Server IO #0/DEBUG] [net.minecraftforge.fml.network.NetworkRegistry/NETREGISTRY]: Channel 'forge:split_11' : Vanilla acceptance test: ACCEPTED
[15Aug2026 16:00:25.717] [Netty Server IO #0/DEBUG] [net.minecraftforge.fml.network.NetworkRegistry/NETREGISTRY]: Channel 'minecraft:unregister' : Vanilla acceptance test: ACCEPTED
[15Aug2026 16:00:25.717] [Netty Server IO #0/DEBUG] [net.minecraftforge.fml.network.NetworkRegistry/NETREGISTRY]: Channel 'fml:play' : Vanilla acceptance test: ACCEPTED
[15Aug2026 16:00:25.717] [Netty Server IO #0/DEBUG] [net.minecraftforge.fml.network.NetworkRegistry/NETREGISTRY]: Channel 'minecraft:register' : Vanilla acceptance test: ACCEPTED
[15Aug2026 16:00:25.717] [Netty Server IO #0/DEBUG] [net.minecraftforge.fml.network.NetworkRegistry/NETREGISTRY]: Channel 'forge:split' : Vanilla acceptance test: ACCEPTED
[15Aug2026 16:00:25.717] [Netty Server IO #0/DEBUG] [net.minecraftforge.fml.network.NetworkRegistry/NETREGISTRY]: Accepting channel list from vanilla
[15Aug2026 16:00:25.717] [Netty Server IO #0/DEBUG] [net.minecraftforge.fml.network.FMLHandshakeHandler/FMLHANDSHAKE]: Starting new vanilla network connection.
[15Aug2026 16:00:26.122] [User Authenticator #122/WARN] [net.minecraft.network.login.ServerLoginNetHandler/]: Failed to verify username but will let them in anyway!
[15Aug2026 16:00:26.154] [Server thread/DEBUG] [net.minecraftforge.fml.network.FMLHandshakeHandler/FMLHANDSHAKE]: Handshake complete!
[15Aug2026 16:00:26.205] [Server thread/INFO] [net.minecraftforge.common.AdvancementLoadFix/]: Using new advancement loading for net.minecraft.advancements.PlayerAdvancements@5b2f08d6
[15Aug2026 16:00:26.250] [Server thread/INFO] [net.minecraft.network.play.ServerPlayNetHandler/]: Bhota lost connection: You logged in from another location
[15Aug2026 16:00:26.250] [Server thread/INFO] [net.minecraft.server.MinecraftServer/]: Bhota left the game
[15Aug2026 16:00:26.261] [Render thread/INFO] [net.minecraft.client.gui.NewChatGui/]: [CHAT] Bhota left the game
[15Aug2026 16:00:26.265] [Server thread/INFO] [net.minecraft.server.management.PlayerList/]: Bhota[/192.168.29.156:54860] logged in with entity id 2103 at (-50.5, 4.0, -37.5)
[15Aug2026 16:00:26.266] [Server thread/DEBUG] [net.minecraftforge.network.NetworkFilters/]: Injected net.minecraftforge.network.VanillaConnectionNetworkFilter@6cd0659 into net.minecraft.network.NetworkManager@2507d7ee
[15Aug2026 16:00:26.280] [Server thread/INFO] [net.minecraft.server.MinecraftServer/]: Bhota joined the game
[15Aug2026 16:00:26.360] [Render thread/INFO] [net.minecraft.client.gui.NewChatGui/]: [CHAT] Bhota joined the game
[15Aug2026 16:00:26.425] [Server thread/INFO] [net.minecraft.server.MinecraftServer/]: <Bhota> Bot online. Mention me and tell me what you want, or use !help.
[15Aug2026 16:00:31.226] [Netty Server IO #1/DEBUG] [net.minecraftforge.fml.network.NetworkRegistry/NETREGISTRY]: Channel 'fml:loginwrapper' : Vanilla acceptance test: ACCEPTED
[15Aug2026 16:00:31.226] [Netty Server IO #1/DEBUG] [net.minecraftforge.fml.network.NetworkRegistry/NETREGISTRY]: Channel 'fml:handshake' : Vanilla acceptance test: ACCEPTED
[15Aug2026 16:00:31.226] [Netty Server IO #1/DEBUG] [net.minecraftforge.fml.network.NetworkRegistry/NETREGISTRY]: Channel 'forge:split_11' : Vanilla acceptance test: ACCEPTED
[15Aug2026 16:00:31.226] [Netty Server IO #1/DEBUG] [net.minecraftforge.fml.network.NetworkRegistry/NETREGISTRY]: Channel 'minecraft:unregister' : Vanilla acceptance test: ACCEPTED
[15Aug2026 16:00:31.226] [Netty Server IO #1/DEBUG] [net.minecraftforge.fml.network.NetworkRegistry/NETREGISTRY]: Channel 'fml:play' : Vanilla acceptance test: ACCEPTED
[15Aug2026 16:00:31.226] [Netty Server IO #1/DEBUG] [net.minecraftforge.fml.network.NetworkRegistry/NETREGISTRY]: Channel 'minecraft:register' : Vanilla acceptance test: ACCEPTED
[15Aug2026 16:00:31.226] [Netty Server IO #1/DEBUG] [net.minecraftforge.fml.network.NetworkRegistry/NETREGISTRY]: Channel 'forge:split' : Vanilla acceptance test: ACCEPTED
[15Aug2026 16:00:31.226] [Netty Server IO #1/DEBUG] [net.minecraftforge.fml.network.NetworkRegistry/NETREGISTRY]: Accepting channel list from vanilla
[15Aug2026 16:00:31.226] [Netty Server IO #1/DEBUG] [net.minecraftforge.fml.network.FMLHandshakeHandler/FMLHANDSHAKE]: Starting new vanilla network connection.
[15Aug2026 16:00:31.581] [User Authenticator #123/WARN] [net.minecraft.network.login.ServerLoginNetHandler/]: Failed to verify username but will let them in anyway!
[15Aug2026 16:00:31.610] [Server thread/DEBUG] [net.minecraftforge.fml.network.FMLHandshakeHandler/FMLHANDSHAKE]: Handshake complete!
[15Aug2026 16:00:31.683] [Server thread/INFO] [net.minecraft.network.play.ServerPlayNetHandler/]: Bhota lost connection: You logged in from another location
[15Aug2026 16:00:31.683] [Server thread/INFO] [net.minecraft.server.MinecraftServer/]: Bhota left the game
[15Aug2026 16:00:31.690] [Server thread/INFO] [net.minecraftforge.common.AdvancementLoadFix/]: Using new advancement loading for net.minecraft.advancements.PlayerAdvancements@689aec4c
[15Aug2026 16:00:31.700] [Server thread/WARN] [net.minecraft.network.NetworkManager/]: handleDisconnection() called twice
[15Aug2026 16:00:31.701] [Server thread/INFO] [net.minecraft.server.management.PlayerList/]: Bhota[/192.168.29.156:54861] logged in with entity id 2113 at (-50.5, 4.0, -37.5)
[15Aug2026 16:00:31.701] [Server thread/DEBUG] [net.minecraftforge.network.NetworkFilters/]: Injected net.minecraftforge.network.VanillaConnectionNetworkFilter@7d56ffeb into net.minecraft.network.NetworkManager@42119481
[15Aug2026 16:00:31.707] [Server thread/INFO] [net.minecraft.server.MinecraftServer/]: Bhota joined the game
[15Aug2026 16:00:31.831] [Render thread/INFO] [net.minecraft.client.gui.NewChatGui/]: [CHAT] Bhota left the game
[15Aug2026 16:00:31.832] [Render thread/INFO] [net.minecraft.client.gui.NewChatGui/]: [CHAT] Bhota joined the game
[15Aug2026 16:00:32.229] [Server thread/INFO] [net.minecraft.server.MinecraftServer/]: <Bhota> Bot online. Mention me and tell me what you want, or use !help.
[15Aug2026 16:00:36.766] [Netty Server IO #2/DEBUG] [net.minecraftforge.fml.network.NetworkRegistry/NETREGISTRY]: Channel 'fml:loginwrapper' : Vanilla acceptance test: ACCEPTED
[15Aug2026 16:00:36.767] [Netty Server IO #2/DEBUG] [net.minecraftforge.fml.network.NetworkRegistry/NETREGISTRY]: Channel 'fml:handshake' : Vanilla acceptance test: ACCEPTED
[15Aug2026 16:00:36.767] [Netty Server IO #2/DEBUG] [net.minecraftforge.fml.network.NetworkRegistry/NETREGISTRY]: Channel 'forge:split_11' : Vanilla acceptance test: ACCEPTED
[15Aug2026 16:00:36.767] [Netty Server IO #2/DEBUG] [net.minecraftforge.fml.network.NetworkRegistry/NETREGISTRY]: Channel 'minecraft:unregister' : Vanilla acceptance test: ACCEPTED
[15Aug2026 16:00:36.767] [Netty Server IO #2/DEBUG] [net.minecraftforge.fml.network.NetworkRegistry/NETREGISTRY]: Channel 'fml:play' : Vanilla acceptance test: ACCEPTED
[15Aug2026 16:00:36.767] [Netty Server IO #2/DEBUG] [net.minecraftforge.fml.network.NetworkRegistry/NETREGISTRY]: Channel 'minecraft:register' : Vanilla acceptance test: ACCEPTED
[15Aug2026 16:00:36.767] [Netty Server IO #2/DEBUG] [net.minecraftforge.fml.network.NetworkRegistry/NETREGISTRY]: Channel 'forge:split' : Vanilla acceptance test: ACCEPTED
[15Aug2026 16:00:36.767] [Netty Server IO #2/DEBUG] [net.minecraftforge.fml.network.NetworkRegistry/NETREGISTRY]: Accepting channel list from vanilla
[15Aug2026 16:00:36.767] [Netty Server IO #2/DEBUG] [net.minecraftforge.fml.network.FMLHandshakeHandler/FMLHANDSHAKE]: Starting new vanilla network connection.
[15Aug2026 16:00:37.191] [User Authenticator #124/WARN] [net.minecraft.network.login.ServerLoginNetHandler/]: Failed to verify username but will let them in anyway!
[15Aug2026 16:00:37.264] [Server thread/DEBUG] [net.minecraftforge.fml.network.FMLHandshakeHandler/FMLHANDSHAKE]: Handshake complete!
[15Aug2026 16:00:37.316] [Server thread/INFO] [net.minecraft.network.play.ServerPlayNetHandler/]: Bhota lost connection: You logged in from another location
[15Aug2026 16:00:37.316] [Server thread/INFO] [net.minecraft.server.MinecraftServer/]: Bhota left the game
[15Aug2026 16:00:37.358] [Server thread/INFO] [net.minecraft.server.management.PlayerList/]: Bhota[/192.168.29.156:54862] logged in with entity id 2123 at (-50.5, 4.0, -37.5)
[15Aug2026 16:00:37.385] [Server thread/DEBUG] [net.minecraftforge.network.NetworkFilters/]: Injected net.minecraftforge.network.VanillaConnectionNetworkFilter@1b423334 into net.minecraft.network.NetworkManager@43956484
[15Aug2026 16:00:37.390] [Server thread/INFO] [net.minecraft.server.MinecraftServer/]: Bhota joined the game
[15Aug2026 16:00:37.482] [Render thread/INFO] [net.minecraft.client.gui.NewChatGui/]: [CHAT] Bhota left the game
[15Aug2026 16:00:37.483] [Render thread/INFO] [net.minecraft.client.gui.NewChatGui/]: [CHAT] Bhota joined the game
[15Aug2026 16:00:37.756] [Server thread/INFO] [net.minecraft.server.MinecraftServer/]: <Bhota> Bot online. Mention me and tell me what you want, or use !help.
[15Aug2026 16:00:42.298] [Netty Server IO #3/DEBUG] [net.minecraftforge.fml.network.NetworkRegistry/NETREGISTRY]: Channel 'fml:loginwrapper' : Vanilla acceptance test: ACCEPTED
[15Aug2026 16:00:42.298] [Netty Server IO #3/DEBUG] [net.minecraftforge.fml.network.NetworkRegistry/NETREGISTRY]: Channel 'fml:handshake' : Vanilla acceptance test: ACCEPTED
[15Aug2026 16:00:42.298] [Netty Server IO #3/DEBUG] [net.minecraftforge.fml.network.NetworkRegistry/NETREGISTRY]: Channel 'forge:split_11' : Vanilla acceptance test: ACCEPTED
[15Aug2026 16:00:42.298] [Netty Server IO #3/DEBUG] [net.minecraftforge.fml.network.NetworkRegistry/NETREGISTRY]: Channel 'minecraft:unregister' : Vanilla acceptance test: ACCEPTED
[15Aug2026 16:00:42.298] [Netty Server IO #3/DEBUG] [net.minecraftforge.fml.network.NetworkRegistry/NETREGISTRY]: Channel 'fml:play' : Vanilla acceptance test: ACCEPTED
[15Aug2026 16:00:42.298] [Netty Server IO #3/DEBUG] [net.minecraftforge.fml.network.NetworkRegistry/NETREGISTRY]: Channel 'minecraft:register' : Vanilla acceptance test: ACCEPTED
[15Aug2026 16:00:42.298] [Netty Server IO #3/DEBUG] [net.minecraftforge.fml.network.NetworkRegistry/NETREGISTRY]: Channel 'forge:split' : Vanilla acceptance test: ACCEPTED
[15Aug2026 16:00:42.298] [Netty Server IO #3/DEBUG] [net.minecraftforge.fml.network.NetworkRegistry/NETREGISTRY]: Accepting channel list from vanilla
[15Aug2026 16:00:42.298] [Netty Server IO #3/DEBUG] [net.minecraftforge.fml.network.FMLHandshakeHandler/FMLHANDSHAKE]: Starting new vanilla network connection.
[15Aug2026 16:00:42.744] [User Authenticator #125/WARN] [net.minecraft.network.login.ServerLoginNetHandler/]: Failed to verify username but will let them in anyway!
[15Aug2026 16:00:42.749] [Server thread/DEBUG] [net.minecraftforge.fml.network.FMLHandshakeHandler/FMLHANDSHAKE]: Handshake complete!
[15Aug2026 16:00:42.813] [Server thread/INFO] [net.minecraftforge.common.AdvancementLoadFix/]: Using new advancement loading for net.minecraft.advancements.PlayerAdvancements@60613b22
[15Aug2026 16:00:42.884] [Server thread/INFO] [net.minecraft.network.play.ServerPlayNetHandler/]: Bhota lost connection: You logged in from another location
[15Aug2026 16:00:42.885] [Server thread/INFO] [net.minecraft.server.MinecraftServer/]: Bhota left the game
[15Aug2026 16:00:42.894] [Server thread/INFO] [net.minecraft.server.management.PlayerList/]: Bhota[/192.168.29.156:54864] logged in with entity id 2130 at (-50.5, 4.0, -37.5)
[15Aug2026 16:00:42.895] [Server thread/DEBUG] [net.minecraftforge.network.NetworkFilters/]: Injected net.minecraftforge.network.VanillaConnectionNetworkFilter@143a7473 into net.minecraft.network.NetworkManager@7debf5fd
[15Aug2026 16:00:42.901] [Server thread/INFO] [net.minecraft.server.MinecraftServer/]: Bhota joined the game
[15Aug2026 16:00:43.083] [Render thread/INFO] [net.minecraft.client.gui.NewChatGui/]: [CHAT] Bhota left the game
[15Aug2026 16:00:43.083] [Render thread/INFO] [net.minecraft.client.gui.NewChatGui/]: [CHAT] Bhota joined the game
[15Aug2026 16:00:43.445] [Server thread/INFO] [net.minecraft.server.MinecraftServer/]: <Bhota> Bot online. Mention me and tell me what you want, or use !help.
[15Aug2026 16:00:47.876] [Netty Server IO #0/DEBUG] [net.minecraftforge.fml.network.NetworkRegistry/NETREGISTRY]: Channel 'fml:loginwrapper' : Vanilla acceptance test: ACCEPTED
[15Aug2026 16:00:47.877] [Netty Server IO #0/DEBUG] [net.minecraftforge.fml.network.NetworkRegistry/NETREGISTRY]: Channel 'fml:handshake' : Vanilla acceptance test: ACCEPTED
[15Aug2026 16:00:47.877] [Netty Server IO #0/DEBUG] [net.minecraftforge.fml.network.NetworkRegistry/NETREGISTRY]: Channel 'forge:split_11' : Vanilla acceptance test: ACCEPTED
[15Aug2026 16:00:47.878] [Netty Server IO #0/DEBUG] [net.minecraftforge.fml.network.NetworkRegistry/NETREGISTRY]: Channel 'minecraft:unregister' : Vanilla acceptance test: ACCEPTED
[15Aug2026 16:00:47.878] [Netty Server IO #0/DEBUG] [net.minecraftforge.fml.network.NetworkRegistry/NETREGISTRY]: Channel 'fml:play' : Vanilla acceptance test: ACCEPTED
[15Aug2026 16:00:47.878] [Netty Server IO #0/DEBUG] [net.minecraftforge.fml.network.NetworkRegistry/NETREGISTRY]: Channel 'minecraft:register' : Vanilla acceptance test: ACCEPTED
[15Aug2026 16:00:47.878] [Netty Server IO #0/DEBUG] [net.minecraftforge.fml.network.NetworkRegistry/NETREGISTRY]: Channel 'forge:split' : Vanilla acceptance test: ACCEPTED
[15Aug2026 16:00:47.878] [Netty Server IO #0/DEBUG] [net.minecraftforge.fml.network.NetworkRegistry/NETREGISTRY]: Accepting channel list from vanilla
[15Aug2026 16:00:47.878] [Netty Server IO #0/DEBUG] [net.minecraftforge.fml.network.FMLHandshakeHandler/FMLHANDSHAKE]: Starting new vanilla network connection.
[15Aug2026 16:00:48.273] [User Authenticator #126/WARN] [net.minecraft.network.login.ServerLoginNetHandler/]: Failed to verify username but will let them in anyway!
[15Aug2026 16:00:48.321] [Server thread/DEBUG] [net.minecraftforge.fml.network.FMLHandshakeHandler/FMLHANDSHAKE]: Handshake complete!
[15Aug2026 16:00:48.384] [Server thread/INFO] [net.minecraft.network.play.ServerPlayNetHandler/]: Bhota lost connection: Disconnected
[15Aug2026 16:00:48.384] [Server thread/INFO] [net.minecraft.server.MinecraftServer/]: Bhota left the game
[15Aug2026 16:00:48.391] [Server thread/INFO] [net.minecraftforge.common.AdvancementLoadFix/]: Using new advancement loading for net.minecraft.advancements.PlayerAdvancements@711485b7
[15Aug2026 16:00:48.400] [Server thread/WARN] [net.minecraft.network.NetworkManager/]: handleDisconnection() called twice
[15Aug2026 16:00:48.404] [Server thread/INFO] [net.minecraft.server.management.PlayerList/]: Bhota[/192.168.29.156:54865] logged in with entity id 2141 at (-50.5, 4.0, -37.5)
[15Aug2026 16:00:48.404] [Server thread/DEBUG] [net.minecraftforge.network.NetworkFilters/]: Injected net.minecraftforge.network.VanillaConnectionNetworkFilter@b2de2be into net.minecraft.network.NetworkManager@5e41f751
[15Aug2026 16:00:48.473] [Server thread/INFO] [net.minecraft.server.MinecraftServer/]: Bhota joined the game
[15Aug2026 16:00:48.630] [Render thread/INFO] [net.minecraft.client.gui.NewChatGui/]: [CHAT] Bhota left the game
[15Aug2026 16:00:48.636] [Render thread/INFO] [net.minecraft.client.gui.NewChatGui/]: [CHAT] Bhota joined the game
[15Aug2026 16:00:48.902] [Server thread/INFO] [net.minecraft.server.MinecraftServer/]: <Bhota> Bot online. Mention me and tell me what you want, or use !help.
[15Aug2026 16:00:53.578] [Netty Server IO #1/DEBUG] [net.minecraftforge.fml.network.NetworkRegistry/NETREGISTRY]: Channel 'fml:loginwrapper' : Vanilla acceptance test: ACCEPTED
[15Aug2026 16:00:53.579] [Netty Server IO #1/DEBUG] [net.minecraftforge.fml.network.NetworkRegistry/NETREGISTRY]: Channel 'fml:handshake' : Vanilla acceptance test: ACCEPTED
[15Aug2026 16:00:53.579] [Netty Server IO #1/DEBUG] [net.minecraftforge.fml.network.NetworkRegistry/NETREGISTRY]: Channel 'forge:split_11' : Vanilla acceptance test: ACCEPTED
[15Aug2026 16:00:53.579] [Netty Server IO #1/DEBUG] [net.minecraftforge.fml.network.NetworkRegistry/NETREGISTRY]: Channel 'minecraft:unregister' : Vanilla acceptance test: ACCEPTED
[15Aug2026 16:00:53.579] [Netty Server IO #1/DEBUG] [net.minecraftforge.fml.network.NetworkRegistry/NETREGISTRY]: Channel 'fml:play' : Vanilla acceptance test: ACCEPTED
[15Aug2026 16:00:53.579] [Netty Server IO #1/DEBUG] [net.minecraftforge.fml.network.NetworkRegistry/NETREGISTRY]: Channel 'minecraft:register' : Vanilla acceptance test: ACCEPTED
[15Aug2026 16:00:53.579] [Netty Server IO #1/DEBUG] [net.minecraftforge.fml.network.NetworkRegistry/NETREGISTRY]: Channel 'forge:split' : Vanilla acceptance test: ACCEPTED
[15Aug2026 16:00:53.579] [Netty Server IO #1/DEBUG] [net.minecraftforge.fml.network.NetworkRegistry/NETREGISTRY]: Accepting channel list from vanilla
[15Aug2026 16:00:53.579] [Netty Server IO #1/DEBUG] [net.minecraftforge.fml.network.FMLHandshakeHandler/FMLHANDSHAKE]: Starting new vanilla network connection.
[15Aug2026 16:00:54.045] [User Authenticator #127/WARN] [net.minecraft.network.login.ServerLoginNetHandler/]: Failed to verify username but will let them in anyway!
[15Aug2026 16:00:54.046] [Server thread/DEBUG] [net.minecraftforge.fml.network.FMLHandshakeHandler/FMLHANDSHAKE]: Handshake complete!
[15Aug2026 16:00:54.174] [Server thread/INFO] [net.minecraft.network.play.ServerPlayNetHandler/]: Bhota lost connection: You logged in from another location
[15Aug2026 16:00:54.174] [Server thread/INFO] [net.minecraft.server.MinecraftServer/]: Bhota left the game
[15Aug2026 16:00:54.181] [Server thread/INFO] [net.minecraft.server.management.PlayerList/]: Bhota[/192.168.29.156:54866] logged in with entity id 2152 at (-50.5, 4.0, -37.5)
[15Aug2026 16:00:54.182] [Server thread/DEBUG] [net.minecraftforge.network.NetworkFilters/]: Injected net.minecraftforge.network.VanillaConnectionNetworkFilter@175682a9 into net.minecraft.network.NetworkManager@45d765a0
[15Aug2026 16:00:54.191] [Server thread/INFO] [net.minecraft.server.MinecraftServer/]: Bhota joined the game
[15Aug2026 16:00:54.275] [Render thread/INFO] [net.minecraft.client.gui.NewChatGui/]: [CHAT] Bhota left the game
[15Aug2026 16:00:54.275] [Render thread/INFO] [net.minecraft.client.gui.NewChatGui/]: [CHAT] Bhota joined the game
[15Aug2026 16:00:54.426] [Server thread/INFO] [net.minecraft.server.MinecraftServer/]: <Bhota> Bot online. Mention me and tell me what you want, or use !help.
[15Aug2026 16:00:59.149] [Netty Server IO #2/DEBUG] [net.minecraftforge.fml.network.NetworkRegistry/NETREGISTRY]: Channel 'fml:loginwrapper' : Vanilla acceptance test: ACCEPTED
[15Aug2026 16:00:59.150] [Netty Server IO #2/DEBUG] [net.minecraftforge.fml.network.NetworkRegistry/NETREGISTRY]: Channel 'fml:handshake' : Vanilla acceptance test: ACCEPTED
[15Aug2026 16:00:59.150] [Netty Server IO #2/DEBUG] [net.minecraftforge.fml.network.NetworkRegistry/NETREGISTRY]: Channel 'forge:split_11' : Vanilla acceptance test: ACCEPTED
[15Aug2026 16:00:59.150] [Netty Server IO #2/DEBUG] [net.minecraftforge.fml.network.NetworkRegistry/NETREGISTRY]: Channel 'minecraft:unregister' : Vanilla acceptance test: ACCEPTED
[15Aug2026 16:00:59.150] [Netty Server IO #2/DEBUG] [net.minecraftforge.fml.network.NetworkRegistry/NETREGISTRY]: Channel 'fml:play' : Vanilla acceptance test: ACCEPTED
[15Aug2026 16:00:59.150] [Netty Server IO #2/DEBUG] [net.minecraftforge.fml.network.NetworkRegistry/NETREGISTRY]: Channel 'minecraft:register' : Vanilla acceptance test: ACCEPTED
[15Aug2026 16:00:59.150] [Netty Server IO #2/DEBUG] [net.minecraftforge.fml.network.NetworkRegistry/NETREGISTRY]: Channel 'forge:split' : Vanilla acceptance test: ACCEPTED
[15Aug2026 16:00:59.150] [Netty Server IO #2/DEBUG] [net.minecraftforge.fml.network.NetworkRegistry/NETREGISTRY]: Accepting channel list from vanilla
[15Aug2026 16:00:59.150] [Netty Server IO #2/DEBUG] [net.minecraftforge.fml.network.FMLHandshakeHandler/FMLHANDSHAKE]: Starting new vanilla network connection.
[15Aug2026 16:00:59.668] [User Authenticator #128/WARN] [net.minecraft.network.login.ServerLoginNetHandler/]: Failed to verify username but will let them in anyway!
[15Aug2026 16:00:59.769] [Server thread/DEBUG] [net.minecraftforge.fml.network.FMLHandshakeHandler/FMLHANDSHAKE]: Handshake complete!
[15Aug2026 16:00:59.779] [Server thread/INFO] [net.minecraft.network.play.ServerPlayNetHandler/]: Bhota lost connection: You logged in from another location
[15Aug2026 16:00:59.779] [Server thread/INFO] [net.minecraft.server.MinecraftServer/]: Bhota left the game
[15Aug2026 16:00:59.784] [Server thread/INFO] [net.minecraftforge.common.AdvancementLoadFix/]: Using new advancement loading for net.minecraft.advancements.PlayerAdvancements@150c957e
[15Aug2026 16:00:59.798] [Render thread/INFO] [net.minecraft.client.gui.NewChatGui/]: [CHAT] Bhota left the game
[15Aug2026 16:00:59.808] [Server thread/WARN] [net.minecraft.network.NetworkManager/]: handleDisconnection() called twice
[15Aug2026 16:00:59.810] [Server thread/INFO] [net.minecraft.server.management.PlayerList/]: Bhota[/192.168.29.156:54867] logged in with entity id 2166 at (-50.5, 4.0, -37.5)
[15Aug2026 16:00:59.811] [Server thread/DEBUG] [net.minecraftforge.network.NetworkFilters/]: Injected net.minecraftforge.network.VanillaConnectionNetworkFilter@2f2b9e65 into net.minecraft.network.NetworkManager@5e7d599b
[15Aug2026 16:00:59.831] [Server thread/INFO] [net.minecraft.server.MinecraftServer/]: Bhota joined the game
[15Aug2026 16:00:59.973] [Render thread/INFO] [net.minecraft.client.gui.NewChatGui/]: [CHAT] Bhota joined the game
[15Aug2026 16:01:00.330] [Server thread/INFO] [net.minecraft.server.MinecraftServer/]: <Bhota> Bot online. Mention me and tell me what you want, or use !help.
[15Aug2026 16:01:04.910] [Netty Server IO #3/DEBUG] [net.minecraftforge.fml.network.NetworkRegistry/NETREGISTRY]: Channel 'fml:loginwrapper' : Vanilla acceptance test: ACCEPTED
[15Aug2026 16:01:04.911] [Netty Server IO #3/DEBUG] [net.minecraftforge.fml.network.NetworkRegistry/NETREGISTRY]: Channel 'fml:handshake' : Vanilla acceptance test: ACCEPTED
[15Aug2026 16:01:04.911] [Netty Server IO #3/DEBUG] [net.minecraftforge.fml.network.NetworkRegistry/NETREGISTRY]: Channel 'forge:split_11' : Vanilla acceptance test: ACCEPTED
[15Aug2026 16:01:04.911] [Netty Server IO #3/DEBUG] [net.minecraftforge.fml.network.NetworkRegistry/NETREGISTRY]: Channel 'minecraft:unregister' : Vanilla acceptance test: ACCEPTED
[15Aug2026 16:01:04.911] [Netty Server IO #3/DEBUG] [net.minecraftforge.fml.network.NetworkRegistry/NETREGISTRY]: Channel 'fml:play' : Vanilla acceptance test: ACCEPTED
[15Aug2026 16:01:04.911] [Netty Server IO #3/DEBUG] [net.minecraftforge.fml.network.NetworkRegistry/NETREGISTRY]: Channel 'minecraft:register' : Vanilla acceptance test: ACCEPTED
[15Aug2026 16:01:04.911] [Netty Server IO #3/DEBUG] [net.minecraftforge.fml.network.NetworkRegistry/NETREGISTRY]: Channel 'forge:split' : Vanilla acceptance test: ACCEPTED
[15Aug2026 16:01:04.911] [Netty Server IO #3/DEBUG] [net.minecraftforge.fml.network.NetworkRegistry/NETREGISTRY]: Accepting channel list from vanilla
[15Aug2026 16:01:04.911] [Netty Server IO #3/DEBUG] [net.minecraftforge.fml.network.FMLHandshakeHandler/FMLHANDSHAKE]: Starting new vanilla network connection.
[15Aug2026 16:01:05.517] [User Authenticator #129/WARN] [net.minecraft.network.login.ServerLoginNetHandler/]: Failed to verify username but will let them in anyway!
[15Aug2026 16:01:05.550] [Server thread/DEBUG] [net.minecraftforge.fml.network.FMLHandshakeHandler/FMLHANDSHAKE]: Handshake complete!
[15Aug2026 16:01:05.634] [Server thread/INFO] [net.minecraft.network.play.ServerPlayNetHandler/]: Bhota lost connection: You logged in from another location
[15Aug2026 16:01:05.634] [Server thread/INFO] [net.minecraft.server.MinecraftServer/]: Bhota left the game
[15Aug2026 16:01:05.642] [Server thread/INFO] [net.minecraftforge.common.AdvancementLoadFix/]: Using new advancement loading for net.minecraft.advancements.PlayerAdvancements@68039bd
[15Aug2026 16:01:05.650] [Server thread/WARN] [net.minecraft.network.NetworkManager/]: handleDisconnection() called twice
[15Aug2026 16:01:05.651] [Server thread/INFO] [net.minecraft.server.management.PlayerList/]: Bhota[/192.168.29.156:54870] logged in with entity id 2172 at (-50.5, 4.0, -37.5)
[15Aug2026 16:01:05.652] [Server thread/DEBUG] [net.minecraftforge.network.NetworkFilters/]: Injected net.minecraftforge.network.VanillaConnectionNetworkFilter@496d45ba into net.minecraft.network.NetworkManager@4e27c0fb
[15Aug2026 16:01:05.654] [Server thread/INFO] [net.minecraft.server.MinecraftServer/]: Bhota joined the game
[15Aug2026 16:01:05.720] [Render thread/INFO] [net.minecraft.client.gui.NewChatGui/]: [CHAT] Bhota left the game
[15Aug2026 16:01:05.735] [Render thread/INFO] [net.minecraft.client.gui.NewChatGui/]: [CHAT] Bhota joined the game
[15Aug2026 16:01:06.119] [Server thread/INFO] [net.minecraft.server.MinecraftServer/]: <Bhota> Bot online. Mention me and tell me what you want, or use !help.
[15Aug2026 16:01:10.678] [Netty Server IO #0/DEBUG] [net.minecraftforge.fml.network.NetworkRegistry/NETREGISTRY]: Channel 'fml:loginwrapper' : Vanilla acceptance test: ACCEPTED
[15Aug2026 16:01:10.678] [Netty Server IO #0/DEBUG] [net.minecraftforge.fml.network.NetworkRegistry/NETREGISTRY]: Channel 'fml:handshake' : Vanilla acceptance test: ACCEPTED
[15Aug2026 16:01:10.678] [Netty Server IO #0/DEBUG] [net.minecraftforge.fml.network.NetworkRegistry/NETREGISTRY]: Channel 'forge:split_11' : Vanilla acceptance test: ACCEPTED
[15Aug2026 16:01:10.678] [Netty Server IO #0/DEBUG] [net.minecraftforge.fml.network.NetworkRegistry/NETREGISTRY]: Channel 'minecraft:unregister' : Vanilla acceptance test: ACCEPTED
[15Aug2026 16:01:10.678] [Netty Server IO #0/DEBUG] [net.minecraftforge.fml.network.NetworkRegistry/NETREGISTRY]: Channel 'fml:play' : Vanilla acceptance test: ACCEPTED
[15Aug2026 16:01:10.678] [Netty Server IO #0/DEBUG] [net.minecraftforge.fml.network.NetworkRegistry/NETREGISTRY]: Channel 'minecraft:register' : Vanilla acceptance test: ACCEPTED
[15Aug2026 16:01:10.678] [Netty Server IO #0/DEBUG] [net.minecraftforge.fml.network.NetworkRegistry/NETREGISTRY]: Channel 'forge:split' : Vanilla acceptance test: ACCEPTED
[15Aug2026 16:01:10.678] [Netty Server IO #0/DEBUG] [net.minecraftforge.fml.network.NetworkRegistry/NETREGISTRY]: Accepting channel list from vanilla
[15Aug2026 16:01:10.678] [Netty Server IO #0/DEBUG] [net.minecraftforge.fml.network.FMLHandshakeHandler/FMLHANDSHAKE]: Starting new vanilla network connection.
[15Aug2026 16:01:11.208] [User Authenticator #130/WARN] [net.minecraft.network.login.ServerLoginNetHandler/]: Failed to verify username but will let them in anyway!
[15Aug2026 16:01:11.246] [Server thread/DEBUG] [net.minecraftforge.fml.network.FMLHandshakeHandler/FMLHANDSHAKE]: Handshake complete!
[15Aug2026 16:01:11.258] [Server thread/INFO] [net.minecraft.network.play.ServerPlayNetHandler/]: Bhota lost connection: You logged in from another location
[15Aug2026 16:01:11.258] [Server thread/INFO] [net.minecraft.server.MinecraftServer/]: Bhota left the game
[15Aug2026 16:01:11.267] [Server thread/INFO] [net.minecraftforge.common.AdvancementLoadFix/]: Using new advancement loading for net.minecraft.advancements.PlayerAdvancements@8133736
[15Aug2026 16:01:11.353] [Render thread/INFO] [net.minecraft.client.gui.NewChatGui/]: [CHAT] Bhota left the game
[15Aug2026 16:01:11.404] [Server thread/WARN] [net.minecraft.network.NetworkManager/]: handleDisconnection() called twice
[15Aug2026 16:01:11.442] [Server thread/INFO] [net.minecraft.server.management.PlayerList/]: Bhota[/192.168.29.156:54881] logged in with entity id 2184 at (-50.5, 4.0, -37.5)
[15Aug2026 16:01:11.444] [Server thread/DEBUG] [net.minecraftforge.network.NetworkFilters/]: Injected net.minecraftforge.network.VanillaConnectionNetworkFilter@745b21b8 into net.minecraft.network.NetworkManager@65600282
[15Aug2026 16:01:11.468] [Server thread/INFO] [net.minecraft.server.MinecraftServer/]: Bhota joined the game
[15Aug2026 16:01:11.482] [Render thread/INFO] [net.minecraft.client.gui.NewChatGui/]: [CHAT] Bhota joined the game
[15Aug2026 16:01:11.671] [Server thread/INFO] [net.minecraft.server.MinecraftServer/]: <Bhota> Bot online. Mention me and tell me what you want, or use !help.
[15Aug2026 16:01:16.403] [Netty Server IO #1/DEBUG] [net.minecraftforge.fml.network.NetworkRegistry/NETREGISTRY]: Channel 'fml:loginwrapper' : Vanilla acceptance test: ACCEPTED
[15Aug2026 16:01:16.403] [Netty Server IO #1/DEBUG] [net.minecraftforge.fml.network.NetworkRegistry/NETREGISTRY]: Channel 'fml:handshake' : Vanilla acceptance test: ACCEPTED
[15Aug2026 16:01:16.403] [Netty Server IO #1/DEBUG] [net.minecraftforge.fml.network.NetworkRegistry/NETREGISTRY]: Channel 'forge:split_11' : Vanilla acceptance test: ACCEPTED
[15Aug2026 16:01:16.403] [Netty Server IO #1/DEBUG] [net.minecraftforge.fml.network.NetworkRegistry/NETREGISTRY]: Channel 'minecraft:unregister' : Vanilla acceptance test: ACCEPTED
[15Aug2026 16:01:16.403] [Netty Server IO #1/DEBUG] [net.minecraftforge.fml.network.NetworkRegistry/NETREGISTRY]: Channel 'fml:play' : Vanilla acceptance test: ACCEPTED
[15Aug2026 16:01:16.403] [Netty Server IO #1/DEBUG] [net.minecraftforge.fml.network.NetworkRegistry/NETREGISTRY]: Channel 'minecraft:register' : Vanilla acceptance test: ACCEPTED
[15Aug2026 16:01:16.403] [Netty Server IO #1/DEBUG] [net.minecraftforge.fml.network.NetworkRegistry/NETREGISTRY]: Channel 'forge:split' : Vanilla acceptance test: ACCEPTED
[15Aug2026 16:01:16.404] [Netty Server IO #1/DEBUG] [net.minecraftforge.fml.network.NetworkRegistry/NETREGISTRY]: Accepting channel list from vanilla
[15Aug2026 16:01:16.404] [Netty Server IO #1/DEBUG] [net.minecraftforge.fml.network.FMLHandshakeHandler/FMLHANDSHAKE]: Starting new vanilla network connection.
[15Aug2026 16:01:16.854] [User Authenticator #131/WARN] [net.minecraft.network.login.ServerLoginNetHandler/]: Failed to verify username but will let them in anyway!
[15Aug2026 16:01:16.914] [Server thread/DEBUG] [net.minecraftforge.fml.network.FMLHandshakeHandler/FMLHANDSHAKE]: Handshake complete!
[15Aug2026 16:01:16.946] [Server thread/INFO] [net.minecraft.network.play.ServerPlayNetHandler/]: Bhota lost connection: You logged in from another location
[15Aug2026 16:01:16.947] [Server thread/INFO] [net.minecraft.server.MinecraftServer/]: Bhota left the game
[15Aug2026 16:01:16.955] [Server thread/INFO] [net.minecraft.server.management.PlayerList/]: Bhota[/192.168.29.156:54882] logged in with entity id 2195 at (-50.5, 4.0, -37.5)
[15Aug2026 16:01:16.955] [Server thread/DEBUG] [net.minecraftforge.network.NetworkFilters/]: Injected net.minecraftforge.network.VanillaConnectionNetworkFilter@25f1fdda into net.minecraft.network.NetworkManager@5027efb2
[15Aug2026 16:01:16.981] [Server thread/INFO] [net.minecraft.server.MinecraftServer/]: Bhota joined the game
[15Aug2026 16:01:17.183] [Render thread/INFO] [net.minecraft.client.gui.NewChatGui/]: [CHAT] Bhota left the game
[15Aug2026 16:01:17.183] [Render thread/INFO] [net.minecraft.client.gui.NewChatGui/]: [CHAT] Bhota joined the game
[15Aug2026 16:01:17.484] [Server thread/INFO] [net.minecraft.server.MinecraftServer/]: <Bhota> Bot online. Mention me and tell me what you want, or use !help.
[15Aug2026 16:01:21.944] [Netty Server IO #2/DEBUG] [net.minecraftforge.fml.network.NetworkRegistry/NETREGISTRY]: Channel 'fml:loginwrapper' : Vanilla acceptance test: ACCEPTED
[15Aug2026 16:01:21.944] [Netty Server IO #2/DEBUG] [net.minecraftforge.fml.network.NetworkRegistry/NETREGISTRY]: Channel 'fml:handshake' : Vanilla acceptance test: ACCEPTED
[15Aug2026 16:01:21.944] [Netty Server IO #2/DEBUG] [net.minecraftforge.fml.network.NetworkRegistry/NETREGISTRY]: Channel 'forge:split_11' : Vanilla acceptance test: ACCEPTED
[15Aug2026 16:01:21.944] [Netty Server IO #2/DEBUG] [net.minecraftforge.fml.network.NetworkRegistry/NETREGISTRY]: Channel 'minecraft:unregister' : Vanilla acceptance test: ACCEPTED
[15Aug2026 16:01:21.944] [Netty Server IO #2/DEBUG] [net.minecraftforge.fml.network.NetworkRegistry/NETREGISTRY]: Channel 'fml:play' : Vanilla acceptance test: ACCEPTED
[15Aug2026 16:01:21.944] [Netty Server IO #2/DEBUG] [net.minecraftforge.fml.network.NetworkRegistry/NETREGISTRY]: Channel 'minecraft:register' : Vanilla acceptance test: ACCEPTED
[15Aug2026 16:01:21.944] [Netty Server IO #2/DEBUG] [net.minecraftforge.fml.network.NetworkRegistry/NETREGISTRY]: Channel 'forge:split' : Vanilla acceptance test: ACCEPTED
[15Aug2026 16:01:21.944] [Netty Server IO #2/DEBUG] [net.minecraftforge.fml.network.NetworkRegistry/NETREGISTRY]: Accepting channel list from vanilla
[15Aug2026 16:01:21.944] [Netty Server IO #2/DEBUG] [net.minecraftforge.fml.network.FMLHandshakeHandler/FMLHANDSHAKE]: Starting new vanilla network connection.
[15Aug2026 16:01:22.559] [User Authenticator #132/WARN] [net.minecraft.network.login.ServerLoginNetHandler/]: Failed to verify username but will let them in anyway!
[15Aug2026 16:01:22.594] [Server thread/DEBUG] [net.minecraftforge.fml.network.FMLHandshakeHandler/FMLHANDSHAKE]: Handshake complete!
[15Aug2026 16:01:22.604] [Server thread/INFO] [net.minecraftforge.common.AdvancementLoadFix/]: Using new advancement loading for net.minecraft.advancements.PlayerAdvancements@572937af
[15Aug2026 16:01:22.661] [Server thread/INFO] [net.minecraft.network.play.ServerPlayNetHandler/]: Bhota lost connection: You logged in from another location
[15Aug2026 16:01:22.661] [Server thread/INFO] [net.minecraft.server.MinecraftServer/]: Bhota left the game
[15Aug2026 16:01:22.669] [Server thread/INFO] [net.minecraft.server.management.PlayerList/]: Bhota[/192.168.29.156:54883] logged in with entity id 2212 at (-50.5, 4.0, -37.5)
[15Aug2026 16:01:22.671] [Server thread/DEBUG] [net.minecraftforge.network.NetworkFilters/]: Injected net.minecraftforge.network.VanillaConnectionNetworkFilter@640a007f into net.minecraft.network.NetworkManager@3b5d4e8d
[15Aug2026 16:01:22.685] [Server thread/INFO] [net.minecraft.server.MinecraftServer/]: Bhota joined the game
[15Aug2026 16:01:22.892] [Render thread/INFO] [net.minecraft.client.gui.NewChatGui/]: [CHAT] Bhota left the game
[15Aug2026 16:01:22.893] [Render thread/INFO] [net.minecraft.client.gui.NewChatGui/]: [CHAT] Bhota joined the game
[15Aug2026 16:01:23.238] [Server thread/INFO] [net.minecraft.server.MinecraftServer/]: <Bhota> Bot online. Mention me and tell me what you want, or use !help.
[15Aug2026 16:01:24.475] [Server thread/INFO] [net.minecraft.network.play.ServerPlayNetHandler/]: Dev lost connection: Disconnected
[15Aug2026 16:01:24.476] [Server thread/INFO] [net.minecraft.server.MinecraftServer/]: Dev left the game
[15Aug2026 16:01:24.488] [Server thread/INFO] [net.minecraft.network.play.ServerPlayNetHandler/]: Stopping singleplayer server as player logged out
[15Aug2026 16:01:24.534] [Server thread/INFO] [net.minecraft.server.MinecraftServer/]: Stopping server
[15Aug2026 16:01:24.535] [Server thread/INFO] [net.minecraft.server.MinecraftServer/]: Saving players
[15Aug2026 16:01:24.535] [Server thread/INFO] [net.minecraft.server.MinecraftServer/]: Saving worlds
[15Aug2026 16:01:24.535] [Server thread/INFO] [net.minecraft.server.MinecraftServer/]: Saving chunks for level 'ServerLevel[New World]'/minecraft:overworld
[15Aug2026 16:01:25.343] [Server thread/INFO] [net.minecraft.world.server.ChunkManager/]: ThreadedAnvilChunkStorage (New World): All chunks are saved
[15Aug2026 16:01:25.344] [Server thread/INFO] [net.minecraft.server.MinecraftServer/]: Saving chunks for level 'ServerLevel[New World]'/minecraft:the_nether
[15Aug2026 16:01:25.353] [Server thread/INFO] [net.minecraft.world.server.ChunkManager/]: ThreadedAnvilChunkStorage (DIM-1): All chunks are saved
[15Aug2026 16:01:25.353] [Server thread/INFO] [net.minecraft.server.MinecraftServer/]: Saving chunks for level 'ServerLevel[New World]'/minecraft:the_end
[15Aug2026 16:01:25.363] [Server thread/INFO] [net.minecraft.world.server.ChunkManager/]: ThreadedAnvilChunkStorage (DIM1): All chunks are saved
[15Aug2026 16:01:25.364] [Server thread/DEBUG] [net.minecraftforge.fml.FMLWorldPersistenceHook/WP]: Gathering id map for writing to world save New World
[15Aug2026 16:01:25.367] [Server thread/DEBUG] [net.minecraftforge.fml.FMLWorldPersistenceHook/WP]: ID Map collection complete New World
[15Aug2026 16:01:25.395] [Server thread/INFO] [net.minecraft.world.server.ChunkManager/]: ThreadedAnvilChunkStorage (New World): All chunks are saved
[15Aug2026 16:01:25.523] [Server thread/INFO] [net.minecraft.world.server.ChunkManager/]: ThreadedAnvilChunkStorage (DIM-1): All chunks are saved
[15Aug2026 16:01:25.525] [Server thread/INFO] [net.minecraft.world.server.ChunkManager/]: ThreadedAnvilChunkStorage (DIM1): All chunks are saved
[15Aug2026 16:01:25.537] [Server thread/DEBUG] [net.minecraftforge.registries.GameData/REGISTRIES]: Reverting to FROZEN data state.
[15Aug2026 16:01:25.537] [Server thread/DEBUG] [net.minecraftforge.registries.ForgeRegistry/REGISTRIES]: Registry minecraft:block Sync: ACTIVE -> FROZEN
[15Aug2026 16:01:25.542] [Server thread/DEBUG] [net.minecraftforge.registries.ForgeRegistry/REGISTRIES]: Registry minecraft:fluid Sync: ACTIVE -> FROZEN
[15Aug2026 16:01:25.542] [Server thread/DEBUG] [net.minecraftforge.registries.ForgeRegistry/REGISTRIES]: Registry minecraft:item Sync: ACTIVE -> FROZEN
[15Aug2026 16:01:25.549] [Server thread/DEBUG] [net.minecraftforge.registries.ForgeRegistry/REGISTRIES]: Registry minecraft:mob_effect Sync: ACTIVE -> FROZEN
[15Aug2026 16:01:25.549] [Server thread/DEBUG] [net.minecraftforge.registries.ForgeRegistry/REGISTRIES]: Registry minecraft:sound_event Sync: ACTIVE -> FROZEN
[15Aug2026 16:01:25.555] [Server thread/DEBUG] [net.minecraftforge.registries.ForgeRegistry/REGISTRIES]: Registry minecraft:potion Sync: ACTIVE -> FROZEN
[15Aug2026 16:01:25.555] [Server thread/DEBUG] [net.minecraftforge.registries.ForgeRegistry/REGISTRIES]: Registry minecraft:enchantment Sync: ACTIVE -> FROZEN
[15Aug2026 16:01:25.556] [Server thread/DEBUG] [net.minecraftforge.registries.ForgeRegistry/REGISTRIES]: Registry minecraft:entity_type Sync: ACTIVE -> FROZEN
[15Aug2026 16:01:25.556] [Server thread/DEBUG] [net.minecraftforge.registries.ForgeRegistry/REGISTRIES]: Registry minecraft:block_entity_type Sync: ACTIVE -> FROZEN
[15Aug2026 16:01:25.556] [Server thread/DEBUG] [net.minecraftforge.registries.ForgeRegistry/REGISTRIES]: Registry minecraft:particle_type Sync: ACTIVE -> FROZEN
[15Aug2026 16:01:25.557] [Server thread/DEBUG] [net.minecraftforge.registries.ForgeRegistry/REGISTRIES]: Registry minecraft:menu Sync: ACTIVE -> FROZEN
[15Aug2026 16:01:25.557] [Server thread/DEBUG] [net.minecraftforge.registries.ForgeRegistry/REGISTRIES]: Registry minecraft:motive Sync: ACTIVE -> FROZEN
[15Aug2026 16:01:25.557] [Server thread/DEBUG] [net.minecraftforge.registries.ForgeRegistry/REGISTRIES]: Registry minecraft:recipe_serializer Sync: ACTIVE -> FROZEN
[15Aug2026 16:01:25.558] [Server thread/DEBUG] [net.minecraftforge.registries.ForgeRegistry/REGISTRIES]: Registry minecraft:attribute Sync: ACTIVE -> FROZEN
[15Aug2026 16:01:25.558] [Server thread/DEBUG] [net.minecraftforge.registries.ForgeRegistry/REGISTRIES]: Registry minecraft:stat_type Sync: ACTIVE -> FROZEN
[15Aug2026 16:01:25.558] [Server thread/DEBUG] [net.minecraftforge.registries.ForgeRegistry/REGISTRIES]: Registry minecraft:villager_profession Sync: ACTIVE -> FROZEN
[15Aug2026 16:01:25.558] [Server thread/DEBUG] [net.minecraftforge.registries.ForgeRegistry/REGISTRIES]: Registry minecraft:point_of_interest_type Sync: ACTIVE -> FROZEN
[15Aug2026 16:01:25.561] [Server thread/DEBUG] [net.minecraftforge.registries.ForgeRegistry/REGISTRIES]: Registry minecraft:memory_module_type Sync: ACTIVE -> FROZEN
[15Aug2026 16:01:25.562] [Server thread/DEBUG] [net.minecraftforge.registries.ForgeRegistry/REGISTRIES]: Registry minecraft:sensor_type Sync: ACTIVE -> FROZEN
[15Aug2026 16:01:25.562] [Server thread/DEBUG] [net.minecraftforge.registries.ForgeRegistry/REGISTRIES]: Registry minecraft:schedule Sync: ACTIVE -> FROZEN
[15Aug2026 16:01:25.562] [Server thread/DEBUG] [net.minecraftforge.registries.ForgeRegistry/REGISTRIES]: Registry minecraft:activity Sync: ACTIVE -> FROZEN
[15Aug2026 16:01:25.562] [Server thread/DEBUG] [net.minecraftforge.registries.ForgeRegistry/REGISTRIES]: Registry minecraft:worldgen/carver Sync: ACTIVE -> FROZEN
[15Aug2026 16:01:25.562] [Server thread/DEBUG] [net.minecraftforge.registries.ForgeRegistry/REGISTRIES]: Registry minecraft:worldgen/surface_builder Sync: ACTIVE -> FROZEN
[15Aug2026 16:01:25.562] [Server thread/DEBUG] [net.minecraftforge.registries.ForgeRegistry/REGISTRIES]: Registry minecraft:worldgen/feature Sync: ACTIVE -> FROZEN
[15Aug2026 16:01:25.563] [Server thread/DEBUG] [net.minecraftforge.registries.ForgeRegistry/REGISTRIES]: Registry minecraft:worldgen/decorator Sync: ACTIVE -> FROZEN
[15Aug2026 16:01:25.563] [Server thread/DEBUG] [net.minecraftforge.registries.ForgeRegistry/REGISTRIES]: Registry minecraft:chunk_status Sync: ACTIVE -> FROZEN
[15Aug2026 16:01:25.563] [Server thread/DEBUG] [net.minecraftforge.registries.ForgeRegistry/REGISTRIES]: Registry minecraft:worldgen/structure_feature Sync: ACTIVE -> FROZEN
[15Aug2026 16:01:25.564] [Server thread/DEBUG] [net.minecraftforge.registries.ForgeRegistry/REGISTRIES]: Registry minecraft:worldgen/block_state_provider_type Sync: ACTIVE -> FROZEN
[15Aug2026 16:01:25.564] [Server thread/DEBUG] [net.minecraftforge.registries.ForgeRegistry/REGISTRIES]: Registry minecraft:worldgen/block_placer_type Sync: ACTIVE -> FROZEN
[15Aug2026 16:01:25.564] [Server thread/DEBUG] [net.minecraftforge.registries.ForgeRegistry/REGISTRIES]: Registry minecraft:worldgen/foliage_placer_type Sync: ACTIVE -> FROZEN
[15Aug2026 16:01:25.564] [Server thread/DEBUG] [net.minecraftforge.registries.ForgeRegistry/REGISTRIES]: Registry minecraft:worldgen/tree_decorator_type Sync: ACTIVE -> FROZEN
[15Aug2026 16:01:25.564] [Server thread/DEBUG] [net.minecraftforge.registries.ForgeRegistry/REGISTRIES]: Registry minecraft:worldgen/biome Sync: ACTIVE -> FROZEN
[15Aug2026 16:01:25.565] [Server thread/DEBUG] [net.minecraftforge.registries.ForgeRegistry/REGISTRIES]: Registry minecraft:data_serializers Sync: ACTIVE -> FROZEN
[15Aug2026 16:01:25.576] [Server thread/DEBUG] [net.minecraftforge.registries.ForgeRegistry/REGISTRIES]: Registry forge:loot_modifier_serializers Sync: ACTIVE -> FROZEN
[15Aug2026 16:01:25.576] [Server thread/DEBUG] [net.minecraftforge.registries.ForgeRegistry/REGISTRIES]: Registry forge:world_types Sync: ACTIVE -> FROZEN
[15Aug2026 16:01:27.576] [Server thread/DEBUG] [net.minecraftforge.registries.ObjectHolderRegistry/REGISTRIES]: Applying holder lookups
[15Aug2026 16:01:27.578] [Server thread/DEBUG] [net.minecraftforge.registries.ObjectHolderRegistry/REGISTRIES]: Holder lookups applied
[15Aug2026 16:01:27.578] [Server thread/DEBUG] [net.minecraftforge.registries.GameData/REGISTRIES]: FROZEN state restored.
[15Aug2026 16:01:27.579] [Server thread/DEBUG] [net.minecraftforge.fml.loading.FileUtils/CORE]: Found existing serverconfig directory : .\saves\New World\serverconfig
[15Aug2026 16:01:27.579] [Server thread/DEBUG] [net.minecraftforge.fml.config.ConfigTracker/CONFIG]: Unloading configs type SERVER
[15Aug2026 16:02:38.016] [Render thread/DEBUG] [net.minecraftforge.fml.server.ServerLifecycleHooks/CORE]: Generating PackInfo named mod:forge for mod file C:\Users\ch\.gradle\caches\forge_gradle\minecraft_user_repo\net\minecraftforge\forge\1.16.5-36.2.42_mapped_official_1.16.5\forge-1.16.5-36.2.42_mapped_official_1.16.5.jar
[15Aug2026 16:02:38.017] [Render thread/DEBUG] [net.minecraftforge.fml.server.ServerLifecycleHooks/CORE]: Generating PackInfo named mod:mcbotai for mod file C:\Users\ch\Downloads\McBotAI\build\resources\main
[15Aug2026 16:02:38.017] [Render thread/DEBUG] [net.minecraftforge.common.ForgeTagHandler/]: Gathering custom tag collection reader from types.
[15Aug2026 16:02:38.027] [Render thread/WARN] [net.minecraft.command.Commands/]: Ambiguity between arguments [teleport, destination] and [teleport, targets] with inputs: [Player, 0123, @e, dd12be42-52a9-4a91-a8a1-11c01849e498]
[15Aug2026 16:02:38.029] [Render thread/WARN] [net.minecraft.command.Commands/]: Ambiguity between arguments [teleport, location] and [teleport, destination] with inputs: [0.1 -0.5 .9, 0 0 0]
[15Aug2026 16:02:38.030] [Render thread/WARN] [net.minecraft.command.Commands/]: Ambiguity between arguments [teleport, location] and [teleport, targets] with inputs: [0.1 -0.5 .9, 0 0 0]
[15Aug2026 16:02:38.031] [Render thread/WARN] [net.minecraft.command.Commands/]: Ambiguity between arguments [teleport, targets] and [teleport, destination] with inputs: [Player, 0123, dd12be42-52a9-4a91-a8a1-11c01849e498]
[15Aug2026 16:02:38.032] [Render thread/WARN] [net.minecraft.command.Commands/]: Ambiguity between arguments [teleport, targets, location] and [teleport, targets, destination] with inputs: [0.1 -0.5 .9, 0 0 0]
[15Aug2026 16:02:38.033] [Render thread/INFO] [net.minecraft.resources.SimpleReloadableResourceManager/]: Reloading ResourceManager: Default, forge-1.16.5-36.2.42_mapped_official_1.16.5.jar, main
[15Aug2026 16:02:42.004] [Render thread/INFO] [net.minecraft.item.crafting.RecipeManager/]: Loaded 7 recipes
[15Aug2026 16:02:43.257] [Render thread/INFO] [net.minecraft.advancements.AdvancementList/]: Loaded 927 advancements
[15Aug2026 16:02:43.320] [Render thread/INFO] [net.minecraftforge.registries.GameData/REGISTRIES]: Injecting existing registry data into this CLIENT instance
[15Aug2026 16:02:43.364] [Render thread/DEBUG] [net.minecraftforge.registries.ForgeRegistry/REGISTRIES]: Registry minecraft:block Sync: ACTIVE -> STAGING
[15Aug2026 16:02:43.369] [Render thread/DEBUG] [net.minecraftforge.registries.ForgeRegistry/REGISTRIES]: Registry minecraft:fluid Sync: ACTIVE -> STAGING
[15Aug2026 16:02:43.369] [Render thread/DEBUG] [net.minecraftforge.registries.ForgeRegistry/REGISTRIES]: Registry minecraft:item Sync: ACTIVE -> STAGING
[15Aug2026 16:02:43.375] [Render thread/DEBUG] [net.minecraftforge.registries.ForgeRegistry/REGISTRIES]: Registry minecraft:mob_effect Sync: ACTIVE -> STAGING
[15Aug2026 16:02:43.375] [Render thread/DEBUG] [net.minecraftforge.registries.ForgeRegistry/REGISTRIES]: Registry minecraft:sound_event Sync: ACTIVE -> STAGING
[15Aug2026 16:02:43.381] [Render thread/DEBUG] [net.minecraftforge.registries.ForgeRegistry/REGISTRIES]: Registry minecraft:potion Sync: ACTIVE -> STAGING
[15Aug2026 16:02:43.381] [Render thread/DEBUG] [net.minecraftforge.registries.ForgeRegistry/REGISTRIES]: Registry minecraft:enchantment Sync: ACTIVE -> STAGING
[15Aug2026 16:02:43.382] [Render thread/DEBUG] [net.minecraftforge.registries.ForgeRegistry/REGISTRIES]: Registry minecraft:entity_type Sync: ACTIVE -> STAGING
[15Aug2026 16:02:43.382] [Render thread/DEBUG] [net.minecraftforge.registries.ForgeRegistry/REGISTRIES]: Registry minecraft:block_entity_type Sync: ACTIVE -> STAGING
[15Aug2026 16:02:43.383] [Render thread/DEBUG] [net.minecraftforge.registries.ForgeRegistry/REGISTRIES]: Registry minecraft:particle_type Sync: ACTIVE -> STAGING
[15Aug2026 16:02:43.383] [Render thread/DEBUG] [net.minecraftforge.registries.ForgeRegistry/REGISTRIES]: Registry minecraft:menu Sync: ACTIVE -> STAGING
[15Aug2026 16:02:43.383] [Render thread/DEBUG] [net.minecraftforge.registries.ForgeRegistry/REGISTRIES]: Registry minecraft:motive Sync: ACTIVE -> STAGING
[15Aug2026 16:02:43.383] [Render thread/DEBUG] [net.minecraftforge.registries.ForgeRegistry/REGISTRIES]: Registry minecraft:recipe_serializer Sync: ACTIVE -> STAGING
[15Aug2026 16:02:43.384] [Render thread/DEBUG] [net.minecraftforge.registries.ForgeRegistry/REGISTRIES]: Registry minecraft:attribute Sync: ACTIVE -> STAGING
[15Aug2026 16:02:43.384] [Render thread/DEBUG] [net.minecraftforge.registries.ForgeRegistry/REGISTRIES]: Registry minecraft:stat_type Sync: ACTIVE -> STAGING
[15Aug2026 16:02:43.384] [Render thread/DEBUG] [net.minecraftforge.registries.ForgeRegistry/REGISTRIES]: Registry minecraft:villager_profession Sync: ACTIVE -> STAGING
[15Aug2026 16:02:43.384] [Render thread/DEBUG] [net.minecraftforge.registries.ForgeRegistry/REGISTRIES]: Registry minecraft:point_of_interest_type Sync: ACTIVE -> STAGING
[15Aug2026 16:02:43.384] [Render thread/DEBUG] [net.minecraftforge.registries.ForgeRegistry/REGISTRIES]: Registry minecraft:memory_module_type Sync: ACTIVE -> STAGING
[15Aug2026 16:02:43.385] [Render thread/DEBUG] [net.minecraftforge.registries.ForgeRegistry/REGISTRIES]: Registry minecraft:sensor_type Sync: ACTIVE -> STAGING
[15Aug2026 16:02:43.386] [Render thread/DEBUG] [net.minecraftforge.registries.ForgeRegistry/REGISTRIES]: Registry minecraft:schedule Sync: ACTIVE -> STAGING
[15Aug2026 16:02:43.386] [Render thread/DEBUG] [net.minecraftforge.registries.ForgeRegistry/REGISTRIES]: Registry minecraft:activity Sync: ACTIVE -> STAGING
[15Aug2026 16:02:43.386] [Render thread/DEBUG] [net.minecraftforge.registries.ForgeRegistry/REGISTRIES]: Registry minecraft:worldgen/carver Sync: ACTIVE -> STAGING
[15Aug2026 16:02:43.386] [Render thread/DEBUG] [net.minecraftforge.registries.ForgeRegistry/REGISTRIES]: Registry minecraft:worldgen/surface_builder Sync: ACTIVE -> STAGING
[15Aug2026 16:02:43.386] [Render thread/DEBUG] [net.minecraftforge.registries.ForgeRegistry/REGISTRIES]: Registry minecraft:worldgen/feature Sync: ACTIVE -> STAGING
[15Aug2026 16:02:43.387] [Render thread/DEBUG] [net.minecraftforge.registries.ForgeRegistry/REGISTRIES]: Registry minecraft:worldgen/decorator Sync: ACTIVE -> STAGING
[15Aug2026 16:02:43.387] [Render thread/DEBUG] [net.minecraftforge.registries.ForgeRegistry/REGISTRIES]: Registry minecraft:chunk_status Sync: ACTIVE -> STAGING
[15Aug2026 16:02:43.387] [Render thread/DEBUG] [net.minecraftforge.registries.ForgeRegistry/REGISTRIES]: Registry minecraft:worldgen/structure_feature Sync: ACTIVE -> STAGING
[15Aug2026 16:02:43.387] [Render thread/DEBUG] [net.minecraftforge.registries.ForgeRegistry/REGISTRIES]: Registry minecraft:worldgen/block_state_provider_type Sync: ACTIVE -> STAGING
[15Aug2026 16:02:43.387] [Render thread/DEBUG] [net.minecraftforge.registries.ForgeRegistry/REGISTRIES]: Registry minecraft:worldgen/block_placer_type Sync: ACTIVE -> STAGING
[15Aug2026 16:02:43.387] [Render thread/DEBUG] [net.minecraftforge.registries.ForgeRegistry/REGISTRIES]: Registry minecraft:worldgen/foliage_placer_type Sync: ACTIVE -> STAGING
[15Aug2026 16:02:43.387] [Render thread/DEBUG] [net.minecraftforge.registries.ForgeRegistry/REGISTRIES]: Registry minecraft:worldgen/tree_decorator_type Sync: ACTIVE -> STAGING
[15Aug2026 16:02:43.387] [Render thread/DEBUG] [net.minecraftforge.registries.ForgeRegistry/REGISTRIES]: Registry minecraft:worldgen/biome Sync: ACTIVE -> STAGING
[15Aug2026 16:02:43.387] [Render thread/DEBUG] [net.minecraftforge.registries.ForgeRegistry/REGISTRIES]: Registry minecraft:data_serializers Sync: ACTIVE -> STAGING
[15Aug2026 16:02:43.387] [Render thread/DEBUG] [net.minecraftforge.registries.ForgeRegistry/REGISTRIES]: Registry forge:loot_modifier_serializers Sync: ACTIVE -> STAGING
[15Aug2026 16:02:43.387] [Render thread/DEBUG] [net.minecraftforge.registries.ForgeRegistry/REGISTRIES]: Registry forge:world_types Sync: ACTIVE -> STAGING
[15Aug2026 16:02:44.277] [Render thread/DEBUG] [net.minecraftforge.registries.ObjectHolderRegistry/REGISTRIES]: Applying holder lookups
[15Aug2026 16:02:44.278] [Render thread/DEBUG] [net.minecraftforge.registries.ObjectHolderRegistry/REGISTRIES]: Holder lookups applied
[15Aug2026 16:02:44.401] [Render thread/DEBUG] [net.minecraftforge.fml.server.ServerLifecycleHooks/CORE]: Generating PackInfo named mod:forge for mod file C:\Users\ch\.gradle\caches\forge_gradle\minecraft_user_repo\net\minecraftforge\forge\1.16.5-36.2.42_mapped_official_1.16.5\forge-1.16.5-36.2.42_mapped_official_1.16.5.jar
[15Aug2026 16:02:44.402] [Render thread/DEBUG] [net.minecraftforge.fml.server.ServerLifecycleHooks/CORE]: Generating PackInfo named mod:mcbotai for mod file C:\Users\ch\Downloads\McBotAI\build\resources\main
[15Aug2026 16:02:44.402] [Render thread/DEBUG] [net.minecraftforge.common.ForgeTagHandler/]: Gathering custom tag collection reader from types.
[15Aug2026 16:02:44.415] [Render thread/WARN] [net.minecraft.command.Commands/]: Ambiguity between arguments [teleport, destination] and [teleport, targets] with inputs: [Player, 0123, @e, dd12be42-52a9-4a91-a8a1-11c01849e498]
[15Aug2026 16:02:44.418] [Render thread/WARN] [net.minecraft.command.Commands/]: Ambiguity between arguments [teleport, location] and [teleport, destination] with inputs: [0.1 -0.5 .9, 0 0 0]
[15Aug2026 16:02:44.420] [Render thread/WARN] [net.minecraft.command.Commands/]: Ambiguity between arguments [teleport, location] and [teleport, targets] with inputs: [0.1 -0.5 .9, 0 0 0]
[15Aug2026 16:02:44.421] [Render thread/WARN] [net.minecraft.command.Commands/]: Ambiguity between arguments [teleport, targets] and [teleport, destination] with inputs: [Player, 0123, dd12be42-52a9-4a91-a8a1-11c01849e498]
[15Aug2026 16:02:44.423] [Render thread/WARN] [net.minecraft.command.Commands/]: Ambiguity between arguments [teleport, targets, location] and [teleport, targets, destination] with inputs: [0.1 -0.5 .9, 0 0 0]
[15Aug2026 16:02:44.423] [Render thread/INFO] [net.minecraft.resources.SimpleReloadableResourceManager/]: Reloading ResourceManager: Default, forge-1.16.5-36.2.42_mapped_official_1.16.5.jar, main
[15Aug2026 16:02:47.959] [Render thread/INFO] [net.minecraft.item.crafting.RecipeManager/]: Loaded 7 recipes
[15Aug2026 16:02:49.324] [Render thread/INFO] [net.minecraft.advancements.AdvancementList/]: Loaded 927 advancements
[15Aug2026 16:02:49.382] [Render thread/INFO] [net.minecraftforge.registries.GameData/REGISTRIES]: Injecting existing registry data into this CLIENT instance
[15Aug2026 16:02:49.422] [Render thread/DEBUG] [net.minecraftforge.registries.ForgeRegistry/REGISTRIES]: Registry minecraft:block Sync: ACTIVE -> STAGING
[15Aug2026 16:02:49.427] [Render thread/DEBUG] [net.minecraftforge.registries.ForgeRegistry/REGISTRIES]: Registry minecraft:fluid Sync: ACTIVE -> STAGING
[15Aug2026 16:02:49.428] [Render thread/DEBUG] [net.minecraftforge.registries.ForgeRegistry/REGISTRIES]: Registry minecraft:item Sync: ACTIVE -> STAGING
[15Aug2026 16:02:49.435] [Render thread/DEBUG] [net.minecraftforge.registries.ForgeRegistry/REGISTRIES]: Registry minecraft:mob_effect Sync: ACTIVE -> STAGING
[15Aug2026 16:02:49.435] [Render thread/DEBUG] [net.minecraftforge.registries.ForgeRegistry/REGISTRIES]: Registry minecraft:sound_event Sync: ACTIVE -> STAGING
[15Aug2026 16:02:49.441] [Render thread/DEBUG] [net.minecraftforge.registries.ForgeRegistry/REGISTRIES]: Registry minecraft:potion Sync: ACTIVE -> STAGING
[15Aug2026 16:02:49.442] [Render thread/DEBUG] [net.minecraftforge.registries.ForgeRegistry/REGISTRIES]: Registry minecraft:enchantment Sync: ACTIVE -> STAGING
[15Aug2026 16:02:49.442] [Render thread/DEBUG] [net.minecraftforge.registries.ForgeRegistry/REGISTRIES]: Registry minecraft:entity_type Sync: ACTIVE -> STAGING
[15Aug2026 16:02:49.443] [Render thread/DEBUG] [net.minecraftforge.registries.ForgeRegistry/REGISTRIES]: Registry minecraft:block_entity_type Sync: ACTIVE -> STAGING
[15Aug2026 16:02:49.443] [Render thread/DEBUG] [net.minecraftforge.registries.ForgeRegistry/REGISTRIES]: Registry minecraft:particle_type Sync: ACTIVE -> STAGING
[15Aug2026 16:02:49.443] [Render thread/DEBUG] [net.minecraftforge.registries.ForgeRegistry/REGISTRIES]: Registry minecraft:menu Sync: ACTIVE -> STAGING
[15Aug2026 16:02:49.444] [Render thread/DEBUG] [net.minecraftforge.registries.ForgeRegistry/REGISTRIES]: Registry minecraft:motive Sync: ACTIVE -> STAGING
[15Aug2026 16:02:49.444] [Render thread/DEBUG] [net.minecraftforge.registries.ForgeRegistry/REGISTRIES]: Registry minecraft:recipe_serializer Sync: ACTIVE -> STAGING
[15Aug2026 16:02:49.444] [Render thread/DEBUG] [net.minecraftforge.registries.ForgeRegistry/REGISTRIES]: Registry minecraft:attribute Sync: ACTIVE -> STAGING
[15Aug2026 16:02:49.445] [Render thread/DEBUG] [net.minecraftforge.registries.ForgeRegistry/REGISTRIES]: Registry minecraft:stat_type Sync: ACTIVE -> STAGING
[15Aug2026 16:02:49.445] [Render thread/DEBUG] [net.minecraftforge.registries.ForgeRegistry/REGISTRIES]: Registry minecraft:villager_profession Sync: ACTIVE -> STAGING
[15Aug2026 16:02:49.445] [Render thread/DEBUG] [net.minecraftforge.registries.ForgeRegistry/REGISTRIES]: Registry minecraft:point_of_interest_type Sync: ACTIVE -> STAGING
[15Aug2026 16:02:49.446] [Render thread/DEBUG] [net.minecraftforge.registries.ForgeRegistry/REGISTRIES]: Registry minecraft:memory_module_type Sync: ACTIVE -> STAGING
[15Aug2026 16:02:49.446] [Render thread/DEBUG] [net.minecraftforge.registries.ForgeRegistry/REGISTRIES]: Registry minecraft:sensor_type Sync: ACTIVE -> STAGING
[15Aug2026 16:02:49.446] [Render thread/DEBUG] [net.minecraftforge.registries.ForgeRegistry/REGISTRIES]: Registry minecraft:schedule Sync: ACTIVE -> STAGING
[15Aug2026 16:02:49.446] [Render thread/DEBUG] [net.minecraftforge.registries.ForgeRegistry/REGISTRIES]: Registry minecraft:activity Sync: ACTIVE -> STAGING
[15Aug2026 16:02:49.446] [Render thread/DEBUG] [net.minecraftforge.registries.ForgeRegistry/REGISTRIES]: Registry minecraft:worldgen/carver Sync: ACTIVE -> STAGING
[15Aug2026 16:02:49.446] [Render thread/DEBUG] [net.minecraftforge.registries.ForgeRegistry/REGISTRIES]: Registry minecraft:worldgen/surface_builder Sync: ACTIVE -> STAGING
[15Aug2026 16:02:49.447] [Render thread/DEBUG] [net.minecraftforge.registries.ForgeRegistry/REGISTRIES]: Registry minecraft:worldgen/feature Sync: ACTIVE -> STAGING
[15Aug2026 16:02:49.447] [Render thread/DEBUG] [net.minecraftforge.registries.ForgeRegistry/REGISTRIES]: Registry minecraft:worldgen/decorator Sync: ACTIVE -> STAGING
[15Aug2026 16:02:49.447] [Render thread/DEBUG] [net.minecraftforge.registries.ForgeRegistry/REGISTRIES]: Registry minecraft:chunk_status Sync: ACTIVE -> STAGING
[15Aug2026 16:02:49.447] [Render thread/DEBUG] [net.minecraftforge.registries.ForgeRegistry/REGISTRIES]: Registry minecraft:worldgen/structure_feature Sync: ACTIVE -> STAGING
[15Aug2026 16:02:49.447] [Render thread/DEBUG] [net.minecraftforge.registries.ForgeRegistry/REGISTRIES]: Registry minecraft:worldgen/block_state_provider_type Sync: ACTIVE -> STAGING
[15Aug2026 16:02:49.448] [Render thread/DEBUG] [net.minecraftforge.registries.ForgeRegistry/REGISTRIES]: Registry minecraft:worldgen/block_placer_type Sync: ACTIVE -> STAGING
[15Aug2026 16:02:49.448] [Render thread/DEBUG] [net.minecraftforge.registries.ForgeRegistry/REGISTRIES]: Registry minecraft:worldgen/foliage_placer_type Sync: ACTIVE -> STAGING
[15Aug2026 16:02:49.448] [Render thread/DEBUG] [net.minecraftforge.registries.ForgeRegistry/REGISTRIES]: Registry minecraft:worldgen/tree_decorator_type Sync: ACTIVE -> STAGING
[15Aug2026 16:02:49.448] [Render thread/DEBUG] [net.minecraftforge.registries.ForgeRegistry/REGISTRIES]: Registry minecraft:worldgen/biome Sync: ACTIVE -> STAGING
[15Aug2026 16:02:49.448] [Render thread/DEBUG] [net.minecraftforge.registries.ForgeRegistry/REGISTRIES]: Registry minecraft:data_serializers Sync: ACTIVE -> STAGING
[15Aug2026 16:02:49.448] [Render thread/DEBUG] [net.minecraftforge.registries.ForgeRegistry/REGISTRIES]: Registry forge:loot_modifier_serializers Sync: ACTIVE -> STAGING
[15Aug2026 16:02:49.448] [Render thread/DEBUG] [net.minecraftforge.registries.ForgeRegistry/REGISTRIES]: Registry forge:world_types Sync: ACTIVE -> STAGING
[15Aug2026 16:02:50.213] [Render thread/DEBUG] [net.minecraftforge.registries.ObjectHolderRegistry/REGISTRIES]: Applying holder lookups
[15Aug2026 16:02:50.215] [Render thread/DEBUG] [net.minecraftforge.registries.ObjectHolderRegistry/REGISTRIES]: Holder lookups applied
[15Aug2026 16:02:50.266] [Render thread/DEBUG] [net.minecraftforge.fml.FMLWorldPersistenceHook/WP]: Gathering id map for writing to world save New World
[15Aug2026 16:02:50.269] [Render thread/DEBUG] [net.minecraftforge.fml.FMLWorldPersistenceHook/WP]: ID Map collection complete New World
[15Aug2026 16:02:50.989] [Render thread/INFO] [com.mojang.authlib.yggdrasil.YggdrasilAuthenticationService/]: Environment: authHost='https://authserver.mojang.com', accountsHost='https://api.mojang.com', sessionHost='https://sessionserver.mojang.com', servicesHost='https://api.minecraftservices.com', name='PROD'
[15Aug2026 16:02:50.993] [Server thread/INFO] [net.minecraft.server.integrated.IntegratedServer/]: Starting integrated minecraft server version 1.16.5
[15Aug2026 16:02:50.993] [Server thread/INFO] [net.minecraft.server.MinecraftServer/]: Generating keypair
[15Aug2026 16:02:51.053] [Server thread/DEBUG] [net.minecraftforge.fml.loading.FileUtils/CORE]: Found existing serverconfig directory : .\saves\New World\serverconfig
[15Aug2026 16:02:51.054] [Server thread/DEBUG] [net.minecraftforge.fml.config.ConfigTracker/CONFIG]: Loading configs type SERVER
[15Aug2026 16:02:51.054] [Server thread/DEBUG] [net.minecraftforge.fml.config.ConfigFileTypeHandler/CONFIG]: Built TOML config for .\saves\New World\serverconfig\forge-server.toml
[15Aug2026 16:02:51.056] [Server thread/DEBUG] [net.minecraftforge.fml.config.ConfigFileTypeHandler/CONFIG]: Loaded TOML config file .\saves\New World\serverconfig\forge-server.toml
[15Aug2026 16:02:51.061] [Server thread/DEBUG] [net.minecraftforge.fml.config.ConfigFileTypeHandler/CONFIG]: Watching TOML config file .\saves\New World\serverconfig\forge-server.toml for changes
[15Aug2026 16:02:51.062] [Server thread/DEBUG] [net.minecraftforge.common.ForgeConfig/FORGEMOD]: Loaded forge config file forge-server.toml
[15Aug2026 16:02:51.150] [Server thread/INFO] [net.minecraft.server.MinecraftServer/]: Preparing start region for dimension minecraft:overworld
[15Aug2026 16:02:51.915] [Render thread/INFO] [net.minecraft.world.chunk.listener.LoggingChunkStatusListener/]: Preparing spawn area: 0%
[15Aug2026 16:02:51.915] [Render thread/INFO] [net.minecraft.world.chunk.listener.LoggingChunkStatusListener/]: Preparing spawn area: 0%
[15Aug2026 16:02:52.673] [Render thread/INFO] [net.minecraft.world.chunk.listener.LoggingChunkStatusListener/]: Preparing spawn area: 91%
[15Aug2026 16:02:52.913] [Render thread/INFO] [net.minecraft.world.chunk.listener.LoggingChunkStatusListener/]: Preparing spawn area: 91%
[15Aug2026 16:02:53.286] [Render thread/INFO] [net.minecraft.world.chunk.listener.LoggingChunkStatusListener/]: Preparing spawn area: 97%
[15Aug2026 16:02:53.705] [Server thread/INFO] [net.minecraft.server.integrated.IntegratedServer/]: Changing view distance to 2, from 10
[15Aug2026 16:02:53.728] [Netty Local Client IO #1/DEBUG] [net.minecraftforge.fml.network.FMLHandshakeHandler/FMLHANDSHAKE]: Starting local connection.
[15Aug2026 16:02:53.730] [Netty Server IO #0/DEBUG] [net.minecraftforge.fml.network.FMLHandshakeHandler/FMLHANDSHAKE]: Starting local connection.
[15Aug2026 16:02:53.737] [Server thread/DEBUG] [net.minecraftforge.fml.network.FMLHandshakeHandler/FMLHANDSHAKE]: Sending ticking packet info 'net.minecraftforge.fml.network.FMLHandshakeMessages$S2CModList' to 'fml:handshake' sequence 0
[15Aug2026 16:02:53.739] [Netty Local Client IO #1/DEBUG] [net.minecraftforge.fml.network.FMLLoginWrapper/FMLHANDSHAKE]: Recieved login wrapper packet event for channel fml:handshake with index 0
[15Aug2026 16:02:53.740] [Netty Local Client IO #1/DEBUG] [net.minecraftforge.fml.network.FMLHandshakeHandler/FMLHANDSHAKE]: Logging into server with mod list [minecraft, forge, mcbotai]
[15Aug2026 16:02:53.740] [Netty Local Client IO #1/DEBUG] [net.minecraftforge.fml.network.NetworkRegistry/NETREGISTRY]: Channel 'fml:loginwrapper' : Version test of 'FML2' from server : ACCEPTED
[15Aug2026 16:02:53.740] [Netty Local Client IO #1/DEBUG] [net.minecraftforge.fml.network.NetworkRegistry/NETREGISTRY]: Channel 'fml:handshake' : Version test of 'FML2' from server : ACCEPTED
[15Aug2026 16:02:53.740] [Netty Local Client IO #1/DEBUG] [net.minecraftforge.fml.network.NetworkRegistry/NETREGISTRY]: Channel 'forge:split_11' : Version test of '1.1' from server : ACCEPTED
[15Aug2026 16:02:53.740] [Netty Local Client IO #1/DEBUG] [net.minecraftforge.fml.network.NetworkRegistry/NETREGISTRY]: Channel 'minecraft:unregister' : Version test of 'FML2' from server : ACCEPTED
[15Aug2026 16:02:53.740] [Netty Local Client IO #1/DEBUG] [net.minecraftforge.fml.network.NetworkRegistry/NETREGISTRY]: Channel 'fml:play' : Version test of 'FML2' from server : ACCEPTED
[15Aug2026 16:02:53.740] [Netty Local Client IO #1/DEBUG] [net.minecraftforge.fml.network.NetworkRegistry/NETREGISTRY]: Channel 'minecraft:register' : Version test of 'FML2' from server : ACCEPTED
[15Aug2026 16:02:53.740] [Netty Local Client IO #1/DEBUG] [net.minecraftforge.fml.network.NetworkRegistry/NETREGISTRY]: Channel 'forge:split' : Version test of '1.0' from server : ACCEPTED
[15Aug2026 16:02:53.740] [Netty Local Client IO #1/DEBUG] [net.minecraftforge.fml.network.NetworkRegistry/NETREGISTRY]: Accepting channel list from server
[15Aug2026 16:02:53.740] [Netty Local Client IO #1/DEBUG] [net.minecraftforge.fml.network.FMLLoginWrapper/FMLHANDSHAKE]: Dispatching wrapped packet reply for channel fml:handshake with index 0
[15Aug2026 16:02:53.742] [Render thread/INFO] [net.minecraft.world.chunk.listener.LoggingChunkStatusListener/]: Time elapsed: 2523 ms
[15Aug2026 16:02:53.742] [Netty Local Client IO #1/DEBUG] [net.minecraftforge.fml.network.FMLHandshakeHandler/FMLHANDSHAKE]: Accepted server connection
[15Aug2026 16:02:53.742] [Netty Server IO #0/DEBUG] [net.minecraftforge.fml.network.FMLLoginWrapper/FMLHANDSHAKE]: Recieved login wrapper packet event for channel fml:handshake with index 0
[15Aug2026 16:02:53.744] [Netty Server IO #0/DEBUG] [net.minecraftforge.fml.network.FMLHandshakeHandler/FMLHANDSHAKE]: Received client indexed reply 0 of type net.minecraftforge.fml.network.FMLHandshakeMessages$C2SModListReply
[15Aug2026 16:02:53.744] [Netty Local Client IO #1/DEBUG] [net.minecraftforge.fml.network.FMLHandshakeHandler/REGISTRIES]: Expecting 16 registries: [minecraft:recipe_serializer, minecraft:sound_event, minecraft:particle_type, minecraft:villager_profession, minecraft:item, minecraft:potion, minecraft:block_entity_type, minecraft:block, minecraft:data_serializers, minecraft:mob_effect, minecraft:stat_type, minecraft:menu, minecraft:enchantment, minecraft:motive, minecraft:fluid, minecraft:entity_type]
[15Aug2026 16:02:53.744] [Netty Server IO #0/DEBUG] [net.minecraftforge.fml.network.FMLHandshakeHandler/FMLHANDSHAKE]: Received client connection with modlist [minecraft, forge, mcbotai]
[15Aug2026 16:02:53.744] [Netty Server IO #0/DEBUG] [net.minecraftforge.fml.network.NetworkRegistry/NETREGISTRY]: Channel 'fml:loginwrapper' : Version test of 'FML2' from client : ACCEPTED
[15Aug2026 16:02:53.745] [Netty Server IO #0/DEBUG] [net.minecraftforge.fml.network.NetworkRegistry/NETREGISTRY]: Channel 'fml:handshake' : Version test of 'FML2' from client : ACCEPTED
[15Aug2026 16:02:53.745] [Netty Server IO #0/DEBUG] [net.minecraftforge.fml.network.NetworkRegistry/NETREGISTRY]: Channel 'forge:split_11' : Version test of '1.1' from client : ACCEPTED
[15Aug2026 16:02:53.745] [Netty Server IO #0/DEBUG] [net.minecraftforge.fml.network.NetworkRegistry/NETREGISTRY]: Channel 'minecraft:unregister' : Version test of 'FML2' from client : ACCEPTED
[15Aug2026 16:02:53.745] [Netty Server IO #0/DEBUG] [net.minecraftforge.fml.network.NetworkRegistry/NETREGISTRY]: Channel 'fml:play' : Version test of 'FML2' from client : ACCEPTED
[15Aug2026 16:02:53.745] [Netty Server IO #0/DEBUG] [net.minecraftforge.fml.network.NetworkRegistry/NETREGISTRY]: Channel 'minecraft:register' : Version test of 'FML2' from client : ACCEPTED
[15Aug2026 16:02:53.745] [Netty Server IO #0/DEBUG] [net.minecraftforge.fml.network.NetworkRegistry/NETREGISTRY]: Channel 'forge:split' : Version test of '1.0' from client : ACCEPTED
[15Aug2026 16:02:53.745] [Netty Server IO #0/DEBUG] [net.minecraftforge.fml.network.NetworkRegistry/NETREGISTRY]: Accepting channel list from client
[15Aug2026 16:02:53.745] [Netty Server IO #0/DEBUG] [net.minecraftforge.fml.network.FMLHandshakeHandler/FMLHANDSHAKE]: Accepted client connection mod list
[15Aug2026 16:02:53.787] [Server thread/DEBUG] [net.minecraftforge.fml.network.FMLHandshakeHandler/FMLHANDSHAKE]: Sending ticking packet info 'Config forge-server.toml' to 'fml:handshake' sequence 1
[15Aug2026 16:02:53.788] [Netty Local Client IO #1/DEBUG] [net.minecraftforge.fml.network.FMLLoginWrapper/FMLHANDSHAKE]: Recieved login wrapper packet event for channel fml:handshake with index 1
[15Aug2026 16:02:53.789] [Netty Local Client IO #1/DEBUG] [net.minecraftforge.fml.network.FMLHandshakeHandler/FMLHANDSHAKE]: Received config sync from server
[15Aug2026 16:02:53.789] [Netty Local Client IO #1/DEBUG] [net.minecraftforge.fml.network.FMLLoginWrapper/FMLHANDSHAKE]: Dispatching wrapped packet reply for channel fml:handshake with index 1
[15Aug2026 16:02:53.789] [Netty Server IO #0/DEBUG] [net.minecraftforge.fml.network.FMLLoginWrapper/FMLHANDSHAKE]: Recieved login wrapper packet event for channel fml:handshake with index 1
[15Aug2026 16:02:53.790] [Netty Server IO #0/DEBUG] [net.minecraftforge.fml.network.FMLHandshakeHandler/FMLHANDSHAKE]: Received client indexed reply 1 of type net.minecraftforge.fml.network.FMLHandshakeMessages$C2SAcknowledge
[15Aug2026 16:02:53.790] [Netty Server IO #0/DEBUG] [net.minecraftforge.fml.network.FMLHandshakeHandler/FMLHANDSHAKE]: Received acknowledgement from client
[15Aug2026 16:02:53.790] [Server thread/DEBUG] [net.minecraftforge.fml.network.FMLHandshakeHandler/FMLHANDSHAKE]: Handshake complete!
[15Aug2026 16:02:53.862] [Netty Local Client IO #1/INFO] [net.minecraftforge.fml.network.NetworkHooks/]: Connected to a modded server.
[15Aug2026 16:02:53.866] [Server thread/INFO] [net.minecraftforge.common.AdvancementLoadFix/]: Using new advancement loading for net.minecraft.advancements.PlayerAdvancements@12fbc721
[15Aug2026 16:02:53.883] [Server thread/INFO] [net.minecraft.server.management.PlayerList/]: Dev[local:E:387cf3f9] logged in with entity id 2330 at (-50.03112608746252, 4.0, -36.871815086581336)
[15Aug2026 16:02:53.888] [Server thread/INFO] [net.minecraft.server.MinecraftServer/]: Dev joined the game
[15Aug2026 16:02:54.214] [Render thread/INFO] [net.minecraft.advancements.AdvancementList/]: Loaded 23 advancements
[15Aug2026 16:02:54.243] [Server thread/INFO] [net.minecraft.server.integrated.IntegratedServer/]: Saving and pausing game...
[15Aug2026 16:02:54.249] [Server thread/INFO] [net.minecraft.server.MinecraftServer/]: Saving chunks for level 'ServerLevel[New World]'/minecraft:overworld
[15Aug2026 16:02:54.358] [Server thread/INFO] [net.minecraft.server.MinecraftServer/]: Saving chunks for level 'ServerLevel[New World]'/minecraft:the_nether
[15Aug2026 16:02:54.388] [Server thread/INFO] [net.minecraft.server.MinecraftServer/]: Saving chunks for level 'ServerLevel[New World]'/minecraft:the_end
[15Aug2026 16:02:54.391] [Server thread/DEBUG] [net.minecraftforge.fml.FMLWorldPersistenceHook/WP]: Gathering id map for writing to world save New World
[15Aug2026 16:02:54.396] [Server thread/DEBUG] [net.minecraftforge.fml.FMLWorldPersistenceHook/WP]: ID Map collection complete New World
[15Aug2026 16:03:01.593] [Server thread/INFO] [net.minecraft.server.integrated.IntegratedServer/]: Saving and pausing game...
[15Aug2026 16:03:01.598] [Server thread/INFO] [net.minecraft.server.MinecraftServer/]: Saving chunks for level 'ServerLevel[New World]'/minecraft:overworld
[15Aug2026 16:03:01.638] [Server thread/INFO] [net.minecraft.server.MinecraftServer/]: Saving chunks for level 'ServerLevel[New World]'/minecraft:the_nether
[15Aug2026 16:03:01.639] [Server thread/INFO] [net.minecraft.server.MinecraftServer/]: Saving chunks for level 'ServerLevel[New World]'/minecraft:the_end
[15Aug2026 16:03:01.640] [Server thread/DEBUG] [net.minecraftforge.fml.FMLWorldPersistenceHook/WP]: Gathering id map for writing to world save New World
[15Aug2026 16:03:01.646] [Server thread/DEBUG] [net.minecraftforge.fml.FMLWorldPersistenceHook/WP]: ID Map collection complete New World
[15Aug2026 16:03:07.363] [Server thread/INFO] [net.minecraft.server.integrated.IntegratedServer/]: Saving and pausing game...
[15Aug2026 16:03:07.371] [Server thread/INFO] [net.minecraft.server.MinecraftServer/]: Saving chunks for level 'ServerLevel[New World]'/minecraft:overworld
[15Aug2026 16:03:07.385] [Server thread/INFO] [net.minecraft.server.MinecraftServer/]: Saving chunks for level 'ServerLevel[New World]'/minecraft:the_nether
[15Aug2026 16:03:07.386] [Server thread/INFO] [net.minecraft.server.MinecraftServer/]: Saving chunks for level 'ServerLevel[New World]'/minecraft:the_end
[15Aug2026 16:03:07.413] [Server thread/DEBUG] [net.minecraftforge.fml.FMLWorldPersistenceHook/WP]: Gathering id map for writing to world save New World
[15Aug2026 16:03:07.416] [Server thread/DEBUG] [net.minecraftforge.fml.FMLWorldPersistenceHook/WP]: ID Map collection complete New World
[15Aug2026 16:03:16.849] [Render thread/INFO] [net.minecraft.network.NetworkSystem/]: Using default channel type
[15Aug2026 16:03:16.851] [Render thread/INFO] [net.minecraft.server.integrated.IntegratedServer/]: Started serving on 54917
[15Aug2026 16:03:16.856] [Render thread/INFO] [net.minecraft.client.gui.NewChatGui/]: [CHAT] Local game hosted on port 54917
[15Aug2026 16:04:54.359] [Netty Server IO #2/DEBUG] [net.minecraftforge.fml.network.NetworkRegistry/NETREGISTRY]: Channel 'fml:loginwrapper' : Vanilla acceptance test: ACCEPTED
[15Aug2026 16:04:54.371] [Netty Server IO #2/DEBUG] [net.minecraftforge.fml.network.NetworkRegistry/NETREGISTRY]: Channel 'fml:handshake' : Vanilla acceptance test: ACCEPTED
[15Aug2026 16:04:54.371] [Netty Server IO #2/DEBUG] [net.minecraftforge.fml.network.NetworkRegistry/NETREGISTRY]: Channel 'forge:split_11' : Vanilla acceptance test: ACCEPTED
[15Aug2026 16:04:54.371] [Netty Server IO #2/DEBUG] [net.minecraftforge.fml.network.NetworkRegistry/NETREGISTRY]: Channel 'minecraft:unregister' : Vanilla acceptance test: ACCEPTED
[15Aug2026 16:04:54.371] [Netty Server IO #2/DEBUG] [net.minecraftforge.fml.network.NetworkRegistry/NETREGISTRY]: Channel 'fml:play' : Vanilla acceptance test: ACCEPTED
[15Aug2026 16:04:54.371] [Netty Server IO #2/DEBUG] [net.minecraftforge.fml.network.NetworkRegistry/NETREGISTRY]: Channel 'minecraft:register' : Vanilla acceptance test: ACCEPTED
[15Aug2026 16:04:54.371] [Netty Server IO #2/DEBUG] [net.minecraftforge.fml.network.NetworkRegistry/NETREGISTRY]: Channel 'forge:split' : Vanilla acceptance test: ACCEPTED
[15Aug2026 16:04:54.371] [Netty Server IO #2/DEBUG] [net.minecraftforge.fml.network.NetworkRegistry/NETREGISTRY]: Accepting channel list from vanilla
[15Aug2026 16:04:54.371] [Netty Server IO #2/DEBUG] [net.minecraftforge.fml.network.FMLHandshakeHandler/FMLHANDSHAKE]: Starting new vanilla network connection.
[15Aug2026 16:04:55.244] [User Authenticator #133/WARN] [net.minecraft.network.login.ServerLoginNetHandler/]: Failed to verify username but will let them in anyway!
[15Aug2026 16:04:55.248] [Server thread/DEBUG] [net.minecraftforge.fml.network.FMLHandshakeHandler/FMLHANDSHAKE]: Handshake complete!
[15Aug2026 16:04:55.255] [Server thread/INFO] [net.minecraftforge.common.AdvancementLoadFix/]: Using new advancement loading for net.minecraft.advancements.PlayerAdvancements@56959b32
[15Aug2026 16:04:55.261] [Server thread/INFO] [net.minecraft.server.management.PlayerList/]: Bhota[/192.168.29.156:54960] logged in with entity id 2408 at (-50.5, 4.0, -37.5)
[15Aug2026 16:04:55.262] [Server thread/DEBUG] [net.minecraftforge.network.NetworkFilters/]: Injected net.minecraftforge.network.VanillaConnectionNetworkFilter@6ee199d5 into net.minecraft.network.NetworkManager@34dc547d
[15Aug2026 16:04:55.278] [Server thread/INFO] [net.minecraft.server.MinecraftServer/]: Bhota joined the game
[15Aug2026 16:04:55.428] [Render thread/INFO] [net.minecraft.client.gui.NewChatGui/]: [CHAT] Bhota joined the game
[15Aug2026 16:04:56.268] [Server thread/INFO] [net.minecraft.server.MinecraftServer/]: <Bhota> Bot online. Mention me and tell me what you want, or use !help.
[15Aug2026 16:05:07.769] [Server thread/INFO] [net.minecraft.server.MinecraftServer/]: <Dev> bhota mine me some wood
[15Aug2026 16:05:07.848] [Server thread/INFO] [net.minecraft.server.MinecraftServer/]: <Bhota> > mine(block="oak_log", count=3, specified=false)
[15Aug2026 16:05:07.849] [Render thread/INFO] [net.minecraft.client.gui.NewChatGui/]: [CHAT] <Dev> bhota mine me some wood
[15Aug2026 16:05:19.596] [Server thread/INFO] [net.minecraft.server.MinecraftServer/]: <Bhota> Mining stopped: Took to long to decide path to goal!
[15Aug2026 16:05:25.557] [Server thread/INFO] [net.minecraft.server.MinecraftServer/]: <Dev> bhota learn hindi
[15Aug2026 16:05:25.789] [Render thread/INFO] [net.minecraft.client.gui.NewChatGui/]: [CHAT] <Dev> bhota learn hindi
[15Aug2026 16:05:26.587] [Server thread/INFO] [net.minecraft.server.MinecraftServer/]: <Bhota> erousenne a seactinghace bot can it sting that loc
[15Aug2026 16:05:46.085] [Server thread/INFO] [net.minecraft.server.MinecraftServer/]: <Dev> bhota
[15Aug2026 16:05:46.095] [Render thread/INFO] [net.minecraft.client.gui.NewChatGui/]: [CHAT] <Dev> bhota
[15Aug2026 16:05:46.854] [Server thread/INFO] [net.minecraft.server.MinecraftServer/]: <Bhota> an bot shoulde that contion resss emat not should
[15Aug2026 16:05:50.387] [Server thread/INFO] [net.minecraft.server.MinecraftServer/]: <Bhota> > lookAround()
[15Aug2026 16:05:52.936] [Server thread/INFO] [net.minecraft.server.MinecraftServer/]: <Dev> bhota hello
[15Aug2026 16:05:53.099] [Render thread/INFO] [net.minecraft.client.gui.NewChatGui/]: [CHAT] <Dev> bhota hello
[15Aug2026 16:05:53.695] [Server thread/INFO] [net.minecraft.server.MinecraftServer/]: <Bhota> bot thale prrovering bot th bilde bentece can blo
[15Aug2026 16:06:05.270] [Server thread/INFO] [net.minecraft.server.MinecraftServer/]: <Dev> bhota talk to me
[15Aug2026 16:06:05.279] [Render thread/INFO] [net.minecraft.client.gui.NewChatGui/]: [CHAT] <Dev> bhota talk to me
[15Aug2026 16:06:05.973] [Server thread/INFO] [net.minecraft.server.MinecraftServer/]: <Bhota> , muns the cat hace anin s pecons amine bot the bo
[15Aug2026 16:06:08.402] [Server thread/INFO] [net.minecraft.server.MinecraftServer/]: <Bhota> > lookAround()
[15Aug2026 16:06:14.113] [Server thread/INFO] [net.minecraft.server.MinecraftServer/]: <Dev> bhota mere sath bolo
[15Aug2026 16:06:14.115] [Render thread/INFO] [net.minecraft.client.gui.NewChatGui/]: [CHAT] <Dev> bhota mere sath bolo
[15Aug2026 16:06:15.231] [Server thread/INFO] [net.minecraft.server.MinecraftServer/]: <Bhota> , bute tra the mon ita nare bote a conativen meca
[15Aug2026 16:06:24.426] [Server thread/INFO] [net.minecraft.server.MinecraftServer/]: <Dev> bhota tum nalle ho kya
[15Aug2026 16:06:24.439] [Render thread/INFO] [net.minecraft.client.gui.NewChatGui/]: [CHAT] <Dev> bhota tum nalle ho kya
[15Aug2026 16:06:25.694] [Server thread/INFO] [net.minecraft.server.MinecraftServer/]: <Bhota> whavain be bot sequir inghte bunld singht, bota
[15Aug2026 16:06:29.797] [Server thread/INFO] [net.minecraft.server.MinecraftServer/]: <Dev> mere sath aao
[15Aug2026 16:06:29.810] [Render thread/INFO] [net.minecraft.client.gui.NewChatGui/]: [CHAT] <Dev> mere sath aao
[15Aug2026 16:06:35.900] [Server thread/INFO] [net.minecraft.server.MinecraftServer/]: <Dev> follow me bhota
[15Aug2026 16:06:35.922] [Render thread/INFO] [net.minecraft.client.gui.NewChatGui/]: [CHAT] <Dev> follow me bhota
[15Aug2026 16:06:36.063] [Server thread/INFO] [net.minecraft.server.MinecraftServer/]: <Bhota> > follow(target="Dev")
[15Aug2026 16:06:49.739] [Server thread/INFO] [net.minecraft.server.MinecraftServer/]: <Dev> mere sath mat aao bhota
[15Aug2026 16:06:49.744] [Render thread/INFO] [net.minecraft.client.gui.NewChatGui/]: [CHAT] <Dev> mere sath mat aao bhota
[15Aug2026 16:06:50.887] [Server thread/INFO] [net.minecraft.server.MinecraftServer/]: <Bhota> bhot jon bota nvalocks.
[15Aug2026 16:06:57.657] [Server thread/INFO] [net.minecraft.server.MinecraftServer/]: <Dev> stop bhota
[15Aug2026 16:06:57.668] [Render thread/INFO] [net.minecraft.client.gui.NewChatGui/]: [CHAT] <Dev> stop bhota
[15Aug2026 16:06:57.669] [Server thread/INFO] [net.minecraft.server.MinecraftServer/]: <Bhota> > stop()
[15Aug2026 16:07:02.482] [Server thread/INFO] [net.minecraft.server.MinecraftServer/]: <Bhota> > lookAround()
[15Aug2026 16:07:06.471] [Server thread/INFO] [net.minecraft.server.MinecraftServer/]: <Dev> bhota mujhe follow kro
[15Aug2026 16:07:06.482] [Render thread/INFO] [net.minecraft.client.gui.NewChatGui/]: [CHAT] <Dev> bhota mujhe follow kro
[15Aug2026 16:07:06.666] [Server thread/INFO] [net.minecraft.server.MinecraftServer/]: <Bhota> > follow(target="Dev")
[15Aug2026 16:07:24.177] [Server thread/INFO] [net.minecraft.server.MinecraftServer/]: <Dev> bhota stop
[15Aug2026 16:07:24.189] [Render thread/INFO] [net.minecraft.client.gui.NewChatGui/]: [CHAT] <Dev> bhota stop
[15Aug2026 16:07:24.197] [Server thread/INFO] [net.minecraft.server.MinecraftServer/]: <Bhota> > stop()
[15Aug2026 16:07:34.478] [Server thread/INFO] [net.minecraft.server.MinecraftServer/]: <Dev> bhota mere saath chlo
[15Aug2026 16:07:34.652] [Render thread/INFO] [net.minecraft.client.gui.NewChatGui/]: [CHAT] <Dev> bhota mere saath chlo
[15Aug2026 16:07:38.374] [Server thread/INFO] [net.minecraft.server.MinecraftServer/]: <Dev> bhota mujhe follow kro
[15Aug2026 16:07:38.386] [Render thread/INFO] [net.minecraft.client.gui.NewChatGui/]: [CHAT] <Dev> bhota mujhe follow kro
[15Aug2026 16:07:38.607] [Server thread/INFO] [net.minecraft.server.MinecraftServer/]: <Bhota> > follow(target="Dev")
[15Aug2026 16:08:05.910] [Server thread/INFO] [net.minecraft.server.MinecraftServer/]: <Dev> mine me some stone 100
[15Aug2026 16:08:05.911] [Render thread/INFO] [net.minecraft.client.gui.NewChatGui/]: [CHAT] <Dev> mine me some stone 100
[15Aug2026 16:08:08.566] [Server thread/DEBUG] [net.minecraftforge.fml.FMLWorldPersistenceHook/WP]: Gathering id map for writing to world save New World
[15Aug2026 16:08:08.570] [Server thread/DEBUG] [net.minecraftforge.fml.FMLWorldPersistenceHook/WP]: ID Map collection complete New World
[15Aug2026 16:08:13.427] [Server thread/INFO] [net.minecraft.server.MinecraftServer/]: <Dev> mine me some stone 100 bhota
[15Aug2026 16:08:13.428] [Render thread/INFO] [net.minecraft.client.gui.NewChatGui/]: [CHAT] <Dev> mine me some stone 100 bhota
[15Aug2026 16:08:13.651] [Server thread/INFO] [net.minecraft.server.MinecraftServer/]: <Bhota> No stone found nearby.
[15Aug2026 16:08:26.978] [Server thread/INFO] [net.minecraft.server.MinecraftServer/]: <Dev> mine me some bedrock 100 bhota
[15Aug2026 16:08:26.984] [Render thread/INFO] [net.minecraft.client.gui.NewChatGui/]: [CHAT] <Dev> mine me some bedrock 100 bhota
[15Aug2026 16:08:27.160] [Server thread/INFO] [net.minecraft.server.MinecraftServer/]: <Bhota> > mine(block="bedrock", count=100, specified=true)
[15Aug2026 16:08:29.809] [Server thread/INFO] [net.minecraft.server.MinecraftServer/]: <Bhota> bota: bhot sho,
[15Aug2026 16:08:37.636] [Server thread/INFO] [net.minecraft.server.MinecraftServer/]: <Bhota> Mining stopped: Took to long to decide path to goal!
[15Aug2026 16:08:47.284] [Server thread/INFO] [net.minecraft.server.MinecraftServer/]: <Bhota> an bota thacle bot sho so
[15Aug2026 16:08:50.822] [Server thread/INFO] [net.minecraft.server.MinecraftServer/]: <Bhota> > lookAround()
[15Aug2026 16:09:00.243] [Server thread/INFO] [net.minecraft.server.MinecraftServer/]: <Dev> bhota follow me
[15Aug2026 16:09:00.247] [Render thread/INFO] [net.minecraft.client.gui.NewChatGui/]: [CHAT] <Dev> bhota follow me
[15Aug2026 16:09:00.262] [Server thread/INFO] [net.minecraft.server.MinecraftServer/]: <Bhota> > follow(target="Dev")
[15Aug2026 16:09:12.369] [Server thread/INFO] [net.minecraft.server.MinecraftServer/]: <Dev> !stop
[15Aug2026 16:09:12.371] [Server thread/INFO] [net.minecraft.server.MinecraftServer/]: <Bhota> > stop()
[15Aug2026 16:09:12.450] [Render thread/INFO] [net.minecraft.client.gui.NewChatGui/]: [CHAT] <Dev> !stop
[15Aug2026 16:09:20.045] [Render thread/INFO] [net.minecraft.client.gui.NewChatGui/]: [CHAT] Incomplete (expected 3 coordinates)
[15Aug2026 16:09:20.045] [Render thread/INFO] [net.minecraft.client.gui.NewChatGui/]: [CHAT] /fill -53 3<--[HERE]
[15Aug2026 16:09:22.150] [Render thread/INFO] [net.minecraft.client.gui.NewChatGui/]: [CHAT] Unknown or incomplete command, see below for error
[15Aug2026 16:09:22.150] [Render thread/INFO] [net.minecraft.client.gui.NewChatGui/]: [CHAT] ... -53 3 -30<--[HERE]
[15Aug2026 16:09:33.447] [Server thread/INFO] [net.minecraft.server.MinecraftServer/]: [Dev: Successfully filled 1156 blocks]
[15Aug2026 16:09:33.734] [Render thread/INFO] [net.minecraft.client.gui.NewChatGui/]: [CHAT] Successfully filled 1156 blocks
[15Aug2026 16:09:44.851] [Server thread/INFO] [net.minecraft.server.MinecraftServer/]: <Bhota> > lookAround()
[15Aug2026 16:09:50.222] [Server thread/INFO] [net.minecraft.server.MinecraftServer/]: <Dev> bhota follow me
[15Aug2026 16:09:50.228] [Render thread/INFO] [net.minecraft.client.gui.NewChatGui/]: [CHAT] <Dev> bhota follow me
[15Aug2026 16:09:50.337] [Server thread/INFO] [net.minecraft.server.MinecraftServer/]: <Bhota> > follow(target="Dev")
[15Aug2026 16:09:54.797] [Server thread/INFO] [net.minecraft.server.MinecraftServer/]: <Bhota> > retreatFrom(source="low_health")
[15Aug2026 16:09:55.243] [Server thread/INFO] [net.minecraft.server.MinecraftServer/]: Bhota tried to swim in lava
[15Aug2026 16:09:55.251] [Server thread/INFO] [net.minecraft.server.MinecraftServer/]: <Bhota> > onDeath()
[15Aug2026 16:09:55.373] [Render thread/INFO] [net.minecraft.client.gui.NewChatGui/]: [CHAT] Bhota tried to swim in lava
[15Aug2026 16:09:55.437] [Server thread/INFO] [net.minecraft.server.MinecraftServer/]: <Bhota> > endFlee()
[15Aug2026 16:10:03.361] [Server thread/INFO] [net.minecraft.server.MinecraftServer/]: <Bhota> > retreatFrom(source="low_health")
[15Aug2026 16:10:04.186] [Server thread/INFO] [net.minecraft.server.MinecraftServer/]: Bhota tried to swim in lava
[15Aug2026 16:10:04.221] [Server thread/INFO] [net.minecraft.server.MinecraftServer/]: <Bhota> > onDeath()
[15Aug2026 16:10:04.308] [Render thread/INFO] [net.minecraft.client.gui.NewChatGui/]: [CHAT] Bhota tried to swim in lava
[15Aug2026 16:10:04.394] [Server thread/INFO] [net.minecraft.server.MinecraftServer/]: <Bhota> > endFlee()
[15Aug2026 16:10:14.486] [Server thread/INFO] [net.minecraft.server.MinecraftServer/]: <Dev> bhota follow me
[15Aug2026 16:10:14.488] [Render thread/INFO] [net.minecraft.client.gui.NewChatGui/]: [CHAT] <Dev> bhota follow me
[15Aug2026 16:10:14.490] [Server thread/INFO] [net.minecraft.server.MinecraftServer/]: <Bhota> > follow(target="Dev")
[15Aug2026 16:10:21.217] [Server thread/INFO] [net.minecraft.server.MinecraftServer/]: <Dev> bhota follow me
[15Aug2026 16:10:21.233] [Render thread/INFO] [net.minecraft.client.gui.NewChatGui/]: [CHAT] <Dev> bhota follow me
[15Aug2026 16:10:21.473] [Server thread/INFO] [net.minecraft.server.MinecraftServer/]: <Bhota> > follow(target="Dev")
[15Aug2026 16:10:27.723] [Server thread/INFO] [net.minecraft.server.MinecraftServer/]: <Dev> stop bhota
[15Aug2026 16:10:27.736] [Render thread/INFO] [net.minecraft.client.gui.NewChatGui/]: [CHAT] <Dev> stop bhota
[15Aug2026 16:10:27.742] [Server thread/INFO] [net.minecraft.server.MinecraftServer/]: <Bhota> > stop()
[15Aug2026 16:10:29.143] [Server thread/INFO] [net.minecraft.server.MinecraftServer/]: <Dev> bhota follow me
[15Aug2026 16:10:29.288] [Server thread/INFO] [net.minecraft.server.MinecraftServer/]: <Bhota> > follow(target="Dev")
[15Aug2026 16:10:29.298] [Render thread/INFO] [net.minecraft.client.gui.NewChatGui/]: [CHAT] <Dev> bhota follow me
[15Aug2026 16:10:57.418] [Server thread/INFO] [net.minecraft.server.MinecraftServer/]: <Bhota> the bo thoovaa: bhotinghta s ea
[15Aug2026 16:11:19.882] [Server thread/INFO] [net.minecraft.server.MinecraftServer/]: <Dev> come here bhota
[15Aug2026 16:11:19.992] [Server thread/INFO] [net.minecraft.server.MinecraftServer/]: <Bhota> > come(target="Dev")
[15Aug2026 16:11:19.993] [Server thread/INFO] [net.minecraft.server.MinecraftServer/]: <Bhota> Error: bot.pathfinder.once is not a function
[15Aug2026 16:11:20.001] [Render thread/INFO] [net.minecraft.client.gui.NewChatGui/]: [CHAT] <Dev> come here bhota
[15Aug2026 16:11:29.972] [Server thread/INFO] [net.minecraft.server.MinecraftServer/]: <Dev> bhota follow me
[15Aug2026 16:11:29.974] [Render thread/INFO] [net.minecraft.client.gui.NewChatGui/]: [CHAT] <Dev> bhota follow me
[15Aug2026 16:11:30.230] [Server thread/INFO] [net.minecraft.server.MinecraftServer/]: <Bhota> > follow(target="Dev")
[15Aug2026 16:11:59.365] [Server thread/INFO] [net.minecraft.server.MinecraftServer/]: <Bhota> > retreatFrom(source="player_attack:Dev")
[15Aug2026 16:12:00.025] [Server thread/INFO] [net.minecraft.server.MinecraftServer/]: <Bhota> > endFlee()
[15Aug2026 16:12:01.946] [Server thread/INFO] [net.minecraft.server.MinecraftServer/]: <Bhota> > retreatFrom(source="player_attack:Dev")
[15Aug2026 16:12:02.229] [Server thread/INFO] [net.minecraft.server.MinecraftServer/]: <Bhota> > endFlee()
[15Aug2026 16:12:02.579] [Server thread/INFO] [net.minecraft.server.MinecraftServer/]: <Bhota> > retreatFrom(source="player_attack:Dev")
[15Aug2026 16:12:03.204] [Server thread/INFO] [net.minecraft.server.MinecraftServer/]: <Bhota> > endFlee()
[15Aug2026 16:12:08.317] [Server thread/INFO] [net.minecraft.server.MinecraftServer/]: <Dev> stop bhota
[15Aug2026 16:12:08.320] [Server thread/INFO] [net.minecraft.server.MinecraftServer/]: <Bhota> > stop()
[15Aug2026 16:12:08.378] [Render thread/INFO] [net.minecraft.client.gui.NewChatGui/]: [CHAT] <Dev> stop bhota
[15Aug2026 16:12:09.375] [Server thread/INFO] [net.minecraft.server.MinecraftServer/]: <Bhota> > retreatFrom(source="player_attack:Dev")
[15Aug2026 16:12:10.219] [Server thread/INFO] [net.minecraft.server.MinecraftServer/]: <Bhota> > endFlee()
[15Aug2026 16:12:45.786] [Server thread/INFO] [net.minecraft.server.MinecraftServer/]: <Bhota> > lookAround()
[15Aug2026 16:13:03.266] [Server thread/INFO] [net.minecraft.server.MinecraftServer/]: <Bhota> > retreatFrom(source="player_attack:Dev")
[15Aug2026 16:13:03.307] [Server thread/INFO] [net.minecraft.server.MinecraftServer/]: <Bhota> > endFlee()
[15Aug2026 16:13:03.787] [Server thread/INFO] [net.minecraft.server.MinecraftServer/]: <Bhota> > lookAround()
[15Aug2026 16:13:08.562] [Server thread/DEBUG] [net.minecraftforge.fml.FMLWorldPersistenceHook/WP]: Gathering id map for writing to world save New World
[15Aug2026 16:13:08.565] [Server thread/DEBUG] [net.minecraftforge.fml.FMLWorldPersistenceHook/WP]: ID Map collection complete New World
[15Aug2026 16:13:21.773] [Server thread/INFO] [net.minecraft.server.MinecraftServer/]: <Bhota> > lookAround()
[15Aug2026 16:13:37.207] [Server thread/INFO] [net.minecraft.server.MinecraftServer/]: <Dev> bhota build me stone wall 10 19
[15Aug2026 16:13:37.287] [Render thread/INFO] [net.minecraft.client.gui.NewChatGui/]: [CHAT] <Dev> bhota build me stone wall 10 19
[15Aug2026 16:13:37.402] [Server thread/INFO] [net.minecraft.server.MinecraftServer/]: <Bhota> > build(shape="wall", block="stone", blocks=190)
[15Aug2026 16:14:05.037] [Render thread/INFO] [net.minecraft.advancements.AdvancementList/]: Loaded 24 advancements
[15Aug2026 16:14:09.839] [Server thread/INFO] [net.minecraft.server.MinecraftServer/]: Dev has made the advancement [Hot Stuff]
[15Aug2026 16:14:09.851] [Render thread/INFO] [net.minecraft.client.gui.NewChatGui/]: [CHAT] Dev has made the advancement [Hot Stuff]
[15Aug2026 16:14:09.854] [Render thread/INFO] [net.minecraft.advancements.AdvancementList/]: Loaded 31 advancements
[15Aug2026 16:14:18.469] [Server thread/INFO] [net.minecraft.server.MinecraftServer/]: [Dev: Set Bhota's game mode to Creative Mode]
[15Aug2026 16:14:18.534] [Render thread/INFO] [net.minecraft.client.gui.NewChatGui/]: [CHAT] Set Bhota's game mode to Creative Mode
[15Aug2026 16:14:34.517] [Server thread/WARN] [net.minecraft.server.management.PlayerInteractionManager/]: Mismatch in destroy block pos: BlockPos{x=-40, y=7, z=-22} BlockPos{x=-37, y=7, z=-22}
[15Aug2026 16:14:42.662] [Server thread/WARN] [net.minecraft.server.management.PlayerInteractionManager/]: Mismatch in destroy block pos: BlockPos{x=-40, y=7, z=-22} BlockPos{x=-36, y=9, z=-22}
[15Aug2026 16:15:22.739] [Server thread/INFO] [net.minecraft.server.MinecraftServer/]: <Bhota> Build finished: 66 placed, 124 skipped.
[15Aug2026 16:15:27.968] [Server thread/INFO] [net.minecraft.server.MinecraftServer/]: <Bhota> > lookAround()
[15Aug2026 16:16:05.048] [Server thread/INFO] [net.minecraft.server.MinecraftServer/]: <Dev> bhota build me stone wall 10 19
[15Aug2026 16:16:05.061] [Render thread/INFO] [net.minecraft.client.gui.NewChatGui/]: [CHAT] <Dev> bhota build me stone wall 10 19
[15Aug2026 16:16:05.195] [Server thread/INFO] [net.minecraft.server.MinecraftServer/]: <Bhota> > build(shape="wall", block="stone", blocks=190)
[15Aug2026 16:16:33.921] [Server thread/WARN] [net.minecraft.server.management.PlayerInteractionManager/]: Mismatch in destroy block pos: BlockPos{x=-40, y=7, z=-22} BlockPos{x=-37, y=5, z=-22}
[15Aug2026 16:16:59.271] [Server thread/INFO] [net.minecraft.server.MinecraftServer/]: [Dev: Set the time to 1000]
[15Aug2026 16:16:59.271] [Render thread/INFO] [net.minecraft.client.gui.NewChatGui/]: [CHAT] Set the time to 1000
[15Aug2026 16:17:32.088] [Server thread/INFO] [net.minecraft.server.MinecraftServer/]: [Dev: Set the time to 1000]
[15Aug2026 16:17:32.099] [Render thread/INFO] [net.minecraft.client.gui.NewChatGui/]: [CHAT] Set the time to 1000
[15Aug2026 16:17:35.451] [Server thread/INFO] [net.minecraft.server.MinecraftServer/]: <Dev> bhota build me stone wall 10 19
[15Aug2026 16:17:35.459] [Render thread/INFO] [net.minecraft.client.gui.NewChatGui/]: [CHAT] <Dev> bhota build me stone wall 10 19
[15Aug2026 16:17:35.943] [Server thread/INFO] [net.minecraft.server.MinecraftServer/]: <Bhota> > build(shape="wall", block="stone", blocks=190)
[15Aug2026 16:18:03.811] [Render thread/INFO] [net.minecraft.advancements.AdvancementList/]: Loaded 37 advancements
[15Aug2026 16:18:08.593] [Server thread/DEBUG] [net.minecraftforge.fml.FMLWorldPersistenceHook/WP]: Gathering id map for writing to world save New World
[15Aug2026 16:18:08.598] [Server thread/DEBUG] [net.minecraftforge.fml.FMLWorldPersistenceHook/WP]: ID Map collection complete New World
[15Aug2026 16:19:02.544] [Server thread/INFO] [net.minecraft.server.MinecraftServer/]: <Dev> bhota stop
[15Aug2026 16:19:02.571] [Server thread/INFO] [net.minecraft.server.MinecraftServer/]: <Bhota> > stop()
[15Aug2026 16:19:02.576] [Render thread/INFO] [net.minecraft.client.gui.NewChatGui/]: [CHAT] <Dev> bhota stop
[15Aug2026 16:19:03.670] [Server thread/INFO] [net.minecraft.server.MinecraftServer/]: <Bhota> Build interrupted (36 placed, 30 skipped).
[15Aug2026 16:19:05.965] [Server thread/INFO] [net.minecraft.server.MinecraftServer/]: <Bhota> > lookAround()
[15Aug2026 16:19:06.288] [Server thread/INFO] [net.minecraft.server.MinecraftServer/]: <Bhota> Build interrupted (28 placed, 76 skipped).
[15Aug2026 16:19:11.956] [Server thread/INFO] [net.minecraft.server.MinecraftServer/]: [Dev: Teleported Bhota to Dev]
[15Aug2026 16:19:11.958] [Render thread/INFO] [net.minecraft.client.gui.NewChatGui/]: [CHAT] Teleported Bhota to Dev
[15Aug2026 16:19:11.964] [Server thread/WARN] [net.minecraft.network.play.ServerPlayNetHandler/]: Bhota moved too quickly! 10.871794390499328,-5.0,-12.91497372917901
[15Aug2026 16:19:11.965] [Server thread/WARN] [net.minecraft.network.play.ServerPlayNetHandler/]: Bhota moved too quickly! 10.871794390499328,-5.0,-12.91497372917901
[15Aug2026 16:19:11.967] [Server thread/WARN] [net.minecraft.network.play.ServerPlayNetHandler/]: Bhota moved too quickly! 10.871794390499328,-5.0,-12.91497372917901
[15Aug2026 16:19:27.244] [Server thread/INFO] [net.minecraft.server.MinecraftServer/]: <Dev> follow me
[15Aug2026 16:19:27.378] [Render thread/INFO] [net.minecraft.client.gui.NewChatGui/]: [CHAT] <Dev> follow me
[15Aug2026 16:19:42.217] [Server thread/INFO] [net.minecraft.server.MinecraftServer/]: [Dev: Set own game mode to Survival Mode]
[15Aug2026 16:19:42.303] [Render thread/INFO] [net.minecraft.client.gui.NewChatGui/]: [CHAT] Set own game mode to Survival Mode
[15Aug2026 16:19:46.400] [Server thread/INFO] [net.minecraft.server.MinecraftServer/]: Dev tried to swim in lava
[15Aug2026 16:19:46.453] [Render thread/INFO] [net.minecraft.client.gui.NewChatGui/]: [CHAT] Dev tried to swim in lava
[15Aug2026 16:19:57.457] [Server thread/INFO] [net.minecraft.server.MinecraftServer/]: [Dev: Set own game mode to Creative Mode]
[15Aug2026 16:19:57.458] [Render thread/INFO] [net.minecraft.client.gui.NewChatGui/]: [CHAT] Set own game mode to Creative Mode
[15Aug2026 16:19:59.987] [Server thread/INFO] [net.minecraft.server.MinecraftServer/]: <Bhota> > lookAround()
[15Aug2026 16:20:09.123] [Server thread/INFO] [net.minecraft.server.MinecraftServer/]: [Dev: Set Bhota's game mode to Survival Mode]
[15Aug2026 16:20:09.187] [Render thread/INFO] [net.minecraft.client.gui.NewChatGui/]: [CHAT] Set Bhota's game mode to Survival Mode
[15Aug2026 16:20:15.474] [Server thread/INFO] [net.minecraft.server.MinecraftServer/]: <Dev> follow bhota
[15Aug2026 16:20:15.476] [Render thread/INFO] [net.minecraft.client.gui.NewChatGui/]: [CHAT] <Dev> follow bhota
[15Aug2026 16:20:15.478] [Server thread/INFO] [net.minecraft.server.MinecraftServer/]: <Bhota> > follow(target="Dev")
[15Aug2026 16:21:01.526] [Server thread/INFO] [net.minecraft.server.MinecraftServer/]: <Bhota> the botimen me
[15Aug2026 16:21:11.913] [Server thread/INFO] [net.minecraft.server.MinecraftServer/]: <Bhota> both bullde both bhoth
[15Aug2026 16:21:15.103] [Server thread/INFO] [net.minecraft.server.MinecraftServer/]: <Bhota> > retreatFrom(source="player_attack:Dev")
[15Aug2026 16:21:15.242] [Server thread/INFO] [net.minecraft.server.MinecraftServer/]: <Bhota> > endFlee()
[15Aug2026 16:21:22.238] [Server thread/INFO] [net.minecraft.server.MinecraftServer/]: <Dev> stop bhota
[15Aug2026 16:21:22.247] [Render thread/INFO] [net.minecraft.client.gui.NewChatGui/]: [CHAT] <Dev> stop bhota
[15Aug2026 16:21:22.248] [Server thread/INFO] [net.minecraft.server.MinecraftServer/]: <Bhota> > stop()
[15Aug2026 16:21:30.092] [Server thread/INFO] [net.minecraft.server.MinecraftServer/]: <Bhota> > lookAround()
[15Aug2026 16:21:48.101] [Server thread/INFO] [net.minecraft.server.MinecraftServer/]: <Bhota> > lookAround()
[15Aug2026 16:21:51.271] [Server thread/INFO] [net.minecraft.server.MinecraftServer/]: <Dev> bhota mine me 200 dirt
[15Aug2026 16:21:51.372] [Render thread/INFO] [net.minecraft.client.gui.NewChatGui/]: [CHAT] <Dev> bhota mine me 200 dirt
[15Aug2026 16:21:51.568] [Server thread/INFO] [net.minecraft.server.MinecraftServer/]: <Bhota> > mine(block="dirt", count=200, specified=true)
[15Aug2026 16:22:28.981] [Server thread/INFO] [net.minecraft.server.MinecraftServer/]: [Dev: Applied effect Mining Fatigue to Bhota]
[15Aug2026 16:22:28.988] [Render thread/INFO] [net.minecraft.client.gui.NewChatGui/]: [CHAT] Applied effect Mining Fatigue to Bhota
[15Aug2026 16:22:29.448] [Server thread/INFO] [net.minecraft.server.MinecraftServer/]: <Bhota> sho bllar: ath: both
[15Aug2026 16:22:59.125] [Server thread/INFO] [net.minecraft.server.MinecraftServer/]: <Bhota> Mining stopped: Took to long to decide path to goal!
[15Aug2026 16:23:00.160] [Server thread/INFO] [net.minecraft.server.MinecraftServer/]: <Bhota> > lookAround()
[15Aug2026 16:23:08.591] [Server thread/DEBUG] [net.minecraftforge.fml.FMLWorldPersistenceHook/WP]: Gathering id map for writing to world save New World
[15Aug2026 16:23:08.594] [Server thread/DEBUG] [net.minecraftforge.fml.FMLWorldPersistenceHook/WP]: ID Map collection complete New World
[15Aug2026 16:23:18.196] [Server thread/INFO] [net.minecraft.server.MinecraftServer/]: <Bhota> > lookAround()
[15Aug2026 16:23:36.168] [Server thread/INFO] [net.minecraft.server.MinecraftServer/]: <Bhota> > lookAround()
[15Aug2026 16:23:54.207] [Server thread/INFO] [net.minecraft.server.MinecraftServer/]: <Bhota> > lookAround()
[15Aug2026 16:24:12.200] [Server thread/INFO] [net.minecraft.server.MinecraftServer/]: <Bhota> > lookAround()
[15Aug2026 16:24:30.229] [Server thread/INFO] [net.minecraft.server.MinecraftServer/]: <Bhota> > lookAround()
[15Aug2026 16:24:48.219] [Server thread/INFO] [net.minecraft.server.MinecraftServer/]: <Bhota> > lookAround()
[15Aug2026 16:25:06.225] [Server thread/INFO] [net.minecraft.server.MinecraftServer/]: <Bhota> > lookAround()
[15Aug2026 16:25:24.236] [Server thread/INFO] [net.minecraft.server.MinecraftServer/]: <Bhota> > lookAround()
[15Aug2026 16:25:42.241] [Server thread/INFO] [net.minecraft.server.MinecraftServer/]: <Bhota> > lookAround()
[15Aug2026 16:26:00.260] [Server thread/INFO] [net.minecraft.server.MinecraftServer/]: <Bhota> > lookAround()
[15Aug2026 16:26:12.811] [Server thread/INFO] [net.minecraft.server.MinecraftServer/]: <Dev> bhota mine me 200 dirt
[15Aug2026 16:26:12.825] [Render thread/INFO] [net.minecraft.client.gui.NewChatGui/]: [CHAT] <Dev> bhota mine me 200 dirt
[15Aug2026 16:26:13.058] [Server thread/INFO] [net.minecraft.server.MinecraftServer/]: <Bhota> > mine(block="dirt", count=200, specified=true)
[15Aug2026 16:26:39.860] [Server thread/INFO] [net.minecraft.server.MinecraftServer/]: <Bhota> Mining stopped: Took to long to decide path to goal!
[15Aug2026 16:26:54.399] [Server thread/INFO] [net.minecraft.server.MinecraftServer/]: <Bhota> > lookAround()
[15Aug2026 16:27:12.525] [Server thread/INFO] [net.minecraft.server.MinecraftServer/]: <Bhota> > lookAround()
[15Aug2026 16:27:30.408] [Server thread/INFO] [net.minecraft.server.MinecraftServer/]: <Bhota> > lookAround()
[15Aug2026 16:27:48.443] [Server thread/INFO] [net.minecraft.server.MinecraftServer/]: <Bhota> > lookAround()
[15Aug2026 16:27:53.166] [Server thread/INFO] [net.minecraft.server.MinecraftServer/]: [Dev: Removed 326 items from player Bhota]
[15Aug2026 16:27:53.238] [Render thread/INFO] [net.minecraft.client.gui.NewChatGui/]: [CHAT] Removed 326 items from player Bhota
[15Aug2026 16:28:00.776] [Server thread/INFO] [net.minecraft.server.MinecraftServer/]: <Dev> stop bhota
[15Aug2026 16:28:00.787] [Render thread/INFO] [net.minecraft.client.gui.NewChatGui/]: [CHAT] <Dev> stop bhota
[15Aug2026 16:28:00.862] [Server thread/INFO] [net.minecraft.server.MinecraftServer/]: <Bhota> > stop()
[15Aug2026 16:28:06.451] [Server thread/INFO] [net.minecraft.server.MinecraftServer/]: <Bhota> > lookAround()
[15Aug2026 16:28:08.609] [Server thread/DEBUG] [net.minecraftforge.fml.FMLWorldPersistenceHook/WP]: Gathering id map for writing to world save New World
[15Aug2026 16:28:08.612] [Server thread/DEBUG] [net.minecraftforge.fml.FMLWorldPersistenceHook/WP]: ID Map collection complete New World
[15Aug2026 16:28:08.672] [Server thread/INFO] [net.minecraft.server.MinecraftServer/]: [Dev: Set the time to 1000]
[15Aug2026 16:28:08.672] [Render thread/INFO] [net.minecraft.client.gui.NewChatGui/]: [CHAT] Set the time to 1000
[15Aug2026 16:28:24.451] [Render thread/INFO] [net.minecraft.client.gui.NewChatGui/]: [CHAT] No items were found on player Bhota
[15Aug2026 16:28:24.453] [Server thread/INFO] [net.minecraft.server.MinecraftServer/]: <Bhota> > lookAround()
[15Aug2026 16:28:42.503] [Server thread/INFO] [net.minecraft.server.MinecraftServer/]: <Bhota> > lookAround()
[15Aug2026 16:29:00.536] [Server thread/INFO] [net.minecraft.server.MinecraftServer/]: <Bhota> > lookAround()
[15Aug2026 16:29:18.466] [Server thread/INFO] [net.minecraft.server.MinecraftServer/]: <Bhota> > lookAround()
[15Aug2026 16:29:36.524] [Server thread/INFO] [net.minecraft.server.MinecraftServer/]: <Bhota> > lookAround()
[15Aug2026 16:29:41.150] [Server thread/INFO] [net.minecraft.server.MinecraftServer/]: [Dev: Teleported Bhota to Dev]
[15Aug2026 16:29:41.151] [Render thread/INFO] [net.minecraft.client.gui.NewChatGui/]: [CHAT] Teleported Bhota to Dev
[15Aug2026 16:29:54.543] [Server thread/INFO] [net.minecraft.server.MinecraftServer/]: <Bhota> > lookAround()
[15Aug2026 16:29:55.049] [Server thread/INFO] [net.minecraft.server.MinecraftServer/]: <Dev> bhota follow me
[15Aug2026 16:29:55.057] [Render thread/INFO] [net.minecraft.client.gui.NewChatGui/]: [CHAT] <Dev> bhota follow me
[15Aug2026 16:29:55.294] [Server thread/INFO] [net.minecraft.server.MinecraftServer/]: <Bhota> > follow(target="Dev")
[15Aug2026 16:30:07.491] [Server thread/INFO] [net.minecraft.server.MinecraftServer/]: <Dev> bhota follow me
[15Aug2026 16:30:07.494] [Server thread/INFO] [net.minecraft.server.MinecraftServer/]: <Bhota> > follow(target="Dev")
[15Aug2026 16:30:07.504] [Render thread/INFO] [net.minecraft.client.gui.NewChatGui/]: [CHAT] <Dev> bhota follow me
[15Aug2026 16:30:19.437] [Server thread/INFO] [net.minecraft.server.MinecraftServer/]: <Bhota> bhot se bhat me bhe blow
[15Aug2026 16:31:06.112] [Server thread/INFO] [net.minecraft.server.MinecraftServer/]: <Dev> look at me
[15Aug2026 16:31:06.174] [Render thread/INFO] [net.minecraft.client.gui.NewChatGui/]: [CHAT] <Dev> look at me
[15Aug2026 16:31:19.530] [Server thread/INFO] [net.minecraft.server.MinecraftServer/]: <Bhota> > retreatFrom(source="player_attack:Dev")
[15Aug2026 16:31:20.213] [Server thread/INFO] [net.minecraft.server.MinecraftServer/]: <Bhota> > endFlee()
[15Aug2026 16:31:26.096] [Server thread/INFO] [net.minecraft.server.MinecraftServer/]: <Bhota> > retreatFrom(source="player_attack:Dev")
[15Aug2026 16:31:26.208] [Server thread/INFO] [net.minecraft.server.MinecraftServer/]: <Bhota> > endFlee()
[15Aug2026 16:31:33.941] [Server thread/INFO] [net.minecraft.server.MinecraftServer/]: <Dev> stop bhota
[15Aug2026 16:31:33.944] [Render thread/INFO] [net.minecraft.client.gui.NewChatGui/]: [CHAT] <Dev> stop bhota
[15Aug2026 16:31:34.095] [Server thread/INFO] [net.minecraft.server.MinecraftServer/]: <Bhota> > stop()
[15Aug2026 16:31:40.963] [Server thread/INFO] [net.minecraft.server.MinecraftServer/]: <Bhota> > retreatFrom(source="player_attack:Dev")
[15Aug2026 16:31:41.192] [Server thread/INFO] [net.minecraft.server.MinecraftServer/]: <Bhota> > endFlee()
[15Aug2026 16:31:42.763] [Server thread/INFO] [net.minecraft.server.MinecraftServer/]: <Bhota> > lookAround()
[15Aug2026 16:31:49.534] [Server thread/INFO] [net.minecraft.server.MinecraftServer/]: <Bhota> > retreatFrom(source="player_attack:Dev")
[15Aug2026 16:31:50.203] [Server thread/INFO] [net.minecraft.server.MinecraftServer/]: <Bhota> > endFlee()
[15Aug2026 16:32:00.760] [Server thread/INFO] [net.minecraft.server.MinecraftServer/]: <Bhota> > lookAround()
[15Aug2026 16:32:18.752] [Server thread/INFO] [net.minecraft.server.MinecraftServer/]: <Bhota> > lookAround()
[15Aug2026 16:32:36.795] [Server thread/INFO] [net.minecraft.server.MinecraftServer/]: <Bhota> > lookAround()
[15Aug2026 16:32:54.765] [Server thread/INFO] [net.minecraft.server.MinecraftServer/]: <Bhota> > lookAround()
[15Aug2026 16:33:08.678] [Server thread/DEBUG] [net.minecraftforge.fml.FMLWorldPersistenceHook/WP]: Gathering id map for writing to world save New World
[15Aug2026 16:33:08.683] [Server thread/DEBUG] [net.minecraftforge.fml.FMLWorldPersistenceHook/WP]: ID Map collection complete New World
[15Aug2026 16:33:12.761] [Server thread/INFO] [net.minecraft.server.MinecraftServer/]: <Bhota> > lookAround()
[15Aug2026 16:33:30.760] [Server thread/INFO] [net.minecraft.server.MinecraftServer/]: <Bhota> > lookAround()
[15Aug2026 16:33:34.566] [Server thread/INFO] [net.minecraft.network.play.ServerPlayNetHandler/]: Bhota lost connection: Disconnected
[15Aug2026 16:33:34.568] [Server thread/INFO] [net.minecraft.server.MinecraftServer/]: Bhota left the game
[15Aug2026 16:33:34.600] [Render thread/INFO] [net.minecraft.client.gui.NewChatGui/]: [CHAT] Bhota left the game
[15Aug2026 16:33:35.417] [Netty Server IO #3/DEBUG] [net.minecraftforge.fml.network.NetworkRegistry/NETREGISTRY]: Channel 'fml:loginwrapper' : Vanilla acceptance test: ACCEPTED
[15Aug2026 16:33:35.418] [Netty Server IO #3/DEBUG] [net.minecraftforge.fml.network.NetworkRegistry/NETREGISTRY]: Channel 'fml:handshake' : Vanilla acceptance test: ACCEPTED
[15Aug2026 16:33:35.418] [Netty Server IO #3/DEBUG] [net.minecraftforge.fml.network.NetworkRegistry/NETREGISTRY]: Channel 'forge:split_11' : Vanilla acceptance test: ACCEPTED
[15Aug2026 16:33:35.418] [Netty Server IO #3/DEBUG] [net.minecraftforge.fml.network.NetworkRegistry/NETREGISTRY]: Channel 'minecraft:unregister' : Vanilla acceptance test: ACCEPTED
[15Aug2026 16:33:35.418] [Netty Server IO #3/DEBUG] [net.minecraftforge.fml.network.NetworkRegistry/NETREGISTRY]: Channel 'fml:play' : Vanilla acceptance test: ACCEPTED
[15Aug2026 16:33:35.418] [Netty Server IO #3/DEBUG] [net.minecraftforge.fml.network.NetworkRegistry/NETREGISTRY]: Channel 'minecraft:register' : Vanilla acceptance test: ACCEPTED
[15Aug2026 16:33:35.418] [Netty Server IO #3/DEBUG] [net.minecraftforge.fml.network.NetworkRegistry/NETREGISTRY]: Channel 'forge:split' : Vanilla acceptance test: ACCEPTED
[15Aug2026 16:33:35.418] [Netty Server IO #3/DEBUG] [net.minecraftforge.fml.network.NetworkRegistry/NETREGISTRY]: Accepting channel list from vanilla
[15Aug2026 16:33:35.418] [Netty Server IO #3/DEBUG] [net.minecraftforge.fml.network.FMLHandshakeHandler/FMLHANDSHAKE]: Starting new vanilla network connection.
[15Aug2026 16:33:36.175] [User Authenticator #134/WARN] [net.minecraft.network.login.ServerLoginNetHandler/]: Failed to verify username but will let them in anyway!
[15Aug2026 16:33:36.220] [Server thread/DEBUG] [net.minecraftforge.fml.network.FMLHandshakeHandler/FMLHANDSHAKE]: Handshake complete!
[15Aug2026 16:33:36.278] [Server thread/INFO] [net.minecraftforge.common.AdvancementLoadFix/]: Using new advancement loading for net.minecraft.advancements.PlayerAdvancements@7443c351
[15Aug2026 16:33:36.284] [Server thread/INFO] [net.minecraft.server.management.PlayerList/]: Bhota[/192.168.29.156:55485] logged in with entity id 2906 at (12.311932905830355, 4.0, -39.46256830572548)
[15Aug2026 16:33:36.285] [Server thread/DEBUG] [net.minecraftforge.network.NetworkFilters/]: Injected net.minecraftforge.network.VanillaConnectionNetworkFilter@13dfac90 into net.minecraft.network.NetworkManager@145f234a
[15Aug2026 16:33:36.296] [Server thread/INFO] [net.minecraft.server.MinecraftServer/]: Bhota joined the game
[15Aug2026 16:33:36.463] [Render thread/INFO] [net.minecraft.client.gui.NewChatGui/]: [CHAT] Bhota joined the game
[15Aug2026 16:33:36.622] [Server thread/INFO] [net.minecraft.server.MinecraftServer/]: <Bhota> Bot online. Mention me and tell me what you want, or use !help.
[15Aug2026 16:34:02.033] [Server thread/INFO] [net.minecraft.network.play.ServerPlayNetHandler/]: Bhota lost connection: Disconnected
[15Aug2026 16:34:02.034] [Server thread/INFO] [net.minecraft.server.MinecraftServer/]: Bhota left the game
[15Aug2026 16:34:02.514] [Render thread/INFO] [net.minecraft.client.gui.NewChatGui/]: [CHAT] Bhota left the game
