[15Aug2026 14:33:59.445] [main/INFO] [cpw.mods.modlauncher.Launcher/MODLAUNCHER]: ModLauncher running: args [--gameDir, ., --launchTarget, fmluserdevclient, --fml.mcpVersion, 20210115.111550, --fml.mcVersion, 1.16.5, --fml.forgeGroup, net.minecraftforge, --fml.forgeVersion, 36.2.42, --assetIndex, 1.16, --assetsDir, C:\Users\ch\.gradle\caches\forge_gradle\assets, --version, MOD_DEV, --username, Dev, --accessToken, ????????, --userProperties, {}]
[15Aug2026 14:33:59.457] [main/INFO] [cpw.mods.modlauncher.Launcher/MODLAUNCHER]: ModLauncher 8.1.3+8.1.3+main-8.1.x.c94d18ec starting: java version 1.8.0_502 by Temurin
[15Aug2026 14:34:00.915] [main/INFO] [net.minecraftforge.fml.loading.FixSSL/CORE]: Added Lets Encrypt root certificates as additional trust
[15Aug2026 14:34:01.235] [main/INFO] [mixin/]: SpongePowered MIXIN Subsystem Version=0.8.4 Source=file:/C:/Users/ch/.gradle/caches/modules-2/files-2.1/org.spongepowered/mixin/0.8.4/4ec7d77d9ab32596ca0b78bb123956734767e3a/mixin-0.8.4.jar Service=ModLauncher Env=CLIENT
[15Aug2026 14:34:08.666] [main/INFO] [cpw.mods.modlauncher.LaunchServiceHandler/MODLAUNCHER]: Launching target 'fmluserdevclient' with arguments [--version, MOD_DEV, --gameDir, ., --assetsDir, C:\Users\ch\.gradle\caches\forge_gradle\assets, --assetIndex, 1.16, --username, Dev, --accessToken, ????????, --userProperties, {}]
[15Aug2026 14:34:25.299] [Render thread/INFO] [com.mojang.authlib.yggdrasil.YggdrasilAuthenticationService/]: Environment: authHost='https://authserver.mojang.com', accountsHost='https://api.mojang.com', sessionHost='https://sessionserver.mojang.com', servicesHost='https://api.minecraftservices.com', name='PROD'
[15Aug2026 14:34:26.101] [Render thread/INFO] [net.minecraft.client.Minecraft/]: Setting user: Dev
[15Aug2026 14:34:26.728] [Render thread/INFO] [net.minecraft.client.Minecraft/]: Backend library: LWJGL version 3.2.2 build 10
[15Aug2026 14:34:31.105] [modloading-worker-1/INFO] [net.minecraftforge.common.ForgeMod/FORGEMOD]: Forge mod loading, version 36.2.42, for MC 1.16.5 with MCP 20210115.111550
[15Aug2026 14:34:31.349] [modloading-worker-1/INFO] [net.minecraftforge.common.MinecraftForge/FORGE]: MinecraftForge v36.2.42 Initialized
[15Aug2026 14:34:36.710] [Render thread/INFO] [com.mojang.text2speech.NarratorWindows/]: Narrator library for x64 successfully loaded
[15Aug2026 14:34:36.979] [Render thread/INFO] [net.minecraft.resources.SimpleReloadableResourceManager/]: Reloading ResourceManager: Default, Mod Resources
[15Aug2026 14:34:37.172] [Forge Version Check/INFO] [net.minecraftforge.fml.VersionChecker/]: [forge] Starting version check at https://files.minecraftforge.net/net/minecraftforge/forge/promotions_slim.json
[15Aug2026 14:34:38.547] [Forge Version Check/INFO] [net.minecraftforge.fml.VersionChecker/]: [forge] Found status: AHEAD Current: 36.2.42 Target: null
[15Aug2026 14:35:00.253] [Render thread/INFO] [net.minecraft.client.audio.SoundSystem/]: OpenAL initialized.
[15Aug2026 14:35:00.255] [Render thread/INFO] [net.minecraft.client.audio.SoundEngine/SOUNDS]: Sound engine started
[15Aug2026 14:35:00.835] [Render thread/INFO] [net.minecraft.client.renderer.texture.AtlasTexture/]: Created: 1024x512x4 minecraft:textures/atlas/blocks.png-atlas
[15Aug2026 14:35:00.950] [Render thread/INFO] [net.minecraft.client.renderer.texture.AtlasTexture/]: Created: 256x128x4 minecraft:textures/atlas/signs.png-atlas
[15Aug2026 14:35:00.950] [Render thread/INFO] [net.minecraft.client.renderer.texture.AtlasTexture/]: Created: 512x512x4 minecraft:textures/atlas/banner_patterns.png-atlas
[15Aug2026 14:35:00.953] [Render thread/INFO] [net.minecraft.client.renderer.texture.AtlasTexture/]: Created: 512x512x4 minecraft:textures/atlas/shield_patterns.png-atlas
[15Aug2026 14:35:00.954] [Render thread/INFO] [net.minecraft.client.renderer.texture.AtlasTexture/]: Created: 256x256x4 minecraft:textures/atlas/chest.png-atlas
[15Aug2026 14:35:00.955] [Render thread/INFO] [net.minecraft.client.renderer.texture.AtlasTexture/]: Created: 512x256x4 minecraft:textures/atlas/beds.png-atlas
[15Aug2026 14:35:00.956] [Render thread/INFO] [net.minecraft.client.renderer.texture.AtlasTexture/]: Created: 512x256x4 minecraft:textures/atlas/shulker_boxes.png-atlas
[15Aug2026 14:35:02.528] [Render thread/INFO] [net.minecraft.client.renderer.texture.AtlasTexture/]: Created: 256x256x0 minecraft:textures/atlas/particles.png-atlas
[15Aug2026 14:35:02.532] [Render thread/INFO] [net.minecraft.client.renderer.texture.AtlasTexture/]: Created: 256x256x0 minecraft:textures/atlas/paintings.png-atlas
[15Aug2026 14:35:02.533] [Render thread/INFO] [net.minecraft.client.renderer.texture.AtlasTexture/]: Created: 128x128x0 minecraft:textures/atlas/mob_effects.png-atlas
[15Aug2026 14:35:03.204] [Realms Notification Availability checker #1/INFO] [com.mojang.realmsclient.client.RealmsClient/]: Could not authorize you against Realms server: java.lang.RuntimeException: Failed to parse into SignedJWT: DONT_CRASH
[15Aug2026 14:35:42.163] [Render thread/WARN] [net.minecraft.command.Commands/]: Ambiguity between arguments [teleport, destination] and [teleport, targets] with inputs: [Player, 0123, @e, dd12be42-52a9-4a91-a8a1-11c01849e498]
[15Aug2026 14:35:42.165] [Render thread/WARN] [net.minecraft.command.Commands/]: Ambiguity between arguments [teleport, location] and [teleport, destination] with inputs: [0.1 -0.5 .9, 0 0 0]
[15Aug2026 14:35:42.166] [Render thread/WARN] [net.minecraft.command.Commands/]: Ambiguity between arguments [teleport, location] and [teleport, targets] with inputs: [0.1 -0.5 .9, 0 0 0]
[15Aug2026 14:35:42.167] [Render thread/WARN] [net.minecraft.command.Commands/]: Ambiguity between arguments [teleport, targets] and [teleport, destination] with inputs: [Player, 0123, dd12be42-52a9-4a91-a8a1-11c01849e498]
[15Aug2026 14:35:42.169] [Render thread/WARN] [net.minecraft.command.Commands/]: Ambiguity between arguments [teleport, targets, location] and [teleport, targets, destination] with inputs: [0.1 -0.5 .9, 0 0 0]
[15Aug2026 14:35:42.176] [Render thread/INFO] [net.minecraft.resources.SimpleReloadableResourceManager/]: Reloading ResourceManager: Default, forge-1.16.5-36.2.42_mapped_official_1.16.5.jar, main
[15Aug2026 14:35:47.578] [Render thread/INFO] [net.minecraft.item.crafting.RecipeManager/]: Loaded 7 recipes
[15Aug2026 14:35:49.629] [Render thread/INFO] [net.minecraft.advancements.AdvancementList/]: Loaded 927 advancements
[15Aug2026 14:35:49.838] [Render thread/INFO] [net.minecraftforge.registries.GameData/REGISTRIES]: Injecting existing registry data into this CLIENT instance
[15Aug2026 14:35:51.508] [Render thread/WARN] [net.minecraft.command.Commands/]: Ambiguity between arguments [teleport, destination] and [teleport, targets] with inputs: [Player, 0123, @e, dd12be42-52a9-4a91-a8a1-11c01849e498]
[15Aug2026 14:35:51.509] [Render thread/WARN] [net.minecraft.command.Commands/]: Ambiguity between arguments [teleport, location] and [teleport, destination] with inputs: [0.1 -0.5 .9, 0 0 0]
[15Aug2026 14:35:51.510] [Render thread/WARN] [net.minecraft.command.Commands/]: Ambiguity between arguments [teleport, location] and [teleport, targets] with inputs: [0.1 -0.5 .9, 0 0 0]
[15Aug2026 14:35:51.512] [Render thread/WARN] [net.minecraft.command.Commands/]: Ambiguity between arguments [teleport, targets] and [teleport, destination] with inputs: [Player, 0123, dd12be42-52a9-4a91-a8a1-11c01849e498]
[15Aug2026 14:35:51.514] [Render thread/WARN] [net.minecraft.command.Commands/]: Ambiguity between arguments [teleport, targets, location] and [teleport, targets, destination] with inputs: [0.1 -0.5 .9, 0 0 0]
[15Aug2026 14:35:51.514] [Render thread/INFO] [net.minecraft.resources.SimpleReloadableResourceManager/]: Reloading ResourceManager: Default, forge-1.16.5-36.2.42_mapped_official_1.16.5.jar, main
[15Aug2026 14:35:56.382] [Render thread/INFO] [net.minecraft.item.crafting.RecipeManager/]: Loaded 7 recipes
[15Aug2026 14:35:58.713] [Render thread/INFO] [net.minecraft.advancements.AdvancementList/]: Loaded 927 advancements
[15Aug2026 14:35:58.855] [Render thread/INFO] [net.minecraftforge.registries.GameData/REGISTRIES]: Injecting existing registry data into this CLIENT instance
[15Aug2026 14:36:00.967] [Render thread/INFO] [com.mojang.authlib.yggdrasil.YggdrasilAuthenticationService/]: Environment: authHost='https://authserver.mojang.com', accountsHost='https://api.mojang.com', sessionHost='https://sessionserver.mojang.com', servicesHost='https://api.minecraftservices.com', name='PROD'
[15Aug2026 14:36:01.043] [Server thread/INFO] [net.minecraft.server.integrated.IntegratedServer/]: Starting integrated minecraft server version 1.16.5
[15Aug2026 14:36:01.044] [Server thread/INFO] [net.minecraft.server.MinecraftServer/]: Generating keypair
[15Aug2026 14:36:01.853] [Server thread/INFO] [net.minecraft.server.MinecraftServer/]: Preparing start region for dimension minecraft:overworld
[15Aug2026 14:36:05.404] [Render thread/INFO] [net.minecraft.world.chunk.listener.LoggingChunkStatusListener/]: Preparing spawn area: 0%
[15Aug2026 14:36:05.418] [Render thread/INFO] [net.minecraft.world.chunk.listener.LoggingChunkStatusListener/]: Preparing spawn area: 0%
[15Aug2026 14:36:05.418] [Render thread/INFO] [net.minecraft.world.chunk.listener.LoggingChunkStatusListener/]: Preparing spawn area: 0%
[15Aug2026 14:36:05.419] [Render thread/INFO] [net.minecraft.world.chunk.listener.LoggingChunkStatusListener/]: Preparing spawn area: 0%
[15Aug2026 14:36:05.419] [Render thread/INFO] [net.minecraft.world.chunk.listener.LoggingChunkStatusListener/]: Preparing spawn area: 0%
[15Aug2026 14:36:05.419] [Render thread/INFO] [net.minecraft.world.chunk.listener.LoggingChunkStatusListener/]: Preparing spawn area: 0%
[15Aug2026 14:36:05.419] [Render thread/INFO] [net.minecraft.world.chunk.listener.LoggingChunkStatusListener/]: Preparing spawn area: 0%
[15Aug2026 14:36:05.595] [Render thread/INFO] [net.minecraft.world.chunk.listener.LoggingChunkStatusListener/]: Preparing spawn area: 0%
[15Aug2026 14:36:06.039] [Render thread/INFO] [net.minecraft.world.chunk.listener.LoggingChunkStatusListener/]: Preparing spawn area: 0%
[15Aug2026 14:36:07.432] [Render thread/INFO] [net.minecraft.world.chunk.listener.LoggingChunkStatusListener/]: Preparing spawn area: 91%
[15Aug2026 14:36:07.432] [Render thread/INFO] [net.minecraft.world.chunk.listener.LoggingChunkStatusListener/]: Preparing spawn area: 91%
[15Aug2026 14:36:07.622] [Render thread/INFO] [net.minecraft.world.chunk.listener.LoggingChunkStatusListener/]: Preparing spawn area: 91%
[15Aug2026 14:36:08.206] [Render thread/INFO] [net.minecraft.world.chunk.listener.LoggingChunkStatusListener/]: Preparing spawn area: 91%
[15Aug2026 14:36:09.524] [Render thread/INFO] [net.minecraft.world.chunk.listener.LoggingChunkStatusListener/]: Preparing spawn area: 91%
[15Aug2026 14:36:09.524] [Render thread/INFO] [net.minecraft.world.chunk.listener.LoggingChunkStatusListener/]: Preparing spawn area: 91%
[15Aug2026 14:36:10.068] [Render thread/INFO] [net.minecraft.world.chunk.listener.LoggingChunkStatusListener/]: Preparing spawn area: 94%
[15Aug2026 14:36:10.068] [Render thread/INFO] [net.minecraft.world.chunk.listener.LoggingChunkStatusListener/]: Preparing spawn area: 94%
[15Aug2026 14:36:10.811] [Render thread/INFO] [net.minecraft.world.chunk.listener.LoggingChunkStatusListener/]: Preparing spawn area: 94%
[15Aug2026 14:36:11.476] [Render thread/INFO] [net.minecraft.world.chunk.listener.LoggingChunkStatusListener/]: Time elapsed: 9439 ms
[15Aug2026 14:36:12.471] [Server thread/INFO] [net.minecraft.server.integrated.IntegratedServer/]: Changing view distance to 2, from 10
[15Aug2026 14:36:14.126] [Server thread/WARN] [net.minecraft.server.MinecraftServer/]: Can't keep up! Is the server overloaded? Running 2037ms or 40 ticks behind
[15Aug2026 14:36:18.704] [Netty Local Client IO #0/INFO] [net.minecraftforge.fml.network.NetworkHooks/]: Connected to a modded server.
[15Aug2026 14:36:19.050] [Server thread/INFO] [net.minecraftforge.common.AdvancementLoadFix/]: Using new advancement loading for net.minecraft.advancements.PlayerAdvancements@7477d2df
[15Aug2026 14:36:19.127] [Server thread/INFO] [net.minecraft.server.management.PlayerList/]: Dev[local:E:122dd1b7] logged in with entity id 98 at (-52.61388801781126, 4.0, -54.12300521063564)
[15Aug2026 14:36:19.448] [Server thread/INFO] [net.minecraft.server.MinecraftServer/]: Dev joined the game
[15Aug2026 14:36:20.366] [Server thread/INFO] [net.minecraft.server.integrated.IntegratedServer/]: Saving and pausing game...
[15Aug2026 14:36:20.471] [Server thread/INFO] [net.minecraft.server.MinecraftServer/]: Saving chunks for level 'ServerLevel[New World]'/minecraft:overworld
[15Aug2026 14:36:21.025] [Render thread/INFO] [net.minecraft.advancements.AdvancementList/]: Loaded 0 advancements
[15Aug2026 14:36:21.619] [Server thread/INFO] [net.minecraft.server.MinecraftServer/]: Saving chunks for level 'ServerLevel[New World]'/minecraft:the_nether
[15Aug2026 14:36:21.780] [Server thread/INFO] [net.minecraft.server.MinecraftServer/]: Saving chunks for level 'ServerLevel[New World]'/minecraft:the_end
[15Aug2026 14:39:14.769] [Render thread/INFO] [net.minecraft.client.Minecraft/]: Stopping!
[15Aug2026 14:39:14.918] [Server thread/INFO] [net.minecraft.network.play.ServerPlayNetHandler/]: Dev lost connection: Disconnected
[15Aug2026 14:39:14.918] [Server thread/INFO] [net.minecraft.server.MinecraftServer/]: Dev left the game
[15Aug2026 14:39:14.936] [Server thread/INFO] [net.minecraft.network.play.ServerPlayNetHandler/]: Stopping singleplayer server as player logged out
[15Aug2026 14:39:15.026] [Server thread/INFO] [net.minecraft.server.MinecraftServer/]: Stopping server
[15Aug2026 14:39:15.026] [Server thread/INFO] [net.minecraft.server.MinecraftServer/]: Saving players
[15Aug2026 14:39:15.026] [Server thread/INFO] [net.minecraft.server.MinecraftServer/]: Saving worlds
[15Aug2026 14:39:15.026] [Server thread/INFO] [net.minecraft.server.MinecraftServer/]: Saving chunks for level 'ServerLevel[New World]'/minecraft:overworld
[15Aug2026 14:39:15.505] [Server thread/INFO] [net.minecraft.world.server.ChunkManager/]: ThreadedAnvilChunkStorage (New World): All chunks are saved
[15Aug2026 14:39:15.505] [Server thread/INFO] [net.minecraft.server.MinecraftServer/]: Saving chunks for level 'ServerLevel[New World]'/minecraft:the_nether
[15Aug2026 14:39:15.506] [Server thread/INFO] [net.minecraft.world.server.ChunkManager/]: ThreadedAnvilChunkStorage (DIM-1): All chunks are saved
[15Aug2026 14:39:15.507] [Server thread/INFO] [net.minecraft.server.MinecraftServer/]: Saving chunks for level 'ServerLevel[New World]'/minecraft:the_end
[15Aug2026 14:39:15.509] [Server thread/INFO] [net.minecraft.world.server.ChunkManager/]: ThreadedAnvilChunkStorage (DIM1): All chunks are saved
[15Aug2026 14:39:15.550] [Server thread/INFO] [net.minecraft.world.server.ChunkManager/]: ThreadedAnvilChunkStorage (New World): All chunks are saved
[15Aug2026 14:39:15.628] [Server thread/INFO] [net.minecraft.world.server.ChunkManager/]: ThreadedAnvilChunkStorage (DIM-1): All chunks are saved
[15Aug2026 14:39:15.628] [Server thread/INFO] [net.minecraft.world.server.ChunkManager/]: ThreadedAnvilChunkStorage (DIM1): All chunks are saved
[15Aug2026 15:39:12.264] [main/INFO] [cpw.mods.modlauncher.Launcher/MODLAUNCHER]: ModLauncher running: args [--gameDir, ., --launchTarget, fmluserdevclient, --fml.mcpVersion, 20210115.111550, --fml.mcVersion, 1.16.5, --fml.forgeGroup, net.minecraftforge, --fml.forgeVersion, 36.2.42, --assetIndex, 1.16, --assetsDir, C:\Users\ch\.gradle\caches\forge_gradle\assets, --version, MOD_DEV, --username, Dev, --accessToken, ????????, --userProperties, {}]
[15Aug2026 15:39:12.276] [main/INFO] [cpw.mods.modlauncher.Launcher/MODLAUNCHER]: ModLauncher 8.1.3+8.1.3+main-8.1.x.c94d18ec starting: java version 1.8.0_502 by Temurin
[15Aug2026 15:39:13.013] [main/INFO] [net.minecraftforge.fml.loading.FixSSL/CORE]: Added Lets Encrypt root certificates as additional trust
[15Aug2026 15:39:13.135] [main/INFO] [mixin/]: SpongePowered MIXIN Subsystem Version=0.8.4 Source=file:/C:/Users/ch/.gradle/caches/modules-2/files-2.1/org.spongepowered/mixin/0.8.4/4ec7d77d9ab32596ca0b78bb123956734767e3a/mixin-0.8.4.jar Service=ModLauncher Env=CLIENT
[15Aug2026 15:39:17.353] [main/INFO] [cpw.mods.modlauncher.LaunchServiceHandler/MODLAUNCHER]: Launching target 'fmluserdevclient' with arguments [--version, MOD_DEV, --gameDir, ., --assetsDir, C:\Users\ch\.gradle\caches\forge_gradle\assets, --assetIndex, 1.16, --username, Dev, --accessToken, ????????, --userProperties, {}]
[15Aug2026 15:39:34.233] [Render thread/INFO] [com.mojang.authlib.yggdrasil.YggdrasilAuthenticationService/]: Environment: authHost='https://authserver.mojang.com', accountsHost='https://api.mojang.com', sessionHost='https://sessionserver.mojang.com', servicesHost='https://api.minecraftservices.com', name='PROD'
[15Aug2026 15:39:35.608] [Render thread/INFO] [net.minecraft.client.Minecraft/]: Setting user: Dev
[15Aug2026 15:39:36.242] [Render thread/INFO] [net.minecraft.client.Minecraft/]: Backend library: LWJGL version 3.2.2 build 10
[15Aug2026 15:39:39.436] [modloading-worker-1/INFO] [net.minecraftforge.common.ForgeMod/FORGEMOD]: Forge mod loading, version 36.2.42, for MC 1.16.5 with MCP 20210115.111550
[15Aug2026 15:39:39.973] [modloading-worker-1/INFO] [net.minecraftforge.common.MinecraftForge/FORGE]: MinecraftForge v36.2.42 Initialized
[15Aug2026 15:39:45.500] [Render thread/INFO] [com.mojang.text2speech.NarratorWindows/]: Narrator library for x64 successfully loaded
[15Aug2026 15:39:45.804] [Render thread/INFO] [net.minecraft.resources.SimpleReloadableResourceManager/]: Reloading ResourceManager: Default, Mod Resources
[15Aug2026 15:39:46.206] [Forge Version Check/INFO] [net.minecraftforge.fml.VersionChecker/]: [forge] Starting version check at https://files.minecraftforge.net/net/minecraftforge/forge/promotions_slim.json
[15Aug2026 15:39:48.129] [Forge Version Check/INFO] [net.minecraftforge.fml.VersionChecker/]: [forge] Found status: AHEAD Current: 36.2.42 Target: null
[15Aug2026 15:40:09.619] [Render thread/INFO] [net.minecraft.client.audio.SoundSystem/]: OpenAL initialized.
[15Aug2026 15:40:09.621] [Render thread/INFO] [net.minecraft.client.audio.SoundEngine/SOUNDS]: Sound engine started
[15Aug2026 15:40:10.280] [Render thread/INFO] [net.minecraft.client.renderer.texture.AtlasTexture/]: Created: 1024x512x4 minecraft:textures/atlas/blocks.png-atlas
[15Aug2026 15:40:10.359] [Render thread/INFO] [net.minecraft.client.renderer.texture.AtlasTexture/]: Created: 256x128x4 minecraft:textures/atlas/signs.png-atlas
[15Aug2026 15:40:10.361] [Render thread/INFO] [net.minecraft.client.renderer.texture.AtlasTexture/]: Created: 512x512x4 minecraft:textures/atlas/banner_patterns.png-atlas
[15Aug2026 15:40:10.363] [Render thread/INFO] [net.minecraft.client.renderer.texture.AtlasTexture/]: Created: 512x512x4 minecraft:textures/atlas/shield_patterns.png-atlas
[15Aug2026 15:40:10.367] [Render thread/INFO] [net.minecraft.client.renderer.texture.AtlasTexture/]: Created: 256x256x4 minecraft:textures/atlas/chest.png-atlas
[15Aug2026 15:40:10.367] [Render thread/INFO] [net.minecraft.client.renderer.texture.AtlasTexture/]: Created: 512x256x4 minecraft:textures/atlas/beds.png-atlas
[15Aug2026 15:40:10.368] [Render thread/INFO] [net.minecraft.client.renderer.texture.AtlasTexture/]: Created: 512x256x4 minecraft:textures/atlas/shulker_boxes.png-atlas
[15Aug2026 15:40:16.345] [Render thread/INFO] [net.minecraft.client.renderer.texture.AtlasTexture/]: Created: 256x256x0 minecraft:textures/atlas/particles.png-atlas
[15Aug2026 15:40:16.348] [Render thread/INFO] [net.minecraft.client.renderer.texture.AtlasTexture/]: Created: 256x256x0 minecraft:textures/atlas/paintings.png-atlas
[15Aug2026 15:40:16.349] [Render thread/INFO] [net.minecraft.client.renderer.texture.AtlasTexture/]: Created: 128x128x0 minecraft:textures/atlas/mob_effects.png-atlas
[15Aug2026 15:40:17.850] [Realms Notification Availability checker #1/INFO] [com.mojang.realmsclient.client.RealmsClient/]: Could not authorize you against Realms server: java.lang.RuntimeException: Failed to parse into SignedJWT: DONT_CRASH
[15Aug2026 15:44:32.587] [Render thread/WARN] [net.minecraft.command.Commands/]: Ambiguity between arguments [teleport, destination] and [teleport, targets] with inputs: [Player, 0123, @e, dd12be42-52a9-4a91-a8a1-11c01849e498]
[15Aug2026 15:44:32.589] [Render thread/WARN] [net.minecraft.command.Commands/]: Ambiguity between arguments [teleport, location] and [teleport, destination] with inputs: [0.1 -0.5 .9, 0 0 0]
[15Aug2026 15:44:32.590] [Render thread/WARN] [net.minecraft.command.Commands/]: Ambiguity between arguments [teleport, location] and [teleport, targets] with inputs: [0.1 -0.5 .9, 0 0 0]
[15Aug2026 15:44:32.592] [Render thread/WARN] [net.minecraft.command.Commands/]: Ambiguity between arguments [teleport, targets] and [teleport, destination] with inputs: [Player, 0123, dd12be42-52a9-4a91-a8a1-11c01849e498]
[15Aug2026 15:44:32.593] [Render thread/WARN] [net.minecraft.command.Commands/]: Ambiguity between arguments [teleport, targets, location] and [teleport, targets, destination] with inputs: [0.1 -0.5 .9, 0 0 0]
[15Aug2026 15:44:32.600] [Render thread/INFO] [net.minecraft.resources.SimpleReloadableResourceManager/]: Reloading ResourceManager: Default, forge-1.16.5-36.2.42_mapped_official_1.16.5.jar, main
[15Aug2026 15:44:37.929] [Render thread/INFO] [net.minecraft.item.crafting.RecipeManager/]: Loaded 7 recipes
[15Aug2026 15:44:39.582] [Render thread/INFO] [net.minecraft.advancements.AdvancementList/]: Loaded 927 advancements
[15Aug2026 15:44:39.731] [Render thread/INFO] [net.minecraftforge.registries.GameData/REGISTRIES]: Injecting existing registry data into this CLIENT instance
[15Aug2026 15:44:40.989] [Render thread/WARN] [net.minecraft.command.Commands/]: Ambiguity between arguments [teleport, destination] and [teleport, targets] with inputs: [Player, 0123, @e, dd12be42-52a9-4a91-a8a1-11c01849e498]
[15Aug2026 15:44:40.991] [Render thread/WARN] [net.minecraft.command.Commands/]: Ambiguity between arguments [teleport, location] and [teleport, destination] with inputs: [0.1 -0.5 .9, 0 0 0]
[15Aug2026 15:44:40.993] [Render thread/WARN] [net.minecraft.command.Commands/]: Ambiguity between arguments [teleport, location] and [teleport, targets] with inputs: [0.1 -0.5 .9, 0 0 0]
[15Aug2026 15:44:40.995] [Render thread/WARN] [net.minecraft.command.Commands/]: Ambiguity between arguments [teleport, targets] and [teleport, destination] with inputs: [Player, 0123, dd12be42-52a9-4a91-a8a1-11c01849e498]
[15Aug2026 15:44:40.997] [Render thread/WARN] [net.minecraft.command.Commands/]: Ambiguity between arguments [teleport, targets, location] and [teleport, targets, destination] with inputs: [0.1 -0.5 .9, 0 0 0]
[15Aug2026 15:44:40.998] [Render thread/INFO] [net.minecraft.resources.SimpleReloadableResourceManager/]: Reloading ResourceManager: Default, forge-1.16.5-36.2.42_mapped_official_1.16.5.jar, main
[15Aug2026 15:44:44.550] [Render thread/INFO] [net.minecraft.item.crafting.RecipeManager/]: Loaded 7 recipes
[15Aug2026 15:44:45.848] [Render thread/INFO] [net.minecraft.advancements.AdvancementList/]: Loaded 927 advancements
[15Aug2026 15:44:45.912] [Render thread/INFO] [net.minecraftforge.registries.GameData/REGISTRIES]: Injecting existing registry data into this CLIENT instance
[15Aug2026 15:44:47.670] [Render thread/INFO] [com.mojang.authlib.yggdrasil.YggdrasilAuthenticationService/]: Environment: authHost='https://authserver.mojang.com', accountsHost='https://api.mojang.com', sessionHost='https://sessionserver.mojang.com', servicesHost='https://api.minecraftservices.com', name='PROD'
[15Aug2026 15:44:47.751] [Server thread/INFO] [net.minecraft.server.integrated.IntegratedServer/]: Starting integrated minecraft server version 1.16.5
[15Aug2026 15:44:47.751] [Server thread/INFO] [net.minecraft.server.MinecraftServer/]: Generating keypair
[15Aug2026 15:44:48.295] [Server thread/INFO] [net.minecraft.server.MinecraftServer/]: Preparing start region for dimension minecraft:overworld
[15Aug2026 15:44:50.395] [Render thread/INFO] [net.minecraft.world.chunk.listener.LoggingChunkStatusListener/]: Preparing spawn area: 0%
[15Aug2026 15:44:50.426] [Render thread/INFO] [net.minecraft.world.chunk.listener.LoggingChunkStatusListener/]: Preparing spawn area: 0%
[15Aug2026 15:44:50.426] [Render thread/INFO] [net.minecraft.world.chunk.listener.LoggingChunkStatusListener/]: Preparing spawn area: 0%
[15Aug2026 15:44:50.427] [Render thread/INFO] [net.minecraft.world.chunk.listener.LoggingChunkStatusListener/]: Preparing spawn area: 0%
[15Aug2026 15:44:50.621] [Render thread/INFO] [net.minecraft.world.chunk.listener.LoggingChunkStatusListener/]: Preparing spawn area: 0%
[15Aug2026 15:44:50.968] [Render thread/INFO] [net.minecraft.world.chunk.listener.LoggingChunkStatusListener/]: Preparing spawn area: 74%
[15Aug2026 15:44:51.519] [Render thread/INFO] [net.minecraft.world.chunk.listener.LoggingChunkStatusListener/]: Preparing spawn area: 83%
[15Aug2026 15:44:51.994] [Render thread/INFO] [net.minecraft.world.chunk.listener.LoggingChunkStatusListener/]: Preparing spawn area: 91%
[15Aug2026 15:44:52.653] [Render thread/INFO] [net.minecraft.world.chunk.listener.LoggingChunkStatusListener/]: Preparing spawn area: 91%
[15Aug2026 15:44:53.075] [Render thread/INFO] [net.minecraft.world.chunk.listener.LoggingChunkStatusListener/]: Preparing spawn area: 95%
[15Aug2026 15:44:54.006] [Render thread/INFO] [net.minecraft.world.chunk.listener.LoggingChunkStatusListener/]: Time elapsed: 5564 ms
[15Aug2026 15:44:54.569] [Server thread/INFO] [net.minecraft.server.integrated.IntegratedServer/]: Changing view distance to 2, from 10
[15Aug2026 15:44:57.895] [Netty Local Client IO #0/INFO] [net.minecraftforge.fml.network.NetworkHooks/]: Connected to a modded server.
[15Aug2026 15:44:58.098] [Server thread/INFO] [net.minecraftforge.common.AdvancementLoadFix/]: Using new advancement loading for net.minecraft.advancements.PlayerAdvancements@7aa66987
[15Aug2026 15:44:58.226] [Server thread/INFO] [net.minecraft.server.management.PlayerList/]: Dev[local:E:18a28c1c] logged in with entity id 98 at (-52.61388801781126, 4.0, -54.12300521063564)
[15Aug2026 15:44:58.315] [Server thread/INFO] [net.minecraft.server.MinecraftServer/]: Dev joined the game
[15Aug2026 15:44:58.984] [Server thread/INFO] [net.minecraft.server.integrated.IntegratedServer/]: Saving and pausing game...
[15Aug2026 15:44:59.042] [Server thread/INFO] [net.minecraft.server.MinecraftServer/]: Saving chunks for level 'ServerLevel[New World]'/minecraft:overworld
[15Aug2026 15:44:59.291] [Render thread/INFO] [net.minecraft.advancements.AdvancementList/]: Loaded 0 advancements
[15Aug2026 15:45:00.053] [Server thread/INFO] [net.minecraft.server.MinecraftServer/]: Saving chunks for level 'ServerLevel[New World]'/minecraft:the_nether
[15Aug2026 15:45:00.054] [Server thread/INFO] [net.minecraft.server.MinecraftServer/]: Saving chunks for level 'ServerLevel[New World]'/minecraft:the_end
[15Aug2026 15:45:00.097] [Server thread/WARN] [net.minecraft.server.MinecraftServer/]: Can't keep up! Is the server overloaded? Running 2059ms or 41 ticks behind
[15Aug2026 15:45:04.880] [Server thread/INFO] [net.minecraft.server.integrated.IntegratedServer/]: Saving and pausing game...
[15Aug2026 15:45:04.887] [Server thread/INFO] [net.minecraft.server.MinecraftServer/]: Saving chunks for level 'ServerLevel[New World]'/minecraft:overworld
[15Aug2026 15:45:04.940] [Server thread/INFO] [net.minecraft.server.MinecraftServer/]: Saving chunks for level 'ServerLevel[New World]'/minecraft:the_nether
[15Aug2026 15:45:04.940] [Server thread/INFO] [net.minecraft.server.MinecraftServer/]: Saving chunks for level 'ServerLevel[New World]'/minecraft:the_end
[15Aug2026 15:45:23.928] [Render thread/INFO] [net.minecraft.network.NetworkSystem/]: Using default channel type
[15Aug2026 15:45:23.944] [Render thread/INFO] [net.minecraft.server.integrated.IntegratedServer/]: Started serving on 54689
[15Aug2026 15:45:23.965] [Render thread/INFO] [net.minecraft.client.gui.NewChatGui/]: [CHAT] Local game hosted on port 54689
[15Aug2026 15:49:19.220] [User Authenticator #1/WARN] [net.minecraft.network.login.ServerLoginNetHandler/]: Authentication servers are down but will let them in anyway!
[15Aug2026 15:49:19.274] [Server thread/INFO] [net.minecraftforge.common.AdvancementLoadFix/]: Using new advancement loading for net.minecraft.advancements.PlayerAdvancements@5bc32d4a
[15Aug2026 15:49:19.284] [Server thread/INFO] [net.minecraft.server.management.PlayerList/]: Bhota[/192.168.29.156:54709] logged in with entity id 166 at (-41.5, 4.0, -40.5)
[15Aug2026 15:49:19.316] [Server thread/INFO] [net.minecraft.server.MinecraftServer/]: Bhota joined the game
[15Aug2026 15:49:19.478] [User Authenticator #2/WARN] [net.minecraft.network.login.ServerLoginNetHandler/]: Failed to verify username but will let them in anyway!
[15Aug2026 15:49:19.487] [Render thread/INFO] [net.minecraft.client.gui.NewChatGui/]: [CHAT] Bhota joined the game
[15Aug2026 15:49:19.656] [Server thread/INFO] [net.minecraft.network.play.ServerPlayNetHandler/]: Bhota lost connection: You logged in from another location
[15Aug2026 15:49:19.657] [Server thread/INFO] [net.minecraft.server.MinecraftServer/]: Bhota left the game
[15Aug2026 15:49:19.674] [Server thread/INFO] [net.minecraft.server.management.PlayerList/]: Bhota[/192.168.29.156:54710] logged in with entity id 168 at (-41.5, 4.0, -40.5)
[15Aug2026 15:49:19.697] [Server thread/INFO] [net.minecraft.server.MinecraftServer/]: Bhota joined the game
[15Aug2026 15:49:19.938] [Render thread/INFO] [net.minecraft.client.gui.NewChatGui/]: [CHAT] Bhota left the game
[15Aug2026 15:49:19.938] [Render thread/INFO] [net.minecraft.client.gui.NewChatGui/]: [CHAT] Bhota joined the game
[15Aug2026 15:49:21.274] [Server thread/INFO] [net.minecraft.server.MinecraftServer/]: <Bhota> Bot online. Mention me and tell me what you want, or use !help.
[15Aug2026 15:49:26.897] [User Authenticator #3/WARN] [net.minecraft.network.login.ServerLoginNetHandler/]: Failed to verify username but will let them in anyway!
[15Aug2026 15:49:27.003] [Server thread/INFO] [net.minecraft.network.play.ServerPlayNetHandler/]: Bhota lost connection: You logged in from another location
[15Aug2026 15:49:27.004] [Server thread/INFO] [net.minecraft.server.MinecraftServer/]: Bhota left the game
[15Aug2026 15:49:27.013] [Server thread/INFO] [net.minecraftforge.common.AdvancementLoadFix/]: Using new advancement loading for net.minecraft.advancements.PlayerAdvancements@4632b28a
[15Aug2026 15:49:27.023] [Server thread/WARN] [net.minecraft.network.NetworkManager/]: handleDisconnection() called twice
[15Aug2026 15:49:27.027] [Server thread/INFO] [net.minecraft.server.management.PlayerList/]: Bhota[/192.168.29.156:54715] logged in with entity id 170 at (-41.5, 4.0, -40.5)
[15Aug2026 15:49:27.044] [Server thread/INFO] [net.minecraft.server.MinecraftServer/]: Bhota joined the game
[15Aug2026 15:49:27.255] [Render thread/INFO] [net.minecraft.client.gui.NewChatGui/]: [CHAT] Bhota left the game
[15Aug2026 15:49:27.275] [Render thread/INFO] [net.minecraft.client.gui.NewChatGui/]: [CHAT] Bhota joined the game
[15Aug2026 15:49:27.645] [Server thread/INFO] [net.minecraft.server.MinecraftServer/]: <Bhota> Bot online. Mention me and tell me what you want, or use !help.
[15Aug2026 15:49:31.005] [Server thread/INFO] [net.minecraft.server.MinecraftServer/]: <Bhota> > retreatFrom(source="player_attack:Dev")
[15Aug2026 15:49:31.410] [Server thread/INFO] [net.minecraft.server.MinecraftServer/]: <Bhota> > endFlee()
[15Aug2026 15:49:32.935] [User Authenticator #4/WARN] [net.minecraft.network.login.ServerLoginNetHandler/]: Failed to verify username but will let them in anyway!
[15Aug2026 15:49:33.086] [Server thread/INFO] [net.minecraft.network.play.ServerPlayNetHandler/]: Bhota lost connection: You logged in from another location
[15Aug2026 15:49:33.086] [Server thread/INFO] [net.minecraft.server.MinecraftServer/]: Bhota left the game
[15Aug2026 15:49:33.130] [Server thread/INFO] [net.minecraft.server.management.PlayerList/]: Bhota[/192.168.29.156:54716] logged in with entity id 172 at (-37.41927519466488, 4.0, -49.5)
[15Aug2026 15:49:33.185] [Server thread/INFO] [net.minecraft.server.MinecraftServer/]: Bhota joined the game
[15Aug2026 15:49:33.356] [Render thread/INFO] [net.minecraft.client.gui.NewChatGui/]: [CHAT] Bhota left the game
[15Aug2026 15:49:33.357] [Render thread/INFO] [net.minecraft.client.gui.NewChatGui/]: [CHAT] Bhota joined the game
[15Aug2026 15:49:33.615] [Server thread/INFO] [net.minecraft.server.MinecraftServer/]: <Bhota> Bot online. Mention me and tell me what you want, or use !help.
[15Aug2026 15:49:36.667] [Server thread/INFO] [net.minecraft.server.MinecraftServer/]: <Bhota> > retreatFrom(source="player_attack:Dev")
[15Aug2026 15:49:36.924] [Server thread/INFO] [net.minecraft.server.MinecraftServer/]: <Bhota> > endFlee()
[15Aug2026 15:49:38.987] [User Authenticator #5/WARN] [net.minecraft.network.login.ServerLoginNetHandler/]: Failed to verify username but will let them in anyway!
[15Aug2026 15:49:39.052] [Server thread/INFO] [net.minecraft.network.play.ServerPlayNetHandler/]: Bhota lost connection: Disconnected
[15Aug2026 15:49:39.075] [Server thread/INFO] [net.minecraft.server.MinecraftServer/]: Bhota left the game
[15Aug2026 15:49:39.099] [Server thread/INFO] [net.minecraftforge.common.AdvancementLoadFix/]: Using new advancement loading for net.minecraft.advancements.PlayerAdvancements@66df0251
[15Aug2026 15:49:39.107] [Server thread/WARN] [net.minecraft.network.NetworkManager/]: handleDisconnection() called twice
[15Aug2026 15:49:39.109] [Server thread/INFO] [net.minecraft.server.management.PlayerList/]: Bhota[/192.168.29.156:54718] logged in with entity id 174 at (-33.46999488583079, 4.0, -58.5)
[15Aug2026 15:49:39.127] [Server thread/INFO] [net.minecraft.server.MinecraftServer/]: Bhota joined the game
[15Aug2026 15:49:39.256] [Render thread/INFO] [net.minecraft.client.gui.NewChatGui/]: [CHAT] Bhota left the game
[15Aug2026 15:49:39.257] [Render thread/INFO] [net.minecraft.client.gui.NewChatGui/]: [CHAT] Bhota joined the game
[15Aug2026 15:49:39.454] [Server thread/INFO] [net.minecraft.server.MinecraftServer/]: <Bhota> Bot online. Mention me and tell me what you want, or use !help.
[15Aug2026 15:49:44.699] [User Authenticator #6/WARN] [net.minecraft.network.login.ServerLoginNetHandler/]: Failed to verify username but will let them in anyway!
[15Aug2026 15:49:44.823] [Server thread/INFO] [net.minecraft.network.play.ServerPlayNetHandler/]: Bhota lost connection: You logged in from another location
[15Aug2026 15:49:44.823] [Server thread/INFO] [net.minecraft.server.MinecraftServer/]: Bhota left the game
[15Aug2026 15:49:44.846] [Server thread/INFO] [net.minecraftforge.common.AdvancementLoadFix/]: Using new advancement loading for net.minecraft.advancements.PlayerAdvancements@5604652a
[15Aug2026 15:49:44.854] [Server thread/WARN] [net.minecraft.network.NetworkManager/]: handleDisconnection() called twice
[15Aug2026 15:49:44.857] [Server thread/INFO] [net.minecraft.server.management.PlayerList/]: Bhota[/192.168.29.156:54719] logged in with entity id 176 at (-33.46999488583079, 4.0, -58.5)
[15Aug2026 15:49:44.894] [Server thread/INFO] [net.minecraft.server.MinecraftServer/]: Bhota joined the game
[15Aug2026 15:49:45.066] [Render thread/INFO] [net.minecraft.client.gui.NewChatGui/]: [CHAT] Bhota left the game
[15Aug2026 15:49:45.067] [Render thread/INFO] [net.minecraft.client.gui.NewChatGui/]: [CHAT] Bhota joined the game
[15Aug2026 15:49:45.328] [Server thread/INFO] [net.minecraft.server.MinecraftServer/]: <Bhota> Bot online. Mention me and tell me what you want, or use !help.
[15Aug2026 15:49:48.462] [Server thread/WARN] [net.minecraft.server.MinecraftServer/]: Can't keep up! Is the server overloaded? Running 2224ms or 44 ticks behind
[15Aug2026 15:49:50.525] [User Authenticator #7/WARN] [net.minecraft.network.login.ServerLoginNetHandler/]: Failed to verify username but will let them in anyway!
[15Aug2026 15:49:50.599] [Server thread/INFO] [net.minecraft.network.play.ServerPlayNetHandler/]: Bhota lost connection: You logged in from another location
[15Aug2026 15:49:50.599] [Server thread/INFO] [net.minecraft.server.MinecraftServer/]: Bhota left the game
[15Aug2026 15:49:50.631] [Server thread/INFO] [net.minecraftforge.common.AdvancementLoadFix/]: Using new advancement loading for net.minecraft.advancements.PlayerAdvancements@41fb6271
[15Aug2026 15:49:50.740] [Render thread/INFO] [net.minecraft.client.gui.NewChatGui/]: [CHAT] Bhota left the game
[15Aug2026 15:49:50.744] [Server thread/WARN] [net.minecraft.network.NetworkManager/]: handleDisconnection() called twice
[15Aug2026 15:49:50.747] [Server thread/INFO] [net.minecraft.server.management.PlayerList/]: Bhota[/192.168.29.156:54720] logged in with entity id 178 at (-33.46999488583079, 4.0, -58.5)
[15Aug2026 15:49:50.784] [Server thread/INFO] [net.minecraft.server.MinecraftServer/]: Bhota joined the game
[15Aug2026 15:49:50.945] [Render thread/INFO] [net.minecraft.client.gui.NewChatGui/]: [CHAT] Bhota joined the game
[15Aug2026 15:49:51.060] [Server thread/INFO] [net.minecraft.server.MinecraftServer/]: <Bhota> Bot online. Mention me and tell me what you want, or use !help.
[15Aug2026 15:49:55.110] [Server thread/INFO] [net.minecraft.server.MinecraftServer/]: <Bhota> > retreatFrom(source="player_attack:Dev")
[15Aug2026 15:49:55.523] [Server thread/INFO] [net.minecraft.server.MinecraftServer/]: <Bhota> > endFlee()
[15Aug2026 15:49:56.180] [User Authenticator #8/WARN] [net.minecraft.network.login.ServerLoginNetHandler/]: Failed to verify username but will let them in anyway!
[15Aug2026 15:49:56.335] [Server thread/INFO] [net.minecraft.network.play.ServerPlayNetHandler/]: Bhota lost connection: You logged in from another location
[15Aug2026 15:49:56.335] [Server thread/INFO] [net.minecraft.server.MinecraftServer/]: Bhota left the game
[15Aug2026 15:49:56.352] [Server thread/INFO] [net.minecraft.server.management.PlayerList/]: Bhota[/192.168.29.156:54721] logged in with entity id 180 at (-33.49907842168425, 4.0, -65.5338287311277)
[15Aug2026 15:49:56.380] [Server thread/INFO] [net.minecraft.server.MinecraftServer/]: Bhota joined the game
[15Aug2026 15:49:56.469] [Render thread/INFO] [net.minecraft.client.gui.NewChatGui/]: [CHAT] Bhota left the game
[15Aug2026 15:49:56.470] [Render thread/INFO] [net.minecraft.client.gui.NewChatGui/]: [CHAT] Bhota joined the game
[15Aug2026 15:49:56.605] [Server thread/INFO] [net.minecraft.server.MinecraftServer/]: <Bhota> Bot online. Mention me and tell me what you want, or use !help.
[15Aug2026 15:49:59.637] [Server thread/INFO] [net.minecraft.server.MinecraftServer/]: <Bhota> > retreatFrom(source="player_attack:Dev")
[15Aug2026 15:50:00.036] [Server thread/INFO] [net.minecraft.server.MinecraftServer/]: <Bhota> > endFlee()
[15Aug2026 15:50:02.316] [User Authenticator #9/WARN] [net.minecraft.network.login.ServerLoginNetHandler/]: Failed to verify username but will let them in anyway!
[15Aug2026 15:50:02.384] [Server thread/INFO] [net.minecraft.network.play.ServerPlayNetHandler/]: Bhota lost connection: You logged in from another location
[15Aug2026 15:50:02.385] [Server thread/INFO] [net.minecraft.server.MinecraftServer/]: Bhota left the game
[15Aug2026 15:50:02.421] [Server thread/INFO] [net.minecraftforge.common.AdvancementLoadFix/]: Using new advancement loading for net.minecraft.advancements.PlayerAdvancements@18f2f3c5
[15Aug2026 15:50:02.442] [Server thread/WARN] [net.minecraft.network.NetworkManager/]: handleDisconnection() called twice
[15Aug2026 15:50:02.444] [Server thread/INFO] [net.minecraft.server.management.PlayerList/]: Bhota[/192.168.29.156:54722] logged in with entity id 182 at (-29.438809123409964, 4.0, -76.38462433952624)
[15Aug2026 15:50:02.481] [Server thread/INFO] [net.minecraft.server.MinecraftServer/]: Bhota joined the game
[15Aug2026 15:50:02.652] [Render thread/INFO] [net.minecraft.client.gui.NewChatGui/]: [CHAT] Bhota left the game
[15Aug2026 15:50:02.653] [Render thread/INFO] [net.minecraft.client.gui.NewChatGui/]: [CHAT] Bhota joined the game
[15Aug2026 15:50:02.958] [Server thread/INFO] [net.minecraft.server.MinecraftServer/]: <Bhota> Bot online. Mention me and tell me what you want, or use !help.
[15Aug2026 15:50:08.022] [User Authenticator #10/WARN] [net.minecraft.network.login.ServerLoginNetHandler/]: Failed to verify username but will let them in anyway!
[15Aug2026 15:50:08.099] [Server thread/INFO] [net.minecraft.network.play.ServerPlayNetHandler/]: Bhota lost connection: Disconnected
[15Aug2026 15:50:08.099] [Server thread/INFO] [net.minecraft.server.MinecraftServer/]: Bhota left the game
[15Aug2026 15:50:08.107] [Server thread/INFO] [net.minecraftforge.common.AdvancementLoadFix/]: Using new advancement loading for net.minecraft.advancements.PlayerAdvancements@3350e6d9
[15Aug2026 15:50:08.163] [Render thread/INFO] [net.minecraft.client.gui.NewChatGui/]: [CHAT] Bhota left the game
[15Aug2026 15:50:08.169] [Server thread/WARN] [net.minecraft.network.NetworkManager/]: handleDisconnection() called twice
[15Aug2026 15:50:08.193] [Server thread/INFO] [net.minecraft.server.management.PlayerList/]: Bhota[/192.168.29.156:54724] logged in with entity id 184 at (-29.438809123409964, 4.0, -76.38462433952624)
[15Aug2026 15:50:08.226] [Server thread/INFO] [net.minecraft.server.MinecraftServer/]: Bhota joined the game
[15Aug2026 15:50:08.427] [Render thread/INFO] [net.minecraft.client.gui.NewChatGui/]: [CHAT] Bhota joined the game
[15Aug2026 15:50:08.582] [Server thread/INFO] [net.minecraft.server.MinecraftServer/]: <Bhota> Bot online. Mention me and tell me what you want, or use !help.
[15Aug2026 15:50:13.984] [User Authenticator #11/WARN] [net.minecraft.network.login.ServerLoginNetHandler/]: Failed to verify username but will let them in anyway!
[15Aug2026 15:50:14.104] [Server thread/INFO] [net.minecraft.network.play.ServerPlayNetHandler/]: Bhota lost connection: You logged in from another location
[15Aug2026 15:50:14.106] [Server thread/INFO] [net.minecraft.server.MinecraftServer/]: Bhota left the game
[15Aug2026 15:50:14.148] [Server thread/INFO] [net.minecraft.server.management.PlayerList/]: Bhota[/192.168.29.156:54725] logged in with entity id 186 at (-29.438809123409964, 4.0, -76.38462433952624)
[15Aug2026 15:50:14.158] [Server thread/INFO] [net.minecraft.server.MinecraftServer/]: Bhota joined the game
[15Aug2026 15:50:14.324] [Render thread/INFO] [net.minecraft.client.gui.NewChatGui/]: [CHAT] Bhota left the game
[15Aug2026 15:50:14.325] [Render thread/INFO] [net.minecraft.client.gui.NewChatGui/]: [CHAT] Bhota joined the game
[15Aug2026 15:50:14.435] [Server thread/INFO] [net.minecraft.server.MinecraftServer/]: <Bhota> Bot online. Mention me and tell me what you want, or use !help.
[15Aug2026 15:50:19.684] [User Authenticator #12/WARN] [net.minecraft.network.login.ServerLoginNetHandler/]: Failed to verify username but will let them in anyway!
[15Aug2026 15:50:19.781] [Server thread/INFO] [net.minecraft.network.play.ServerPlayNetHandler/]: Bhota lost connection: You logged in from another location
[15Aug2026 15:50:19.781] [Server thread/INFO] [net.minecraft.server.MinecraftServer/]: Bhota left the game
[15Aug2026 15:50:19.789] [Server thread/INFO] [net.minecraftforge.common.AdvancementLoadFix/]: Using new advancement loading for net.minecraft.advancements.PlayerAdvancements@647dd43f
[15Aug2026 15:50:19.794] [Server thread/WARN] [net.minecraft.network.NetworkManager/]: handleDisconnection() called twice
[15Aug2026 15:50:19.796] [Server thread/INFO] [net.minecraft.server.management.PlayerList/]: Bhota[/192.168.29.156:54726] logged in with entity id 192 at (-29.438809123409964, 4.0, -76.38462433952624)
[15Aug2026 15:50:19.811] [Server thread/INFO] [net.minecraft.server.MinecraftServer/]: Bhota joined the game
[15Aug2026 15:50:20.057] [Render thread/INFO] [net.minecraft.client.gui.NewChatGui/]: [CHAT] Bhota left the game
[15Aug2026 15:50:20.058] [Render thread/INFO] [net.minecraft.client.gui.NewChatGui/]: [CHAT] Bhota joined the game
[15Aug2026 15:50:20.263] [Server thread/INFO] [net.minecraft.server.MinecraftServer/]: <Bhota> Bot online. Mention me and tell me what you want, or use !help.
[15Aug2026 15:50:25.370] [User Authenticator #13/WARN] [net.minecraft.network.login.ServerLoginNetHandler/]: Failed to verify username but will let them in anyway!
[15Aug2026 15:50:25.515] [Server thread/INFO] [net.minecraft.network.play.ServerPlayNetHandler/]: Bhota lost connection: You logged in from another location
[15Aug2026 15:50:25.516] [Server thread/INFO] [net.minecraft.server.MinecraftServer/]: Bhota left the game
[15Aug2026 15:50:25.527] [Server thread/INFO] [net.minecraftforge.common.AdvancementLoadFix/]: Using new advancement loading for net.minecraft.advancements.PlayerAdvancements@54f49208
[15Aug2026 15:50:25.535] [Server thread/WARN] [net.minecraft.network.NetworkManager/]: handleDisconnection() called twice
[15Aug2026 15:50:25.546] [Server thread/INFO] [net.minecraft.server.management.PlayerList/]: Bhota[/192.168.29.156:54727] logged in with entity id 197 at (-29.438809123409964, 4.0, -76.38462433952624)
[15Aug2026 15:50:25.551] [Server thread/INFO] [net.minecraft.server.MinecraftServer/]: Bhota joined the game
[15Aug2026 15:50:25.760] [Render thread/INFO] [net.minecraft.client.gui.NewChatGui/]: [CHAT] Bhota left the game
[15Aug2026 15:50:25.760] [Render thread/INFO] [net.minecraft.client.gui.NewChatGui/]: [CHAT] Bhota joined the game
[15Aug2026 15:50:26.082] [Server thread/INFO] [net.minecraft.server.MinecraftServer/]: <Bhota> Bot online. Mention me and tell me what you want, or use !help.
[15Aug2026 15:50:31.125] [User Authenticator #14/WARN] [net.minecraft.network.login.ServerLoginNetHandler/]: Failed to verify username but will let them in anyway!
[15Aug2026 15:50:31.153] [Server thread/INFO] [net.minecraft.network.play.ServerPlayNetHandler/]: Bhota lost connection: You logged in from another location
[15Aug2026 15:50:31.153] [Server thread/INFO] [net.minecraft.server.MinecraftServer/]: Bhota left the game
[15Aug2026 15:50:31.189] [Server thread/INFO] [net.minecraftforge.common.AdvancementLoadFix/]: Using new advancement loading for net.minecraft.advancements.PlayerAdvancements@39d9ad22
[15Aug2026 15:50:31.200] [Server thread/WARN] [net.minecraft.network.NetworkManager/]: handleDisconnection() called twice
[15Aug2026 15:50:31.202] [Server thread/INFO] [net.minecraft.server.management.PlayerList/]: Bhota[/192.168.29.156:54728] logged in with entity id 275 at (-29.438809123409964, 4.0, -76.38462433952624)
[15Aug2026 15:50:31.207] [Server thread/INFO] [net.minecraft.server.MinecraftServer/]: Bhota joined the game
[15Aug2026 15:50:31.506] [Render thread/INFO] [net.minecraft.client.gui.NewChatGui/]: [CHAT] Bhota left the game
[15Aug2026 15:50:31.507] [Render thread/INFO] [net.minecraft.client.gui.NewChatGui/]: [CHAT] Bhota joined the game
[15Aug2026 15:50:31.763] [Server thread/INFO] [net.minecraft.server.MinecraftServer/]: <Bhota> Bot online. Mention me and tell me what you want, or use !help.
[15Aug2026 15:50:36.529] [User Authenticator #15/WARN] [net.minecraft.network.login.ServerLoginNetHandler/]: Failed to verify username but will let them in anyway!
[15Aug2026 15:50:36.679] [Server thread/INFO] [net.minecraft.network.play.ServerPlayNetHandler/]: Bhota lost connection: You logged in from another location
[15Aug2026 15:50:36.679] [Server thread/INFO] [net.minecraft.server.MinecraftServer/]: Bhota left the game
[15Aug2026 15:50:36.688] [Server thread/INFO] [net.minecraft.server.management.PlayerList/]: Bhota[/192.168.29.156:54729] logged in with entity id 278 at (-29.438809123409964, 4.0, -76.38462433952624)
[15Aug2026 15:50:36.710] [Server thread/INFO] [net.minecraft.server.MinecraftServer/]: Bhota joined the game
[15Aug2026 15:50:36.851] [Render thread/INFO] [net.minecraft.client.gui.NewChatGui/]: [CHAT] Bhota left the game
[15Aug2026 15:50:36.851] [Render thread/INFO] [net.minecraft.client.gui.NewChatGui/]: [CHAT] Bhota joined the game
[15Aug2026 15:50:36.958] [Server thread/INFO] [net.minecraft.server.MinecraftServer/]: <Bhota> Bot online. Mention me and tell me what you want, or use !help.
[15Aug2026 15:50:42.127] [User Authenticator #16/WARN] [net.minecraft.network.login.ServerLoginNetHandler/]: Failed to verify username but will let them in anyway!
[15Aug2026 15:50:42.221] [Server thread/INFO] [net.minecraft.network.play.ServerPlayNetHandler/]: Bhota lost connection: You logged in from another location
[15Aug2026 15:50:42.221] [Server thread/INFO] [net.minecraft.server.MinecraftServer/]: Bhota left the game
[15Aug2026 15:50:42.263] [Server thread/INFO] [net.minecraftforge.common.AdvancementLoadFix/]: Using new advancement loading for net.minecraft.advancements.PlayerAdvancements@5dd927c0
[15Aug2026 15:50:42.277] [Server thread/WARN] [net.minecraft.network.NetworkManager/]: handleDisconnection() called twice
[15Aug2026 15:50:42.279] [Server thread/INFO] [net.minecraft.server.management.PlayerList/]: Bhota[/192.168.29.156:54731] logged in with entity id 280 at (-29.438809123409964, 4.0, -76.38462433952624)
[15Aug2026 15:50:42.324] [Server thread/INFO] [net.minecraft.server.MinecraftServer/]: Bhota joined the game
[15Aug2026 15:50:42.468] [Render thread/INFO] [net.minecraft.client.gui.NewChatGui/]: [CHAT] Bhota left the game
[15Aug2026 15:50:42.469] [Render thread/INFO] [net.minecraft.client.gui.NewChatGui/]: [CHAT] Bhota joined the game
[15Aug2026 15:50:42.944] [Server thread/INFO] [net.minecraft.server.MinecraftServer/]: <Bhota> Bot online. Mention me and tell me what you want, or use !help.
[15Aug2026 15:50:47.896] [User Authenticator #17/WARN] [net.minecraft.network.login.ServerLoginNetHandler/]: Failed to verify username but will let them in anyway!
[15Aug2026 15:50:47.972] [Server thread/INFO] [net.minecraft.network.play.ServerPlayNetHandler/]: Bhota lost connection: You logged in from another location
[15Aug2026 15:50:47.972] [Server thread/INFO] [net.minecraft.server.MinecraftServer/]: Bhota left the game
[15Aug2026 15:50:47.985] [Server thread/INFO] [net.minecraftforge.common.AdvancementLoadFix/]: Using new advancement loading for net.minecraft.advancements.PlayerAdvancements@453e4e39
[15Aug2026 15:50:48.036] [Render thread/INFO] [net.minecraft.client.gui.NewChatGui/]: [CHAT] Bhota left the game
[15Aug2026 15:50:48.045] [Server thread/WARN] [net.minecraft.network.NetworkManager/]: handleDisconnection() called twice
[15Aug2026 15:50:48.048] [Server thread/INFO] [net.minecraft.server.management.PlayerList/]: Bhota[/192.168.29.156:54732] logged in with entity id 285 at (-29.438809123409964, 4.0, -76.38462433952624)
[15Aug2026 15:50:48.060] [Server thread/INFO] [net.minecraft.server.MinecraftServer/]: Bhota joined the game
[15Aug2026 15:50:48.213] [Render thread/INFO] [net.minecraft.client.gui.NewChatGui/]: [CHAT] Bhota joined the game
[15Aug2026 15:50:48.515] [Server thread/INFO] [net.minecraft.server.MinecraftServer/]: <Bhota> Bot online. Mention me and tell me what you want, or use !help.
[15Aug2026 15:50:53.627] [User Authenticator #18/WARN] [net.minecraft.network.login.ServerLoginNetHandler/]: Failed to verify username but will let them in anyway!
[15Aug2026 15:50:53.656] [Server thread/INFO] [net.minecraft.network.play.ServerPlayNetHandler/]: Bhota lost connection: You logged in from another location
[15Aug2026 15:50:53.656] [Server thread/INFO] [net.minecraft.server.MinecraftServer/]: Bhota left the game
[15Aug2026 15:50:53.666] [Server thread/INFO] [net.minecraftforge.common.AdvancementLoadFix/]: Using new advancement loading for net.minecraft.advancements.PlayerAdvancements@5c537b15
[15Aug2026 15:50:53.698] [Render thread/INFO] [net.minecraft.client.gui.NewChatGui/]: [CHAT] Bhota left the game
[15Aug2026 15:50:53.738] [Server thread/WARN] [net.minecraft.network.NetworkManager/]: handleDisconnection() called twice
[15Aug2026 15:50:53.741] [Server thread/INFO] [net.minecraft.server.management.PlayerList/]: Bhota[/192.168.29.156:54743] logged in with entity id 290 at (-29.438809123409964, 4.0, -76.38462433952624)
[15Aug2026 15:50:53.748] [Server thread/INFO] [net.minecraft.server.MinecraftServer/]: Bhota joined the game
[15Aug2026 15:50:53.883] [Render thread/INFO] [net.minecraft.client.gui.NewChatGui/]: [CHAT] Bhota joined the game
[15Aug2026 15:50:54.066] [Server thread/INFO] [net.minecraft.server.MinecraftServer/]: <Bhota> Bot online. Mention me and tell me what you want, or use !help.
[15Aug2026 15:50:57.791] [Render thread/INFO] [net.minecraft.advancements.AdvancementList/]: Loaded 3 advancements
[15Aug2026 15:50:59.137] [User Authenticator #19/WARN] [net.minecraft.network.login.ServerLoginNetHandler/]: Failed to verify username but will let them in anyway!
[15Aug2026 15:50:59.151] [Server thread/INFO] [net.minecraft.network.play.ServerPlayNetHandler/]: Bhota lost connection: You logged in from another location
[15Aug2026 15:50:59.151] [Server thread/INFO] [net.minecraft.server.MinecraftServer/]: Bhota left the game
[15Aug2026 15:50:59.162] [Server thread/INFO] [net.minecraftforge.common.AdvancementLoadFix/]: Using new advancement loading for net.minecraft.advancements.PlayerAdvancements@243b42aa
[15Aug2026 15:50:59.211] [Server thread/WARN] [net.minecraft.network.NetworkManager/]: handleDisconnection() called twice
[15Aug2026 15:50:59.213] [Server thread/INFO] [net.minecraft.server.management.PlayerList/]: Bhota[/192.168.29.156:54746] logged in with entity id 295 at (-29.438809123409964, 4.0, -76.38462433952624)
[15Aug2026 15:50:59.232] [Server thread/INFO] [net.minecraft.server.MinecraftServer/]: Bhota joined the game
[15Aug2026 15:50:59.310] [Render thread/INFO] [net.minecraft.client.gui.NewChatGui/]: [CHAT] Bhota left the game
[15Aug2026 15:50:59.310] [Render thread/INFO] [net.minecraft.client.gui.NewChatGui/]: [CHAT] Bhota joined the game
[15Aug2026 15:50:59.410] [Server thread/INFO] [net.minecraft.server.MinecraftServer/]: <Bhota> Bot online. Mention me and tell me what you want, or use !help.
[15Aug2026 15:51:04.586] [User Authenticator #20/WARN] [net.minecraft.network.login.ServerLoginNetHandler/]: Failed to verify username but will let them in anyway!
[15Aug2026 15:51:04.652] [Server thread/INFO] [net.minecraft.network.play.ServerPlayNetHandler/]: Bhota lost connection: You logged in from another location
[15Aug2026 15:51:04.652] [Server thread/INFO] [net.minecraft.server.MinecraftServer/]: Bhota left the game
[15Aug2026 15:51:04.660] [Server thread/INFO] [net.minecraftforge.common.AdvancementLoadFix/]: Using new advancement loading for net.minecraft.advancements.PlayerAdvancements@2eaaec28
[15Aug2026 15:51:04.680] [Render thread/INFO] [net.minecraft.client.gui.NewChatGui/]: [CHAT] Bhota left the game
[15Aug2026 15:51:04.740] [Server thread/WARN] [net.minecraft.network.NetworkManager/]: handleDisconnection() called twice
[15Aug2026 15:51:04.742] [Server thread/INFO] [net.minecraft.server.management.PlayerList/]: Bhota[/192.168.29.156:54747] logged in with entity id 309 at (-29.438809123409964, 4.0, -76.38462433952624)
[15Aug2026 15:51:04.761] [Server thread/INFO] [net.minecraft.server.MinecraftServer/]: Bhota joined the game
[15Aug2026 15:51:04.810] [Render thread/INFO] [net.minecraft.client.gui.NewChatGui/]: [CHAT] Bhota joined the game
[15Aug2026 15:51:05.204] [Server thread/INFO] [net.minecraft.server.MinecraftServer/]: <Bhota> Bot online. Mention me and tell me what you want, or use !help.
[15Aug2026 15:51:07.547] [Server thread/INFO] [net.minecraft.server.MinecraftServer/]: <Dev> botie come here
[15Aug2026 15:51:07.556] [Render thread/INFO] [net.minecraft.client.gui.NewChatGui/]: [CHAT] <Dev> botie come here
[15Aug2026 15:51:09.955] [User Authenticator #21/WARN] [net.minecraft.network.login.ServerLoginNetHandler/]: Failed to verify username but will let them in anyway!
[15Aug2026 15:51:10.059] [Server thread/INFO] [net.minecraft.network.play.ServerPlayNetHandler/]: Bhota lost connection: You logged in from another location
[15Aug2026 15:51:10.060] [Server thread/INFO] [net.minecraft.server.MinecraftServer/]: Bhota left the game
[15Aug2026 15:51:10.075] [Server thread/INFO] [net.minecraft.server.management.PlayerList/]: Bhota[/192.168.29.156:54748] logged in with entity id 317 at (-29.438809123409964, 4.0, -76.38462433952624)
[15Aug2026 15:51:10.086] [Server thread/INFO] [net.minecraft.server.MinecraftServer/]: Bhota joined the game
[15Aug2026 15:51:10.224] [Render thread/INFO] [net.minecraft.client.gui.NewChatGui/]: [CHAT] Bhota left the game
[15Aug2026 15:51:10.225] [Render thread/INFO] [net.minecraft.client.gui.NewChatGui/]: [CHAT] Bhota joined the game
[15Aug2026 15:51:10.462] [Server thread/INFO] [net.minecraft.server.MinecraftServer/]: <Bhota> Bot online. Mention me and tell me what you want, or use !help.
[15Aug2026 15:51:15.387] [Server thread/INFO] [net.minecraft.server.MinecraftServer/]: <Dev> bhota come here
[15Aug2026 15:51:15.396] [Render thread/INFO] [net.minecraft.client.gui.NewChatGui/]: [CHAT] <Dev> bhota come here
[15Aug2026 15:51:15.424] [Server thread/INFO] [net.minecraft.server.MinecraftServer/]: <Bhota> I only take instructions from my master.
[15Aug2026 15:51:15.686] [User Authenticator #22/WARN] [net.minecraft.network.login.ServerLoginNetHandler/]: Failed to verify username but will let them in anyway!
[15Aug2026 15:51:15.801] [Server thread/INFO] [net.minecraft.network.play.ServerPlayNetHandler/]: Bhota lost connection: You logged in from another location
[15Aug2026 15:51:15.802] [Server thread/INFO] [net.minecraft.server.MinecraftServer/]: Bhota left the game
[15Aug2026 15:51:15.808] [Server thread/INFO] [net.minecraftforge.common.AdvancementLoadFix/]: Using new advancement loading for net.minecraft.advancements.PlayerAdvancements@4a0d7879
[15Aug2026 15:51:15.823] [Server thread/WARN] [net.minecraft.network.NetworkManager/]: handleDisconnection() called twice
[15Aug2026 15:51:15.827] [Server thread/INFO] [net.minecraft.server.management.PlayerList/]: Bhota[/192.168.29.156:54749] logged in with entity id 327 at (-29.438809123409964, 4.0, -76.38462433952624)
[15Aug2026 15:51:15.849] [Server thread/INFO] [net.minecraft.server.MinecraftServer/]: Bhota joined the game
[15Aug2026 15:51:15.961] [Render thread/INFO] [net.minecraft.client.gui.NewChatGui/]: [CHAT] Bhota left the game
[15Aug2026 15:51:15.962] [Render thread/INFO] [net.minecraft.client.gui.NewChatGui/]: [CHAT] Bhota joined the game
[15Aug2026 15:51:16.200] [Server thread/INFO] [net.minecraft.server.MinecraftServer/]: <Bhota> Bot online. Mention me and tell me what you want, or use !help.
[15Aug2026 15:51:18.605] [Server thread/INFO] [net.minecraft.server.MinecraftServer/]: <Dev> bhota come here
[15Aug2026 15:51:18.652] [Render thread/INFO] [net.minecraft.client.gui.NewChatGui/]: [CHAT] <Dev> bhota come here
[15Aug2026 15:51:18.748] [Server thread/INFO] [net.minecraft.server.MinecraftServer/]: <Bhota> I only take instructions from my master.
[15Aug2026 15:51:21.302] [User Authenticator #23/WARN] [net.minecraft.network.login.ServerLoginNetHandler/]: Failed to verify username but will let them in anyway!
[15Aug2026 15:51:21.355] [Server thread/INFO] [net.minecraft.network.play.ServerPlayNetHandler/]: Bhota lost connection: You logged in from another location
[15Aug2026 15:51:21.355] [Server thread/INFO] [net.minecraft.server.MinecraftServer/]: Bhota left the game
[15Aug2026 15:51:21.369] [Server thread/INFO] [net.minecraftforge.common.AdvancementLoadFix/]: Using new advancement loading for net.minecraft.advancements.PlayerAdvancements@e1968d4
[15Aug2026 15:51:21.407] [Server thread/WARN] [net.minecraft.network.NetworkManager/]: handleDisconnection() called twice
[15Aug2026 15:51:21.409] [Server thread/INFO] [net.minecraft.server.management.PlayerList/]: Bhota[/192.168.29.156:54750] logged in with entity id 339 at (-29.438809123409964, 4.0, -76.38462433952624)
[15Aug2026 15:51:21.427] [Server thread/INFO] [net.minecraft.server.MinecraftServer/]: Bhota joined the game
[15Aug2026 15:51:21.573] [Render thread/INFO] [net.minecraft.client.gui.NewChatGui/]: [CHAT] Bhota left the game
[15Aug2026 15:51:21.573] [Render thread/INFO] [net.minecraft.client.gui.NewChatGui/]: [CHAT] Bhota joined the game
[15Aug2026 15:51:21.660] [Server thread/INFO] [net.minecraft.server.MinecraftServer/]: <Bhota> Bot online. Mention me and tell me what you want, or use !help.
[15Aug2026 15:51:21.778] [Server thread/INFO] [net.minecraft.server.MinecraftServer/]: <Dev> bhota come here
[15Aug2026 15:51:21.793] [Render thread/INFO] [net.minecraft.client.gui.NewChatGui/]: [CHAT] <Dev> bhota come here
[15Aug2026 15:51:21.804] [Server thread/INFO] [net.minecraft.server.MinecraftServer/]: <Bhota> I only take instructions from my master.
[15Aug2026 15:51:26.904] [User Authenticator #24/WARN] [net.minecraft.network.login.ServerLoginNetHandler/]: Failed to verify username but will let them in anyway!
[15Aug2026 15:51:26.985] [Server thread/INFO] [net.minecraft.network.play.ServerPlayNetHandler/]: Bhota lost connection: You logged in from another location
[15Aug2026 15:51:26.985] [Server thread/INFO] [net.minecraft.server.MinecraftServer/]: Bhota left the game
[15Aug2026 15:51:26.994] [Server thread/INFO] [net.minecraft.server.management.PlayerList/]: Bhota[/192.168.29.156:54751] logged in with entity id 343 at (-29.438809123409964, 4.0, -76.38462433952624)
[15Aug2026 15:51:27.016] [Server thread/INFO] [net.minecraft.server.MinecraftServer/]: Bhota joined the game
[15Aug2026 15:51:27.158] [Render thread/INFO] [net.minecraft.client.gui.NewChatGui/]: [CHAT] Bhota left the game
[15Aug2026 15:51:27.159] [Render thread/INFO] [net.minecraft.client.gui.NewChatGui/]: [CHAT] Bhota joined the game
[15Aug2026 15:51:27.538] [Server thread/INFO] [net.minecraft.server.MinecraftServer/]: <Bhota> Bot online. Mention me and tell me what you want, or use !help.
[15Aug2026 15:51:28.992] [Server thread/INFO] [net.minecraft.server.MinecraftServer/]: <Dev> botie come here
[15Aug2026 15:51:29.005] [Render thread/INFO] [net.minecraft.client.gui.NewChatGui/]: [CHAT] <Dev> botie come here
[15Aug2026 15:51:32.562] [User Authenticator #25/WARN] [net.minecraft.network.login.ServerLoginNetHandler/]: Failed to verify username but will let them in anyway!
[15Aug2026 15:51:32.627] [Server thread/INFO] [net.minecraft.network.play.ServerPlayNetHandler/]: Bhota lost connection: You logged in from another location
[15Aug2026 15:51:32.627] [Server thread/INFO] [net.minecraft.server.MinecraftServer/]: Bhota left the game
[15Aug2026 15:51:32.633] [Server thread/INFO] [net.minecraftforge.common.AdvancementLoadFix/]: Using new advancement loading for net.minecraft.advancements.PlayerAdvancements@54c5a1c4
[15Aug2026 15:51:32.648] [Server thread/WARN] [net.minecraft.network.NetworkManager/]: handleDisconnection() called twice
[15Aug2026 15:51:32.651] [Server thread/INFO] [net.minecraft.server.management.PlayerList/]: Bhota[/192.168.29.156:54752] logged in with entity id 349 at (-29.438809123409964, 4.0, -76.38462433952624)
[15Aug2026 15:51:32.659] [Server thread/INFO] [net.minecraft.server.MinecraftServer/]: Bhota joined the game
[15Aug2026 15:51:32.780] [Render thread/INFO] [net.minecraft.client.gui.NewChatGui/]: [CHAT] Bhota left the game
[15Aug2026 15:51:32.781] [Render thread/INFO] [net.minecraft.client.gui.NewChatGui/]: [CHAT] Bhota joined the game
[15Aug2026 15:51:32.989] [Server thread/INFO] [net.minecraft.server.MinecraftServer/]: <Bhota> Bot online. Mention me and tell me what you want, or use !help.
[15Aug2026 15:51:38.142] [User Authenticator #26/WARN] [net.minecraft.network.login.ServerLoginNetHandler/]: Failed to verify username but will let them in anyway!
[15Aug2026 15:51:38.284] [Server thread/INFO] [net.minecraft.network.play.ServerPlayNetHandler/]: Bhota lost connection: You logged in from another location
[15Aug2026 15:51:38.284] [Server thread/INFO] [net.minecraft.server.MinecraftServer/]: Bhota left the game
[15Aug2026 15:51:38.292] [Server thread/INFO] [net.minecraft.server.management.PlayerList/]: Bhota[/192.168.29.156:54753] logged in with entity id 361 at (-29.438809123409964, 4.0, -76.38462433952624)
[15Aug2026 15:51:38.301] [Server thread/INFO] [net.minecraft.server.MinecraftServer/]: Bhota joined the game
[15Aug2026 15:51:38.322] [Render thread/INFO] [net.minecraft.client.gui.NewChatGui/]: [CHAT] Bhota left the game
[15Aug2026 15:51:38.322] [Render thread/INFO] [net.minecraft.client.gui.NewChatGui/]: [CHAT] Bhota joined the game
[15Aug2026 15:51:38.523] [Server thread/INFO] [net.minecraft.server.MinecraftServer/]: <Bhota> Bot online. Mention me and tell me what you want, or use !help.
[15Aug2026 15:51:40.250] [Server thread/INFO] [net.minecraft.server.MinecraftServer/]: <Dev> botie follow
[15Aug2026 15:51:40.313] [Render thread/INFO] [net.minecraft.client.gui.NewChatGui/]: [CHAT] <Dev> botie follow
[15Aug2026 15:51:43.400] [Server thread/INFO] [net.minecraft.server.MinecraftServer/]: <Dev> botie follow me
[15Aug2026 15:51:43.402] [Render thread/INFO] [net.minecraft.client.gui.NewChatGui/]: [CHAT] <Dev> botie follow me
[15Aug2026 15:51:43.710] [User Authenticator #27/WARN] [net.minecraft.network.login.ServerLoginNetHandler/]: Failed to verify username but will let them in anyway!
[15Aug2026 15:51:43.793] [Server thread/INFO] [net.minecraftforge.common.AdvancementLoadFix/]: Using new advancement loading for net.minecraft.advancements.PlayerAdvancements@7dc3c0a7
[15Aug2026 15:51:43.804] [Server thread/INFO] [net.minecraft.network.play.ServerPlayNetHandler/]: Bhota lost connection: You logged in from another location
[15Aug2026 15:51:43.804] [Server thread/INFO] [net.minecraft.server.MinecraftServer/]: Bhota left the game
[15Aug2026 15:51:43.819] [Server thread/INFO] [net.minecraft.server.management.PlayerList/]: Bhota[/192.168.29.156:54754] logged in with entity id 372 at (-29.438809123409964, 4.0, -76.38462433952624)
[15Aug2026 15:51:43.825] [Server thread/INFO] [net.minecraft.server.MinecraftServer/]: Bhota joined the game
[15Aug2026 15:51:43.987] [Render thread/INFO] [net.minecraft.client.gui.NewChatGui/]: [CHAT] Bhota left the game
[15Aug2026 15:51:43.987] [Render thread/INFO] [net.minecraft.client.gui.NewChatGui/]: [CHAT] Bhota joined the game
[15Aug2026 15:51:44.141] [Server thread/INFO] [net.minecraft.server.MinecraftServer/]: <Bhota> Bot online. Mention me and tell me what you want, or use !help.
[15Aug2026 15:51:49.257] [User Authenticator #28/WARN] [net.minecraft.network.login.ServerLoginNetHandler/]: Failed to verify username but will let them in anyway!
[15Aug2026 15:51:49.339] [Server thread/INFO] [net.minecraftforge.common.AdvancementLoadFix/]: Using new advancement loading for net.minecraft.advancements.PlayerAdvancements@68f72dc6
[15Aug2026 15:51:49.350] [Server thread/INFO] [net.minecraft.network.play.ServerPlayNetHandler/]: Bhota lost connection: You logged in from another location
[15Aug2026 15:51:49.351] [Server thread/INFO] [net.minecraft.server.MinecraftServer/]: Bhota left the game
[15Aug2026 15:51:49.372] [Server thread/INFO] [net.minecraft.server.management.PlayerList/]: Bhota[/192.168.29.156:54755] logged in with entity id 381 at (-29.438809123409964, 4.0, -76.38462433952624)
[15Aug2026 15:51:49.380] [Server thread/INFO] [net.minecraft.server.MinecraftServer/]: Bhota joined the game
[15Aug2026 15:51:49.563] [Render thread/INFO] [net.minecraft.client.gui.NewChatGui/]: [CHAT] Bhota left the game
[15Aug2026 15:51:49.563] [Render thread/INFO] [net.minecraft.client.gui.NewChatGui/]: [CHAT] Bhota joined the game
[15Aug2026 15:51:49.684] [Server thread/INFO] [net.minecraft.server.MinecraftServer/]: <Bhota> Bot online. Mention me and tell me what you want, or use !help.
[15Aug2026 15:51:54.612] [Server thread/INFO] [net.minecraft.server.MinecraftServer/]: <Dev> bhota follow me
[15Aug2026 15:51:54.625] [Render thread/INFO] [net.minecraft.client.gui.NewChatGui/]: [CHAT] <Dev> bhota follow me
[15Aug2026 15:51:54.625] [Server thread/INFO] [net.minecraft.server.MinecraftServer/]: <Bhota> I only take instructions from my master.
[15Aug2026 15:51:54.865] [User Authenticator #29/WARN] [net.minecraft.network.login.ServerLoginNetHandler/]: Failed to verify username but will let them in anyway!
[15Aug2026 15:51:54.904] [Server thread/INFO] [net.minecraft.network.play.ServerPlayNetHandler/]: Bhota lost connection: You logged in from another location
[15Aug2026 15:51:54.904] [Server thread/INFO] [net.minecraft.server.MinecraftServer/]: Bhota left the game
[15Aug2026 15:51:54.910] [Server thread/INFO] [net.minecraftforge.common.AdvancementLoadFix/]: Using new advancement loading for net.minecraft.advancements.PlayerAdvancements@3913180a
[15Aug2026 15:51:54.955] [Render thread/INFO] [net.minecraft.client.gui.NewChatGui/]: [CHAT] Bhota left the game
[15Aug2026 15:51:54.968] [Server thread/WARN] [net.minecraft.network.NetworkManager/]: handleDisconnection() called twice
[15Aug2026 15:51:54.973] [Server thread/INFO] [net.minecraft.server.management.PlayerList/]: Bhota[/192.168.29.156:54756] logged in with entity id 392 at (-29.438809123409964, 4.0, -76.38462433952624)
[15Aug2026 15:51:54.996] [Server thread/INFO] [net.minecraft.server.MinecraftServer/]: Bhota joined the game
[15Aug2026 15:51:55.150] [Render thread/INFO] [net.minecraft.client.gui.NewChatGui/]: [CHAT] Bhota joined the game
[15Aug2026 15:51:55.371] [Server thread/INFO] [net.minecraft.server.MinecraftServer/]: <Bhota> Bot online. Mention me and tell me what you want, or use !help.
[15Aug2026 15:52:00.912] [User Authenticator #30/WARN] [net.minecraft.network.login.ServerLoginNetHandler/]: Failed to verify username but will let them in anyway!
[15Aug2026 15:52:00.945] [Server thread/INFO] [net.minecraft.network.play.ServerPlayNetHandler/]: Bhota lost connection: You logged in from another location
[15Aug2026 15:52:00.945] [Server thread/INFO] [net.minecraft.server.MinecraftServer/]: Bhota left the game
[15Aug2026 15:52:00.965] [Server thread/INFO] [net.minecraft.server.management.PlayerList/]: Bhota[/192.168.29.156:54758] logged in with entity id 403 at (-29.438809123409964, 4.0, -76.38462433952624)
[15Aug2026 15:52:01.008] [Server thread/INFO] [net.minecraft.server.MinecraftServer/]: Bhota joined the game
[15Aug2026 15:52:01.170] [Render thread/INFO] [net.minecraft.client.gui.NewChatGui/]: [CHAT] Bhota left the game
[15Aug2026 15:52:01.171] [Render thread/INFO] [net.minecraft.client.gui.NewChatGui/]: [CHAT] Bhota joined the game
[15Aug2026 15:52:01.598] [Server thread/INFO] [net.minecraft.server.MinecraftServer/]: <Bhota> Bot online. Mention me and tell me what you want, or use !help.
[15Aug2026 15:52:06.773] [User Authenticator #31/WARN] [net.minecraft.network.login.ServerLoginNetHandler/]: Failed to verify username but will let them in anyway!
[15Aug2026 15:52:06.803] [Server thread/INFO] [net.minecraftforge.common.AdvancementLoadFix/]: Using new advancement loading for net.minecraft.advancements.PlayerAdvancements@33aa452b
[15Aug2026 15:52:06.861] [Server thread/INFO] [net.minecraft.network.play.ServerPlayNetHandler/]: Bhota lost connection: You logged in from another location
[15Aug2026 15:52:06.861] [Server thread/INFO] [net.minecraft.server.MinecraftServer/]: Bhota left the game
[15Aug2026 15:52:06.899] [Server thread/INFO] [net.minecraft.server.management.PlayerList/]: Bhota[/192.168.29.156:54760] logged in with entity id 412 at (-29.438809123409964, 4.0, -76.38462433952624)
[15Aug2026 15:52:06.923] [Server thread/INFO] [net.minecraft.server.MinecraftServer/]: Bhota joined the game
[15Aug2026 15:52:07.039] [Render thread/INFO] [net.minecraft.client.gui.NewChatGui/]: [CHAT] Bhota left the game
[15Aug2026 15:52:07.039] [Render thread/INFO] [net.minecraft.client.gui.NewChatGui/]: [CHAT] Bhota joined the game
[15Aug2026 15:52:07.345] [Server thread/INFO] [net.minecraft.server.MinecraftServer/]: <Bhota> Bot online. Mention me and tell me what you want, or use !help.
[15Aug2026 15:52:12.189] [User Authenticator #32/WARN] [net.minecraft.network.login.ServerLoginNetHandler/]: Failed to verify username but will let them in anyway!
[15Aug2026 15:52:12.254] [Server thread/INFO] [net.minecraft.network.play.ServerPlayNetHandler/]: Bhota lost connection: You logged in from another location
[15Aug2026 15:52:12.254] [Server thread/INFO] [net.minecraft.server.MinecraftServer/]: Bhota left the game
[15Aug2026 15:52:12.264] [Server thread/INFO] [net.minecraftforge.common.AdvancementLoadFix/]: Using new advancement loading for net.minecraft.advancements.PlayerAdvancements@2c2df520
[15Aug2026 15:52:12.276] [Render thread/INFO] [net.minecraft.client.gui.NewChatGui/]: [CHAT] Bhota left the game
[15Aug2026 15:52:12.356] [Server thread/WARN] [net.minecraft.network.NetworkManager/]: handleDisconnection() called twice
[15Aug2026 15:52:12.358] [Server thread/INFO] [net.minecraft.server.management.PlayerList/]: Bhota[/192.168.29.156:54761] logged in with entity id 418 at (-29.438809123409964, 4.0, -76.38462433952624)
[15Aug2026 15:52:12.374] [Server thread/INFO] [net.minecraft.server.MinecraftServer/]: Bhota joined the game
[15Aug2026 15:52:12.538] [Render thread/INFO] [net.minecraft.client.gui.NewChatGui/]: [CHAT] Bhota joined the game
[15Aug2026 15:52:12.798] [Server thread/INFO] [net.minecraft.server.MinecraftServer/]: <Bhota> Bot online. Mention me and tell me what you want, or use !help.
[15Aug2026 15:52:14.229] [Server thread/INFO] [net.minecraft.server.MinecraftServer/]: <Dev> botie mine me some wood
[15Aug2026 15:52:14.283] [Render thread/INFO] [net.minecraft.client.gui.NewChatGui/]: [CHAT] <Dev> botie mine me some wood
[15Aug2026 15:52:17.687] [User Authenticator #33/WARN] [net.minecraft.network.login.ServerLoginNetHandler/]: Failed to verify username but will let them in anyway!
[15Aug2026 15:52:17.794] [Server thread/INFO] [net.minecraft.network.play.ServerPlayNetHandler/]: Bhota lost connection: You logged in from another location
[15Aug2026 15:52:17.794] [Server thread/INFO] [net.minecraft.server.MinecraftServer/]: Bhota left the game
[15Aug2026 15:52:17.802] [Server thread/INFO] [net.minecraftforge.common.AdvancementLoadFix/]: Using new advancement loading for net.minecraft.advancements.PlayerAdvancements@1cf0c957
[15Aug2026 15:52:17.815] [Server thread/WARN] [net.minecraft.network.NetworkManager/]: handleDisconnection() called twice
[15Aug2026 15:52:17.817] [Server thread/INFO] [net.minecraft.server.management.PlayerList/]: Bhota[/192.168.29.156:54762] logged in with entity id 428 at (-29.438809123409964, 4.0, -76.38462433952624)
[15Aug2026 15:52:17.822] [Server thread/INFO] [net.minecraft.server.MinecraftServer/]: Bhota joined the game
[15Aug2026 15:52:17.930] [Render thread/INFO] [net.minecraft.client.gui.NewChatGui/]: [CHAT] Bhota left the game
[15Aug2026 15:52:17.930] [Render thread/INFO] [net.minecraft.client.gui.NewChatGui/]: [CHAT] Bhota joined the game
[15Aug2026 15:52:18.105] [Server thread/INFO] [net.minecraft.server.MinecraftServer/]: <Bhota> Bot online. Mention me and tell me what you want, or use !help.
[15Aug2026 15:52:23.396] [User Authenticator #34/WARN] [net.minecraft.network.login.ServerLoginNetHandler/]: Failed to verify username but will let them in anyway!
[15Aug2026 15:52:23.502] [Server thread/INFO] [net.minecraft.network.play.ServerPlayNetHandler/]: Bhota lost connection: You logged in from another location
[15Aug2026 15:52:23.503] [Server thread/INFO] [net.minecraft.server.MinecraftServer/]: Bhota left the game
[15Aug2026 15:52:23.510] [Server thread/INFO] [net.minecraftforge.common.AdvancementLoadFix/]: Using new advancement loading for net.minecraft.advancements.PlayerAdvancements@24ab3701
[15Aug2026 15:52:23.525] [Server thread/WARN] [net.minecraft.network.NetworkManager/]: handleDisconnection() called twice
[15Aug2026 15:52:23.527] [Server thread/INFO] [net.minecraft.server.management.PlayerList/]: Bhota[/192.168.29.156:54763] logged in with entity id 434 at (-29.438809123409964, 4.0, -76.38462433952624)
[15Aug2026 15:52:23.535] [Server thread/INFO] [net.minecraft.server.MinecraftServer/]: Bhota joined the game
[15Aug2026 15:52:23.686] [Render thread/INFO] [net.minecraft.client.gui.NewChatGui/]: [CHAT] Bhota left the game
[15Aug2026 15:52:23.687] [Render thread/INFO] [net.minecraft.client.gui.NewChatGui/]: [CHAT] Bhota joined the game
[15Aug2026 15:52:23.889] [Server thread/INFO] [net.minecraft.server.MinecraftServer/]: <Bhota> Bot online. Mention me and tell me what you want, or use !help.
[15Aug2026 15:52:29.006] [User Authenticator #35/WARN] [net.minecraft.network.login.ServerLoginNetHandler/]: Failed to verify username but will let them in anyway!
[15Aug2026 15:52:29.085] [Server thread/INFO] [net.minecraft.network.play.ServerPlayNetHandler/]: Bhota lost connection: You logged in from another location
[15Aug2026 15:52:29.086] [Server thread/INFO] [net.minecraft.server.MinecraftServer/]: Bhota left the game
[15Aug2026 15:52:29.093] [Server thread/INFO] [net.minecraftforge.common.AdvancementLoadFix/]: Using new advancement loading for net.minecraft.advancements.PlayerAdvancements@77a2e28
[15Aug2026 15:52:29.108] [Server thread/WARN] [net.minecraft.network.NetworkManager/]: handleDisconnection() called twice
[15Aug2026 15:52:29.109] [Server thread/INFO] [net.minecraft.server.management.PlayerList/]: Bhota[/192.168.29.156:54764] logged in with entity id 441 at (-29.438809123409964, 4.0, -76.38462433952624)
[15Aug2026 15:52:29.124] [Server thread/INFO] [net.minecraft.server.MinecraftServer/]: Bhota joined the game
[15Aug2026 15:52:29.239] [Render thread/INFO] [net.minecraft.client.gui.NewChatGui/]: [CHAT] Bhota left the game
[15Aug2026 15:52:29.239] [Render thread/INFO] [net.minecraft.client.gui.NewChatGui/]: [CHAT] Bhota joined the game
[15Aug2026 15:52:29.415] [Server thread/INFO] [net.minecraft.server.MinecraftServer/]: <Bhota> Bot online. Mention me and tell me what you want, or use !help.
[15Aug2026 15:52:31.180] [Server thread/INFO] [net.minecraft.server.MinecraftServer/]: <Dev> bhota mine me some wood
[15Aug2026 15:52:31.204] [Render thread/INFO] [net.minecraft.client.gui.NewChatGui/]: [CHAT] <Dev> bhota mine me some wood
[15Aug2026 15:52:31.461] [Server thread/INFO] [net.minecraft.server.MinecraftServer/]: <Bhota> I only take instructions from my master.
[15Aug2026 15:52:34.647] [User Authenticator #36/WARN] [net.minecraft.network.login.ServerLoginNetHandler/]: Failed to verify username but will let them in anyway!
[15Aug2026 15:52:34.674] [Server thread/INFO] [net.minecraft.network.play.ServerPlayNetHandler/]: Bhota lost connection: You logged in from another location
[15Aug2026 15:52:34.675] [Server thread/INFO] [net.minecraft.server.MinecraftServer/]: Bhota left the game
[15Aug2026 15:52:34.682] [Server thread/INFO] [net.minecraftforge.common.AdvancementLoadFix/]: Using new advancement loading for net.minecraft.advancements.PlayerAdvancements@9b611d3
[15Aug2026 15:52:34.696] [Server thread/WARN] [net.minecraft.network.NetworkManager/]: handleDisconnection() called twice
[15Aug2026 15:52:34.698] [Server thread/INFO] [net.minecraft.server.management.PlayerList/]: Bhota[/192.168.29.156:54765] logged in with entity id 447 at (-29.438809123409964, 4.0, -76.38462433952624)
[15Aug2026 15:52:34.709] [Server thread/INFO] [net.minecraft.server.MinecraftServer/]: Bhota joined the game
[15Aug2026 15:52:34.782] [Render thread/INFO] [net.minecraft.client.gui.NewChatGui/]: [CHAT] Bhota left the game
[15Aug2026 15:52:34.784] [Render thread/INFO] [net.minecraft.client.gui.NewChatGui/]: [CHAT] Bhota joined the game
[15Aug2026 15:52:35.036] [Server thread/INFO] [net.minecraft.server.MinecraftServer/]: <Bhota> Bot online. Mention me and tell me what you want, or use !help.
[15Aug2026 15:52:40.185] [User Authenticator #37/WARN] [net.minecraft.network.login.ServerLoginNetHandler/]: Failed to verify username but will let them in anyway!
[15Aug2026 15:52:40.293] [Server thread/INFO] [net.minecraft.network.play.ServerPlayNetHandler/]: Bhota lost connection: You logged in from another location
[15Aug2026 15:52:40.293] [Server thread/INFO] [net.minecraft.server.MinecraftServer/]: Bhota left the game
[15Aug2026 15:52:40.301] [Server thread/INFO] [net.minecraft.server.management.PlayerList/]: Bhota[/192.168.29.156:54766] logged in with entity id 458 at (-29.438809123409964, 4.0, -76.38462433952624)
[15Aug2026 15:52:40.315] [Server thread/INFO] [net.minecraft.server.MinecraftServer/]: Bhota joined the game
[15Aug2026 15:52:40.469] [Render thread/INFO] [net.minecraft.client.gui.NewChatGui/]: [CHAT] Bhota left the game
[15Aug2026 15:52:40.470] [Render thread/INFO] [net.minecraft.client.gui.NewChatGui/]: [CHAT] Bhota joined the game
[15Aug2026 15:52:40.580] [Server thread/INFO] [net.minecraft.server.MinecraftServer/]: <Bhota> Bot online. Mention me and tell me what you want, or use !help.
[15Aug2026 15:52:45.724] [User Authenticator #38/WARN] [net.minecraft.network.login.ServerLoginNetHandler/]: Failed to verify username but will let them in anyway!
[15Aug2026 15:52:45.836] [Server thread/INFO] [net.minecraft.network.play.ServerPlayNetHandler/]: Bhota lost connection: You logged in from another location
[15Aug2026 15:52:45.836] [Server thread/INFO] [net.minecraft.server.MinecraftServer/]: Bhota left the game
[15Aug2026 15:52:45.842] [Server thread/INFO] [net.minecraftforge.common.AdvancementLoadFix/]: Using new advancement loading for net.minecraft.advancements.PlayerAdvancements@3d9d31f5
[15Aug2026 15:52:45.857] [Server thread/WARN] [net.minecraft.network.NetworkManager/]: handleDisconnection() called twice
[15Aug2026 15:52:45.859] [Server thread/INFO] [net.minecraft.server.management.PlayerList/]: Bhota[/192.168.29.156:54767] logged in with entity id 470 at (-29.438809123409964, 4.0, -76.38462433952624)
[15Aug2026 15:52:45.864] [Server thread/INFO] [net.minecraft.server.MinecraftServer/]: Bhota joined the game
[15Aug2026 15:52:46.007] [Render thread/INFO] [net.minecraft.client.gui.NewChatGui/]: [CHAT] Bhota left the game
[15Aug2026 15:52:46.007] [Render thread/INFO] [net.minecraft.client.gui.NewChatGui/]: [CHAT] Bhota joined the game
[15Aug2026 15:52:46.120] [Server thread/INFO] [net.minecraft.server.MinecraftServer/]: <Bhota> Bot online. Mention me and tell me what you want, or use !help.
[15Aug2026 15:52:51.475] [User Authenticator #39/WARN] [net.minecraft.network.login.ServerLoginNetHandler/]: Failed to verify username but will let them in anyway!
[15Aug2026 15:52:51.577] [Server thread/INFO] [net.minecraft.network.play.ServerPlayNetHandler/]: Bhota lost connection: You logged in from another location
[15Aug2026 15:52:51.577] [Server thread/INFO] [net.minecraft.server.MinecraftServer/]: Bhota left the game
[15Aug2026 15:52:51.584] [Server thread/INFO] [net.minecraft.server.management.PlayerList/]: Bhota[/192.168.29.156:54768] logged in with entity id 477 at (-29.438809123409964, 4.0, -76.38462433952624)
[15Aug2026 15:52:51.598] [Server thread/INFO] [net.minecraft.server.MinecraftServer/]: Bhota joined the game
[15Aug2026 15:52:51.653] [Render thread/INFO] [net.minecraft.client.gui.NewChatGui/]: [CHAT] Bhota left the game
[15Aug2026 15:52:51.653] [Render thread/INFO] [net.minecraft.client.gui.NewChatGui/]: [CHAT] Bhota joined the game
[15Aug2026 15:52:51.960] [Server thread/INFO] [net.minecraft.server.MinecraftServer/]: <Bhota> Bot online. Mention me and tell me what you want, or use !help.
[15Aug2026 15:52:56.963] [User Authenticator #40/WARN] [net.minecraft.network.login.ServerLoginNetHandler/]: Failed to verify username but will let them in anyway!
[15Aug2026 15:52:57.005] [Server thread/INFO] [net.minecraft.network.play.ServerPlayNetHandler/]: Bhota lost connection: You logged in from another location
[15Aug2026 15:52:57.005] [Server thread/INFO] [net.minecraft.server.MinecraftServer/]: Bhota left the game
[15Aug2026 15:52:57.014] [Server thread/INFO] [net.minecraftforge.common.AdvancementLoadFix/]: Using new advancement loading for net.minecraft.advancements.PlayerAdvancements@511a41a7
[15Aug2026 15:52:57.060] [Render thread/INFO] [net.minecraft.client.gui.NewChatGui/]: [CHAT] Bhota left the game
[15Aug2026 15:52:57.071] [Server thread/WARN] [net.minecraft.network.NetworkManager/]: handleDisconnection() called twice
[15Aug2026 15:52:57.073] [Server thread/INFO] [net.minecraft.server.management.PlayerList/]: Bhota[/192.168.29.156:54769] logged in with entity id 487 at (-29.438809123409964, 4.0, -76.38462433952624)
[15Aug2026 15:52:57.078] [Server thread/INFO] [net.minecraft.server.MinecraftServer/]: Bhota joined the game
[15Aug2026 15:52:57.223] [Render thread/INFO] [net.minecraft.client.gui.NewChatGui/]: [CHAT] Bhota joined the game
[15Aug2026 15:52:57.415] [Server thread/INFO] [net.minecraft.server.MinecraftServer/]: <Bhota> Bot online. Mention me and tell me what you want, or use !help.
[15Aug2026 15:53:02.480] [User Authenticator #41/WARN] [net.minecraft.network.login.ServerLoginNetHandler/]: Failed to verify username but will let them in anyway!
[15Aug2026 15:53:02.586] [Server thread/INFO] [net.minecraft.network.play.ServerPlayNetHandler/]: Bhota lost connection: You logged in from another location
[15Aug2026 15:53:02.587] [Server thread/INFO] [net.minecraft.server.MinecraftServer/]: Bhota left the game
[15Aug2026 15:53:02.594] [Server thread/INFO] [net.minecraft.server.management.PlayerList/]: Bhota[/192.168.29.156:54770] logged in with entity id 492 at (-29.438809123409964, 4.0, -76.38462433952624)
[15Aug2026 15:53:02.610] [Server thread/INFO] [net.minecraft.server.MinecraftServer/]: Bhota joined the game
[15Aug2026 15:53:02.785] [Render thread/INFO] [net.minecraft.client.gui.NewChatGui/]: [CHAT] Bhota left the game
[15Aug2026 15:53:02.786] [Render thread/INFO] [net.minecraft.client.gui.NewChatGui/]: [CHAT] Bhota joined the game
[15Aug2026 15:53:02.786] [Server thread/INFO] [net.minecraft.server.MinecraftServer/]: <Bhota> Bot online. Mention me and tell me what you want, or use !help.
[15Aug2026 15:53:07.997] [User Authenticator #42/WARN] [net.minecraft.network.login.ServerLoginNetHandler/]: Failed to verify username but will let them in anyway!
[15Aug2026 15:53:08.085] [Server thread/INFO] [net.minecraft.network.play.ServerPlayNetHandler/]: Bhota lost connection: You logged in from another location
[15Aug2026 15:53:08.086] [Server thread/INFO] [net.minecraft.server.MinecraftServer/]: Bhota left the game
[15Aug2026 15:53:08.092] [Server thread/INFO] [net.minecraftforge.common.AdvancementLoadFix/]: Using new advancement loading for net.minecraft.advancements.PlayerAdvancements@59d33517
[15Aug2026 15:53:08.107] [Server thread/WARN] [net.minecraft.network.NetworkManager/]: handleDisconnection() called twice
[15Aug2026 15:53:08.109] [Server thread/INFO] [net.minecraft.server.management.PlayerList/]: Bhota[/192.168.29.156:54771] logged in with entity id 505 at (-29.438809123409964, 4.0, -76.38462433952624)
[15Aug2026 15:53:08.116] [Server thread/INFO] [net.minecraft.server.MinecraftServer/]: Bhota joined the game
[15Aug2026 15:53:08.206] [Render thread/INFO] [net.minecraft.client.gui.NewChatGui/]: [CHAT] Bhota left the game
[15Aug2026 15:53:08.208] [Render thread/INFO] [net.minecraft.client.gui.NewChatGui/]: [CHAT] Bhota joined the game
[15Aug2026 15:53:08.428] [Server thread/INFO] [net.minecraft.server.MinecraftServer/]: <Bhota> Bot online. Mention me and tell me what you want, or use !help.
[15Aug2026 15:53:13.528] [User Authenticator #43/WARN] [net.minecraft.network.login.ServerLoginNetHandler/]: Failed to verify username but will let them in anyway!
[15Aug2026 15:53:13.612] [Server thread/INFO] [net.minecraft.network.play.ServerPlayNetHandler/]: Bhota lost connection: You logged in from another location
[15Aug2026 15:53:13.612] [Server thread/INFO] [net.minecraft.server.MinecraftServer/]: Bhota left the game
[15Aug2026 15:53:13.630] [Server thread/INFO] [net.minecraftforge.common.AdvancementLoadFix/]: Using new advancement loading for net.minecraft.advancements.PlayerAdvancements@df0d937
[15Aug2026 15:53:13.645] [Server thread/WARN] [net.minecraft.network.NetworkManager/]: handleDisconnection() called twice
[15Aug2026 15:53:13.647] [Server thread/INFO] [net.minecraft.server.management.PlayerList/]: Bhota[/192.168.29.156:54772] logged in with entity id 510 at (-29.438809123409964, 4.0, -76.38462433952624)
[15Aug2026 15:53:13.663] [Server thread/INFO] [net.minecraft.server.MinecraftServer/]: Bhota joined the game
[15Aug2026 15:53:13.823] [Render thread/INFO] [net.minecraft.client.gui.NewChatGui/]: [CHAT] Bhota left the game
[15Aug2026 15:53:13.824] [Render thread/INFO] [net.minecraft.client.gui.NewChatGui/]: [CHAT] Bhota joined the game
[15Aug2026 15:53:14.025] [Server thread/INFO] [net.minecraft.server.MinecraftServer/]: <Bhota> Bot online. Mention me and tell me what you want, or use !help.
[15Aug2026 15:53:18.961] [User Authenticator #44/WARN] [net.minecraft.network.login.ServerLoginNetHandler/]: Failed to verify username but will let them in anyway!
[15Aug2026 15:53:19.048] [Server thread/INFO] [net.minecraft.network.play.ServerPlayNetHandler/]: Bhota lost connection: You logged in from another location
[15Aug2026 15:53:19.048] [Server thread/INFO] [net.minecraft.server.MinecraftServer/]: Bhota left the game
[15Aug2026 15:53:19.055] [Server thread/INFO] [net.minecraft.server.management.PlayerList/]: Bhota[/192.168.29.156:54773] logged in with entity id 516 at (-29.438809123409964, 4.0, -76.38462433952624)
[15Aug2026 15:53:19.068] [Server thread/INFO] [net.minecraft.server.MinecraftServer/]: Bhota joined the game
[15Aug2026 15:53:19.140] [Render thread/INFO] [net.minecraft.client.gui.NewChatGui/]: [CHAT] Bhota left the game
[15Aug2026 15:53:19.140] [Render thread/INFO] [net.minecraft.client.gui.NewChatGui/]: [CHAT] Bhota joined the game
[15Aug2026 15:53:19.347] [Server thread/INFO] [net.minecraft.server.MinecraftServer/]: <Bhota> Bot online. Mention me and tell me what you want, or use !help.
[15Aug2026 15:53:24.427] [User Authenticator #45/WARN] [net.minecraft.network.login.ServerLoginNetHandler/]: Failed to verify username but will let them in anyway!
[15Aug2026 15:53:24.507] [Server thread/INFO] [net.minecraftforge.common.AdvancementLoadFix/]: Using new advancement loading for net.minecraft.advancements.PlayerAdvancements@38784a3c
[15Aug2026 15:53:24.580] [Server thread/INFO] [net.minecraft.network.play.ServerPlayNetHandler/]: Bhota lost connection: You logged in from another location
[15Aug2026 15:53:24.580] [Server thread/INFO] [net.minecraft.server.MinecraftServer/]: Bhota left the game
[15Aug2026 15:53:24.588] [Server thread/INFO] [net.minecraft.server.management.PlayerList/]: Bhota[/192.168.29.156:54774] logged in with entity id 529 at (-29.438809123409964, 4.0, -76.38462433952624)
[15Aug2026 15:53:24.600] [Server thread/INFO] [net.minecraft.server.MinecraftServer/]: Bhota joined the game
[15Aug2026 15:53:24.697] [Render thread/INFO] [net.minecraft.client.gui.NewChatGui/]: [CHAT] Bhota left the game
[15Aug2026 15:53:24.697] [Render thread/INFO] [net.minecraft.client.gui.NewChatGui/]: [CHAT] Bhota joined the game
[15Aug2026 15:53:24.828] [Server thread/INFO] [net.minecraft.server.MinecraftServer/]: <Bhota> Bot online. Mention me and tell me what you want, or use !help.
[15Aug2026 15:53:29.984] [User Authenticator #46/WARN] [net.minecraft.network.login.ServerLoginNetHandler/]: Failed to verify username but will let them in anyway!
[15Aug2026 15:53:30.009] [Server thread/INFO] [net.minecraftforge.common.AdvancementLoadFix/]: Using new advancement loading for net.minecraft.advancements.PlayerAdvancements@7951657a
[15Aug2026 15:53:30.049] [Server thread/INFO] [net.minecraft.network.play.ServerPlayNetHandler/]: Bhota lost connection: You logged in from another location
[15Aug2026 15:53:30.049] [Server thread/INFO] [net.minecraft.server.MinecraftServer/]: Bhota left the game
[15Aug2026 15:53:30.077] [Render thread/INFO] [net.minecraft.client.gui.NewChatGui/]: [CHAT] Bhota left the game
[15Aug2026 15:53:30.081] [Server thread/INFO] [net.minecraft.server.management.PlayerList/]: Bhota[/192.168.29.156:54775] logged in with entity id 543 at (-29.438809123409964, 4.0, -76.38462433952624)
[15Aug2026 15:53:30.090] [Server thread/INFO] [net.minecraft.server.MinecraftServer/]: Bhota joined the game
[15Aug2026 15:53:30.282] [Render thread/INFO] [net.minecraft.client.gui.NewChatGui/]: [CHAT] Bhota joined the game
[15Aug2026 15:53:30.432] [Server thread/INFO] [net.minecraft.server.MinecraftServer/]: <Bhota> Bot online. Mention me and tell me what you want, or use !help.
[15Aug2026 15:53:35.428] [User Authenticator #47/WARN] [net.minecraft.network.login.ServerLoginNetHandler/]: Failed to verify username but will let them in anyway!
[15Aug2026 15:53:35.468] [Server thread/INFO] [net.minecraftforge.common.AdvancementLoadFix/]: Using new advancement loading for net.minecraft.advancements.PlayerAdvancements@3a705da9
[15Aug2026 15:53:35.573] [Server thread/INFO] [net.minecraft.network.play.ServerPlayNetHandler/]: Bhota lost connection: You logged in from another location
[15Aug2026 15:53:35.573] [Server thread/INFO] [net.minecraft.server.MinecraftServer/]: Bhota left the game
[15Aug2026 15:53:35.581] [Server thread/INFO] [net.minecraft.server.management.PlayerList/]: Bhota[/192.168.29.156:54776] logged in with entity id 558 at (-29.438809123409964, 4.0, -76.38462433952624)
[15Aug2026 15:53:35.586] [Server thread/INFO] [net.minecraft.server.MinecraftServer/]: Bhota joined the game
[15Aug2026 15:53:35.807] [Render thread/INFO] [net.minecraft.client.gui.NewChatGui/]: [CHAT] Bhota left the game
[15Aug2026 15:53:35.807] [Render thread/INFO] [net.minecraft.client.gui.NewChatGui/]: [CHAT] Bhota joined the game
[15Aug2026 15:53:36.114] [Server thread/INFO] [net.minecraft.server.MinecraftServer/]: <Bhota> Bot online. Mention me and tell me what you want, or use !help.
[15Aug2026 15:53:39.935] [Server thread/INFO] [net.minecraft.server.MinecraftServer/]: <Dev> bhota mine me some wood
[15Aug2026 15:53:40.056] [Render thread/INFO] [net.minecraft.client.gui.NewChatGui/]: [CHAT] <Dev> bhota mine me some wood
[15Aug2026 15:53:40.063] [Server thread/INFO] [net.minecraft.server.MinecraftServer/]: <Bhota> I only take instructions from my master.
[15Aug2026 15:53:40.902] [User Authenticator #48/WARN] [net.minecraft.network.login.ServerLoginNetHandler/]: Failed to verify username but will let them in anyway!
[15Aug2026 15:53:40.964] [Server thread/INFO] [net.minecraft.network.play.ServerPlayNetHandler/]: Bhota lost connection: You logged in from another location
[15Aug2026 15:53:40.964] [Server thread/INFO] [net.minecraft.server.MinecraftServer/]: Bhota left the game
[15Aug2026 15:53:40.970] [Server thread/INFO] [net.minecraftforge.common.AdvancementLoadFix/]: Using new advancement loading for net.minecraft.advancements.PlayerAdvancements@39135299
[15Aug2026 15:53:41.016] [Server thread/WARN] [net.minecraft.network.NetworkManager/]: handleDisconnection() called twice
[15Aug2026 15:53:41.017] [Server thread/INFO] [net.minecraft.server.management.PlayerList/]: Bhota[/192.168.29.156:54777] logged in with entity id 566 at (-29.438809123409964, 4.0, -76.38462433952624)
[15Aug2026 15:53:41.019] [Render thread/INFO] [net.minecraft.client.gui.NewChatGui/]: [CHAT] Bhota left the game
[15Aug2026 15:53:41.025] [Server thread/INFO] [net.minecraft.server.MinecraftServer/]: Bhota joined the game
[15Aug2026 15:53:41.205] [Render thread/INFO] [net.minecraft.client.gui.NewChatGui/]: [CHAT] Bhota joined the game
[15Aug2026 15:53:41.398] [Server thread/INFO] [net.minecraft.server.MinecraftServer/]: <Bhota> Bot online. Mention me and tell me what you want, or use !help.
[15Aug2026 15:53:46.505] [User Authenticator #49/WARN] [net.minecraft.network.login.ServerLoginNetHandler/]: Failed to verify username but will let them in anyway!
[15Aug2026 15:53:46.593] [Server thread/INFO] [net.minecraft.network.play.ServerPlayNetHandler/]: Bhota lost connection: You logged in from another location
[15Aug2026 15:53:46.593] [Server thread/INFO] [net.minecraft.server.MinecraftServer/]: Bhota left the game
[15Aug2026 15:53:46.600] [Server thread/INFO] [net.minecraftforge.common.AdvancementLoadFix/]: Using new advancement loading for net.minecraft.advancements.PlayerAdvancements@7523aa4
[15Aug2026 15:53:46.615] [Server thread/WARN] [net.minecraft.network.NetworkManager/]: handleDisconnection() called twice
[15Aug2026 15:53:46.617] [Server thread/INFO] [net.minecraft.server.management.PlayerList/]: Bhota[/192.168.29.156:54778] logged in with entity id 572 at (-29.438809123409964, 4.0, -76.38462433952624)
[15Aug2026 15:53:46.621] [Server thread/INFO] [net.minecraft.server.MinecraftServer/]: Bhota joined the game
[15Aug2026 15:53:46.756] [Render thread/INFO] [net.minecraft.client.gui.NewChatGui/]: [CHAT] Bhota left the game
[15Aug2026 15:53:46.756] [Render thread/INFO] [net.minecraft.client.gui.NewChatGui/]: [CHAT] Bhota joined the game
[15Aug2026 15:53:46.851] [Server thread/INFO] [net.minecraft.server.MinecraftServer/]: <Bhota> Bot online. Mention me and tell me what you want, or use !help.
[15Aug2026 15:53:48.261] [Server thread/INFO] [net.minecraft.server.MinecraftServer/]: <Dev> botie mine me some wood
[15Aug2026 15:53:48.270] [Render thread/INFO] [net.minecraft.client.gui.NewChatGui/]: [CHAT] <Dev> botie mine me some wood
[15Aug2026 15:53:51.908] [User Authenticator #50/WARN] [net.minecraft.network.login.ServerLoginNetHandler/]: Failed to verify username but will let them in anyway!
[15Aug2026 15:53:52.015] [Server thread/INFO] [net.minecraft.network.play.ServerPlayNetHandler/]: Bhota lost connection: Disconnected
[15Aug2026 15:53:52.015] [Server thread/INFO] [net.minecraft.server.MinecraftServer/]: Bhota left the game
[15Aug2026 15:53:52.036] [Server thread/INFO] [net.minecraftforge.common.AdvancementLoadFix/]: Using new advancement loading for net.minecraft.advancements.PlayerAdvancements@17a80cdd
[15Aug2026 15:53:52.052] [Server thread/WARN] [net.minecraft.network.NetworkManager/]: handleDisconnection() called twice
[15Aug2026 15:53:52.054] [Server thread/INFO] [net.minecraft.server.management.PlayerList/]: Bhota[/192.168.29.156:54779] logged in with entity id 584 at (-29.438809123409964, 4.0, -76.38462433952624)
[15Aug2026 15:53:52.064] [Server thread/INFO] [net.minecraft.server.MinecraftServer/]: Bhota joined the game
[15Aug2026 15:53:52.166] [Render thread/INFO] [net.minecraft.client.gui.NewChatGui/]: [CHAT] Bhota left the game
[15Aug2026 15:53:52.167] [Render thread/INFO] [net.minecraft.client.gui.NewChatGui/]: [CHAT] Bhota joined the game
[15Aug2026 15:53:52.344] [Server thread/INFO] [net.minecraft.server.MinecraftServer/]: <Bhota> Bot online. Mention me and tell me what you want, or use !help.
[15Aug2026 15:53:54.813] [Server thread/INFO] [net.minecraft.server.MinecraftServer/]: <Dev> !help
[15Aug2026 15:53:54.823] [Server thread/INFO] [net.minecraft.server.MinecraftServer/]: <Bhota> I don't take orders from you.
[15Aug2026 15:53:54.823] [Render thread/INFO] [net.minecraft.client.gui.NewChatGui/]: [CHAT] <Dev> !help
[15Aug2026 15:53:57.543] [User Authenticator #51/WARN] [net.minecraft.network.login.ServerLoginNetHandler/]: Failed to verify username but will let them in anyway!
[15Aug2026 15:53:57.681] [Server thread/INFO] [net.minecraft.network.play.ServerPlayNetHandler/]: Bhota lost connection: You logged in from another location
[15Aug2026 15:53:57.681] [Server thread/INFO] [net.minecraft.server.MinecraftServer/]: Bhota left the game
[15Aug2026 15:53:57.689] [Server thread/INFO] [net.minecraft.server.management.PlayerList/]: Bhota[/192.168.29.156:54780] logged in with entity id 593 at (-29.438809123409964, 4.0, -76.38462433952624)
[15Aug2026 15:53:57.697] [Server thread/INFO] [net.minecraft.server.MinecraftServer/]: Bhota joined the game
[15Aug2026 15:53:57.829] [Render thread/INFO] [net.minecraft.client.gui.NewChatGui/]: [CHAT] Bhota left the game
[15Aug2026 15:53:57.831] [Render thread/INFO] [net.minecraft.client.gui.NewChatGui/]: [CHAT] Bhota joined the game
[15Aug2026 15:53:57.969] [Server thread/INFO] [net.minecraft.server.MinecraftServer/]: <Bhota> Bot online. Mention me and tell me what you want, or use !help.
[15Aug2026 15:54:00.312] [Server thread/INFO] [net.minecraft.server.MinecraftServer/]: <Dev> !help
[15Aug2026 15:54:00.325] [Server thread/INFO] [net.minecraft.server.MinecraftServer/]: <Bhota> I don't take orders from you.
[15Aug2026 15:54:00.325] [Render thread/INFO] [net.minecraft.client.gui.NewChatGui/]: [CHAT] <Dev> !help
[15Aug2026 15:54:03.112] [User Authenticator #52/WARN] [net.minecraft.network.login.ServerLoginNetHandler/]: Failed to verify username but will let them in anyway!
[15Aug2026 15:54:03.155] [Server thread/INFO] [net.minecraft.network.play.ServerPlayNetHandler/]: Bhota lost connection: You logged in from another location
[15Aug2026 15:54:03.155] [Server thread/INFO] [net.minecraft.server.MinecraftServer/]: Bhota left the game
[15Aug2026 15:54:03.161] [Server thread/INFO] [net.minecraftforge.common.AdvancementLoadFix/]: Using new advancement loading for net.minecraft.advancements.PlayerAdvancements@22208427
[15Aug2026 15:54:03.213] [Render thread/INFO] [net.minecraft.client.gui.NewChatGui/]: [CHAT] Bhota left the game
[15Aug2026 15:54:03.219] [Server thread/WARN] [net.minecraft.network.NetworkManager/]: handleDisconnection() called twice
[15Aug2026 15:54:03.221] [Server thread/INFO] [net.minecraft.server.management.PlayerList/]: Bhota[/192.168.29.156:54781] logged in with entity id 598 at (-29.438809123409964, 4.0, -76.38462433952624)
[15Aug2026 15:54:03.249] [Server thread/INFO] [net.minecraft.server.MinecraftServer/]: Bhota joined the game
[15Aug2026 15:54:03.432] [Render thread/INFO] [net.minecraft.client.gui.NewChatGui/]: [CHAT] Bhota joined the game
[15Aug2026 15:54:03.616] [Server thread/INFO] [net.minecraft.server.MinecraftServer/]: <Bhota> Bot online. Mention me and tell me what you want, or use !help.
[15Aug2026 15:54:04.706] [Server thread/INFO] [net.minecraft.server.MinecraftServer/]: <Dev> bhota
[15Aug2026 15:54:04.717] [Render thread/INFO] [net.minecraft.client.gui.NewChatGui/]: [CHAT] <Dev> bhota
[15Aug2026 15:54:06.148] [Server thread/INFO] [net.minecraft.server.MinecraftServer/]: <Bhota> meoolotie
[15Aug2026 15:54:07.639] [Server thread/INFO] [net.minecraft.server.MinecraftServer/]: <Dev> botie
[15Aug2026 15:54:07.678] [Render thread/INFO] [net.minecraft.client.gui.NewChatGui/]: [CHAT] <Dev> botie
[15Aug2026 15:54:08.695] [User Authenticator #53/WARN] [net.minecraft.network.login.ServerLoginNetHandler/]: Failed to verify username but will let them in anyway!
[15Aug2026 15:54:08.767] [Server thread/INFO] [net.minecraft.network.play.ServerPlayNetHandler/]: Bhota lost connection: You logged in from another location
[15Aug2026 15:54:08.767] [Server thread/INFO] [net.minecraft.server.MinecraftServer/]: Bhota left the game
[15Aug2026 15:54:08.794] [Server thread/INFO] [net.minecraftforge.common.AdvancementLoadFix/]: Using new advancement loading for net.minecraft.advancements.PlayerAdvancements@4460e581
[15Aug2026 15:54:08.809] [Server thread/WARN] [net.minecraft.network.NetworkManager/]: handleDisconnection() called twice
[15Aug2026 15:54:08.812] [Server thread/INFO] [net.minecraft.server.management.PlayerList/]: Bhota[/192.168.29.156:54782] logged in with entity id 603 at (-29.438809123409964, 4.0, -76.38462433952624)
[15Aug2026 15:54:08.828] [Server thread/INFO] [net.minecraft.server.MinecraftServer/]: Bhota joined the game
[15Aug2026 15:54:08.932] [Render thread/INFO] [net.minecraft.client.gui.NewChatGui/]: [CHAT] Bhota left the game
[15Aug2026 15:54:08.932] [Render thread/INFO] [net.minecraft.client.gui.NewChatGui/]: [CHAT] Bhota joined the game
[15Aug2026 15:54:09.221] [Server thread/INFO] [net.minecraft.server.MinecraftServer/]: <Bhota> Bot online. Mention me and tell me what you want, or use !help.
[15Aug2026 15:54:14.276] [User Authenticator #54/WARN] [net.minecraft.network.login.ServerLoginNetHandler/]: Failed to verify username but will let them in anyway!
[15Aug2026 15:54:14.411] [Server thread/INFO] [net.minecraft.network.play.ServerPlayNetHandler/]: Bhota lost connection: You logged in from another location
[15Aug2026 15:54:14.412] [Server thread/INFO] [net.minecraft.server.MinecraftServer/]: Bhota left the game
[15Aug2026 15:54:14.419] [Server thread/INFO] [net.minecraft.server.management.PlayerList/]: Bhota[/192.168.29.156:54783] logged in with entity id 611 at (-29.438809123409964, 4.0, -76.38462433952624)
[15Aug2026 15:54:14.424] [Server thread/INFO] [net.minecraft.server.MinecraftServer/]: Bhota joined the game
[15Aug2026 15:54:14.531] [Render thread/INFO] [net.minecraft.client.gui.NewChatGui/]: [CHAT] Bhota left the game
[15Aug2026 15:54:14.535] [Render thread/INFO] [net.minecraft.client.gui.NewChatGui/]: [CHAT] Bhota joined the game
[15Aug2026 15:54:14.778] [Server thread/INFO] [net.minecraft.server.MinecraftServer/]: <Bhota> Bot online. Mention me and tell me what you want, or use !help.
[15Aug2026 15:54:18.000] [Server thread/INFO] [net.minecraft.server.MinecraftServer/]: <Bhota> > retreatFrom(source="player_attack:Dev")
[15Aug2026 15:54:18.347] [Server thread/INFO] [net.minecraft.server.MinecraftServer/]: <Bhota> > endFlee()
[15Aug2026 15:54:19.932] [User Authenticator #55/WARN] [net.minecraft.network.login.ServerLoginNetHandler/]: Failed to verify username but will let them in anyway!
[15Aug2026 15:54:20.013] [Server thread/INFO] [net.minecraftforge.common.AdvancementLoadFix/]: Using new advancement loading for net.minecraft.advancements.PlayerAdvancements@15bf4df5
[15Aug2026 15:54:20.082] [Server thread/INFO] [net.minecraft.network.play.ServerPlayNetHandler/]: Bhota lost connection: You logged in from another location
[15Aug2026 15:54:20.082] [Server thread/INFO] [net.minecraft.server.MinecraftServer/]: Bhota left the game
[15Aug2026 15:54:20.091] [Server thread/INFO] [net.minecraft.server.management.PlayerList/]: Bhota[/192.168.29.156:54784] logged in with entity id 619 at (-28.500229721980944, 4.0, -67.18421251305416)
[15Aug2026 15:54:20.115] [Server thread/INFO] [net.minecraft.server.MinecraftServer/]: Bhota joined the game
[15Aug2026 15:54:20.417] [Render thread/INFO] [net.minecraft.client.gui.NewChatGui/]: [CHAT] Bhota left the game
[15Aug2026 15:54:20.418] [Render thread/INFO] [net.minecraft.client.gui.NewChatGui/]: [CHAT] Bhota joined the game
[15Aug2026 15:54:20.430] [Server thread/INFO] [net.minecraft.server.MinecraftServer/]: <Bhota> Bot online. Mention me and tell me what you want, or use !help.
[15Aug2026 15:54:23.677] [Server thread/INFO] [net.minecraft.server.MinecraftServer/]: <Bhota> > retreatFrom(source="player_attack:Dev")
[15Aug2026 15:54:23.811] [Server thread/INFO] [net.minecraft.server.MinecraftServer/]: <Bhota> > endFlee()
[15Aug2026 15:54:25.448] [User Authenticator #56/WARN] [net.minecraft.network.login.ServerLoginNetHandler/]: Failed to verify username but will let them in anyway!
[15Aug2026 15:54:25.528] [Server thread/INFO] [net.minecraft.network.play.ServerPlayNetHandler/]: Bhota lost connection: You logged in from another location
[15Aug2026 15:54:25.528] [Server thread/INFO] [net.minecraft.server.MinecraftServer/]: Bhota left the game
[15Aug2026 15:54:25.534] [Server thread/INFO] [net.minecraftforge.common.AdvancementLoadFix/]: Using new advancement loading for net.minecraft.advancements.PlayerAdvancements@6cbb5f42
[15Aug2026 15:54:25.553] [Server thread/WARN] [net.minecraft.network.NetworkManager/]: handleDisconnection() called twice
[15Aug2026 15:54:25.559] [Server thread/INFO] [net.minecraft.server.management.PlayerList/]: Bhota[/192.168.29.156:54785] logged in with entity id 639 at (-28.50022972197947, 4.0, -56.647757043362176)
[15Aug2026 15:54:25.597] [Server thread/INFO] [net.minecraft.server.MinecraftServer/]: Bhota joined the game
[15Aug2026 15:54:25.733] [Render thread/INFO] [net.minecraft.client.gui.NewChatGui/]: [CHAT] Bhota left the game
[15Aug2026 15:54:25.735] [Render thread/INFO] [net.minecraft.client.gui.NewChatGui/]: [CHAT] Bhota joined the game
[15Aug2026 15:54:25.844] [Server thread/INFO] [net.minecraft.server.MinecraftServer/]: <Bhota> Bot online. Mention me and tell me what you want, or use !help.
[15Aug2026 15:54:31.059] [User Authenticator #57/WARN] [net.minecraft.network.login.ServerLoginNetHandler/]: Failed to verify username but will let them in anyway!
[15Aug2026 15:54:31.177] [Server thread/INFO] [net.minecraft.network.play.ServerPlayNetHandler/]: Bhota lost connection: You logged in from another location
[15Aug2026 15:54:31.180] [Server thread/INFO] [net.minecraft.server.MinecraftServer/]: Bhota left the game
[15Aug2026 15:54:31.187] [Server thread/INFO] [net.minecraftforge.common.AdvancementLoadFix/]: Using new advancement loading for net.minecraft.advancements.PlayerAdvancements@23f718fa
[15Aug2026 15:54:31.202] [Server thread/WARN] [net.minecraft.network.NetworkManager/]: handleDisconnection() called twice
[15Aug2026 15:54:31.204] [Server thread/INFO] [net.minecraft.server.management.PlayerList/]: Bhota[/192.168.29.156:54786] logged in with entity id 646 at (-28.50022972197947, 4.0, -56.647757043362176)
[15Aug2026 15:54:31.228] [Server thread/INFO] [net.minecraft.server.MinecraftServer/]: Bhota joined the game
[15Aug2026 15:54:31.354] [Render thread/INFO] [net.minecraft.client.gui.NewChatGui/]: [CHAT] Bhota left the game
[15Aug2026 15:54:31.355] [Render thread/INFO] [net.minecraft.client.gui.NewChatGui/]: [CHAT] Bhota joined the game
[15Aug2026 15:54:31.469] [Server thread/INFO] [net.minecraft.server.MinecraftServer/]: <Bhota> Bot online. Mention me and tell me what you want, or use !help.
[15Aug2026 15:54:36.697] [User Authenticator #58/WARN] [net.minecraft.network.login.ServerLoginNetHandler/]: Failed to verify username but will let them in anyway!
[15Aug2026 15:54:36.776] [Server thread/INFO] [net.minecraft.network.play.ServerPlayNetHandler/]: Bhota lost connection: You logged in from another location
[15Aug2026 15:54:36.777] [Server thread/INFO] [net.minecraft.server.MinecraftServer/]: Bhota left the game
[15Aug2026 15:54:36.808] [Server thread/INFO] [net.minecraftforge.common.AdvancementLoadFix/]: Using new advancement loading for net.minecraft.advancements.PlayerAdvancements@4e4512ff
[15Aug2026 15:54:36.819] [Server thread/WARN] [net.minecraft.network.NetworkManager/]: handleDisconnection() called twice
[15Aug2026 15:54:36.821] [Server thread/INFO] [net.minecraft.server.management.PlayerList/]: Bhota[/192.168.29.156:54787] logged in with entity id 656 at (-28.50022972197947, 4.0, -56.647757043362176)
[15Aug2026 15:54:36.832] [Server thread/INFO] [net.minecraft.server.MinecraftServer/]: Bhota joined the game
[15Aug2026 15:54:36.882] [Render thread/INFO] [net.minecraft.client.gui.NewChatGui/]: [CHAT] Bhota left the game
[15Aug2026 15:54:36.884] [Render thread/INFO] [net.minecraft.client.gui.NewChatGui/]: [CHAT] Bhota joined the game
[15Aug2026 15:54:37.468] [Server thread/INFO] [net.minecraft.server.MinecraftServer/]: <Bhota> Bot online. Mention me and tell me what you want, or use !help.
[15Aug2026 15:54:42.400] [User Authenticator #59/WARN] [net.minecraft.network.login.ServerLoginNetHandler/]: Failed to verify username but will let them in anyway!
[15Aug2026 15:54:42.481] [Server thread/INFO] [net.minecraft.network.play.ServerPlayNetHandler/]: Bhota lost connection: You logged in from another location
[15Aug2026 15:54:42.482] [Server thread/INFO] [net.minecraft.server.MinecraftServer/]: Bhota left the game
[15Aug2026 15:54:42.497] [Server thread/INFO] [net.minecraftforge.common.AdvancementLoadFix/]: Using new advancement loading for net.minecraft.advancements.PlayerAdvancements@417339ee
[15Aug2026 15:54:42.508] [Server thread/WARN] [net.minecraft.network.NetworkManager/]: handleDisconnection() called twice
[15Aug2026 15:54:42.510] [Server thread/INFO] [net.minecraft.server.management.PlayerList/]: Bhota[/192.168.29.156:54788] logged in with entity id 666 at (-28.50022972197947, 4.0, -56.647757043362176)
[15Aug2026 15:54:42.522] [Server thread/INFO] [net.minecraft.server.MinecraftServer/]: Bhota joined the game
[15Aug2026 15:54:42.644] [Render thread/INFO] [net.minecraft.client.gui.NewChatGui/]: [CHAT] Bhota left the game
[15Aug2026 15:54:42.645] [Render thread/INFO] [net.minecraft.client.gui.NewChatGui/]: [CHAT] Bhota joined the game
[15Aug2026 15:54:43.040] [Server thread/INFO] [net.minecraft.server.MinecraftServer/]: <Bhota> Bot online. Mention me and tell me what you want, or use !help.
[15Aug2026 15:54:47.891] [User Authenticator #60/WARN] [net.minecraft.network.login.ServerLoginNetHandler/]: Failed to verify username but will let them in anyway!
[15Aug2026 15:54:48.017] [Server thread/INFO] [net.minecraft.network.play.ServerPlayNetHandler/]: Bhota lost connection: You logged in from another location
[15Aug2026 15:54:48.017] [Server thread/INFO] [net.minecraft.server.MinecraftServer/]: Bhota left the game
[15Aug2026 15:54:48.025] [Server thread/INFO] [net.minecraft.server.management.PlayerList/]: Bhota[/192.168.29.156:54789] logged in with entity id 673 at (-28.50022972197947, 4.0, -56.647757043362176)
[15Aug2026 15:54:48.049] [Server thread/INFO] [net.minecraft.server.MinecraftServer/]: Bhota joined the game
[15Aug2026 15:54:48.140] [Render thread/INFO] [net.minecraft.client.gui.NewChatGui/]: [CHAT] Bhota left the game
[15Aug2026 15:54:48.141] [Render thread/INFO] [net.minecraft.client.gui.NewChatGui/]: [CHAT] Bhota joined the game
[15Aug2026 15:54:48.275] [Server thread/INFO] [net.minecraft.server.MinecraftServer/]: <Bhota> Bot online. Mention me and tell me what you want, or use !help.
[15Aug2026 15:54:53.326] [User Authenticator #61/WARN] [net.minecraft.network.login.ServerLoginNetHandler/]: Failed to verify username but will let them in anyway!
[15Aug2026 15:54:53.405] [Server thread/INFO] [net.minecraft.network.play.ServerPlayNetHandler/]: Bhota lost connection: You logged in from another location
[15Aug2026 15:54:53.405] [Server thread/INFO] [net.minecraft.server.MinecraftServer/]: Bhota left the game
[15Aug2026 15:54:53.415] [Server thread/INFO] [net.minecraftforge.common.AdvancementLoadFix/]: Using new advancement loading for net.minecraft.advancements.PlayerAdvancements@176a0a03
[15Aug2026 15:54:53.422] [Render thread/INFO] [net.minecraft.client.gui.NewChatGui/]: [CHAT] Bhota left the game
[15Aug2026 15:54:53.457] [Server thread/WARN] [net.minecraft.network.NetworkManager/]: handleDisconnection() called twice
[15Aug2026 15:54:53.460] [Server thread/INFO] [net.minecraft.server.management.PlayerList/]: Bhota[/192.168.29.156:54790] logged in with entity id 685 at (-28.50022972197947, 4.0, -56.647757043362176)
[15Aug2026 15:54:53.468] [Server thread/INFO] [net.minecraft.server.MinecraftServer/]: Bhota joined the game
[15Aug2026 15:54:53.504] [Render thread/INFO] [net.minecraft.client.gui.NewChatGui/]: [CHAT] Bhota joined the game
[15Aug2026 15:54:53.662] [Server thread/INFO] [net.minecraft.server.MinecraftServer/]: <Bhota> Bot online. Mention me and tell me what you want, or use !help.
[15Aug2026 15:54:56.703] [Server thread/INFO] [net.minecraft.server.MinecraftServer/]: <Bhota> > retreatFrom(source="player_attack:Dev")
[15Aug2026 15:54:58.562] [Server thread/INFO] [net.minecraft.server.MinecraftServer/]: <Bhota> > endFlee()
[15Aug2026 15:54:58.737] [User Authenticator #62/WARN] [net.minecraft.network.login.ServerLoginNetHandler/]: Failed to verify username but will let them in anyway!
[15Aug2026 15:54:58.852] [Server thread/INFO] [net.minecraft.network.play.ServerPlayNetHandler/]: Bhota lost connection: You logged in from another location
[15Aug2026 15:54:58.852] [Server thread/INFO] [net.minecraft.server.MinecraftServer/]: Bhota left the game
[15Aug2026 15:54:58.861] [Server thread/INFO] [net.minecraft.server.management.PlayerList/]: Bhota[/192.168.29.156:54791] logged in with entity id 698 at (-28.424898748254016, 4.509373872579908, -65.50778899506847)
[15Aug2026 15:54:58.891] [Server thread/INFO] [net.minecraft.server.MinecraftServer/]: Bhota joined the game
[15Aug2026 15:54:59.068] [Render thread/INFO] [net.minecraft.client.gui.NewChatGui/]: [CHAT] Bhota left the game
[15Aug2026 15:54:59.069] [Render thread/INFO] [net.minecraft.client.gui.NewChatGui/]: [CHAT] Bhota joined the game
[15Aug2026 15:54:59.215] [Server thread/INFO] [net.minecraft.server.MinecraftServer/]: <Bhota> Bot online. Mention me and tell me what you want, or use !help.
[15Aug2026 15:55:02.056] [Server thread/INFO] [net.minecraft.server.MinecraftServer/]: <Bhota> > retreatFrom(source="player_attack:Dev")
[15Aug2026 15:55:04.605] [User Authenticator #63/WARN] [net.minecraft.network.login.ServerLoginNetHandler/]: Failed to verify username but will let them in anyway!
[15Aug2026 15:55:04.707] [Server thread/INFO] [net.minecraftforge.common.AdvancementLoadFix/]: Using new advancement loading for net.minecraft.advancements.PlayerAdvancements@1855b090
[15Aug2026 15:55:04.755] [Server thread/INFO] [net.minecraft.network.play.ServerPlayNetHandler/]: Bhota lost connection: You logged in from another location
[15Aug2026 15:55:04.755] [Server thread/INFO] [net.minecraft.server.MinecraftServer/]: Bhota left the game
[15Aug2026 15:55:04.762] [Server thread/INFO] [net.minecraft.server.management.PlayerList/]: Bhota[/192.168.29.156:54792] logged in with entity id 705 at (-24.39468051139595, 5.02442408821368, -71.58900090696449)
[15Aug2026 15:55:04.771] [Server thread/INFO] [net.minecraft.server.MinecraftServer/]: Bhota joined the game
[15Aug2026 15:55:04.851] [Render thread/INFO] [net.minecraft.client.gui.NewChatGui/]: [CHAT] Bhota left the game
[15Aug2026 15:55:04.852] [Render thread/INFO] [net.minecraft.client.gui.NewChatGui/]: [CHAT] Bhota joined the game
[15Aug2026 15:55:04.955] [Server thread/INFO] [net.minecraft.server.MinecraftServer/]: <Bhota> Bot online. Mention me and tell me what you want, or use !help.
[15Aug2026 15:55:07.948] [Server thread/INFO] [net.minecraft.server.MinecraftServer/]: <Bhota> > retreatFrom(source="player_attack:Dev")
[15Aug2026 15:55:08.026] [Server thread/INFO] [net.minecraft.server.MinecraftServer/]: <Bhota> > endFlee()
[15Aug2026 15:55:10.046] [User Authenticator #64/WARN] [net.minecraft.network.login.ServerLoginNetHandler/]: Failed to verify username but will let them in anyway!
[15Aug2026 15:55:10.108] [Server thread/INFO] [net.minecraft.network.play.ServerPlayNetHandler/]: Bhota lost connection: You logged in from another location
[15Aug2026 15:55:10.108] [Server thread/INFO] [net.minecraft.server.MinecraftServer/]: Bhota left the game
[15Aug2026 15:55:10.118] [Server thread/INFO] [net.minecraftforge.common.AdvancementLoadFix/]: Using new advancement loading for net.minecraft.advancements.PlayerAdvancements@6e694bb8
[15Aug2026 15:55:10.129] [Render thread/INFO] [net.minecraft.client.gui.NewChatGui/]: [CHAT] Bhota left the game
[15Aug2026 15:55:10.158] [Server thread/WARN] [net.minecraft.network.NetworkManager/]: handleDisconnection() called twice
[15Aug2026 15:55:10.160] [Server thread/INFO] [net.minecraft.server.management.PlayerList/]: Bhota[/192.168.29.156:54793] logged in with entity id 720 at (-28.498789024069684, 4.0, -80.5)
[15Aug2026 15:55:10.168] [Server thread/INFO] [net.minecraft.server.MinecraftServer/]: Bhota joined the game
[15Aug2026 15:55:10.265] [Render thread/INFO] [net.minecraft.client.gui.NewChatGui/]: [CHAT] Bhota joined the game
[15Aug2026 15:55:10.315] [Server thread/INFO] [net.minecraft.server.MinecraftServer/]: <Bhota> Bot online. Mention me and tell me what you want, or use !help.
[15Aug2026 15:55:14.179] [Server thread/INFO] [net.minecraft.server.MinecraftServer/]: <Bhota> > startFight(target="zombie")
[15Aug2026 15:55:15.462] [User Authenticator #65/WARN] [net.minecraft.network.login.ServerLoginNetHandler/]: Failed to verify username but will let them in anyway!
[15Aug2026 15:55:15.604] [Server thread/INFO] [net.minecraft.network.play.ServerPlayNetHandler/]: Bhota lost connection: You logged in from another location
[15Aug2026 15:55:15.604] [Server thread/INFO] [net.minecraft.server.MinecraftServer/]: Bhota left the game
[15Aug2026 15:55:15.617] [Server thread/INFO] [net.minecraft.server.management.PlayerList/]: Bhota[/192.168.29.156:54794] logged in with entity id 729 at (-23.512780291123732, 4.0, -77.4446309484604)
[15Aug2026 15:55:15.621] [Server thread/INFO] [net.minecraft.server.MinecraftServer/]: Bhota joined the game
[15Aug2026 15:55:15.718] [Render thread/INFO] [net.minecraft.client.gui.NewChatGui/]: [CHAT] Bhota left the game
[15Aug2026 15:55:15.719] [Render thread/INFO] [net.minecraft.client.gui.NewChatGui/]: [CHAT] Bhota joined the game
[15Aug2026 15:55:15.761] [Server thread/INFO] [net.minecraft.server.MinecraftServer/]: <Bhota> Bot online. Mention me and tell me what you want, or use !help.
[15Aug2026 15:55:15.839] [Server thread/INFO] [net.minecraft.server.MinecraftServer/]: <Bhota> > startFight(target="zombie")
[15Aug2026 15:55:20.885] [User Authenticator #66/WARN] [net.minecraft.network.login.ServerLoginNetHandler/]: Failed to verify username but will let them in anyway!
[15Aug2026 15:55:20.949] [Server thread/INFO] [net.minecraftforge.common.AdvancementLoadFix/]: Using new advancement loading for net.minecraft.advancements.PlayerAdvancements@63599162
[15Aug2026 15:55:21.003] [Server thread/INFO] [net.minecraft.network.play.ServerPlayNetHandler/]: Bhota lost connection: You logged in from another location
[15Aug2026 15:55:21.003] [Server thread/INFO] [net.minecraft.server.MinecraftServer/]: Bhota left the game
[15Aug2026 15:55:21.013] [Server thread/INFO] [net.minecraft.server.management.PlayerList/]: Bhota[/192.168.29.156:54795] logged in with entity id 751 at (-14.5, 4.0, -75.5)
[15Aug2026 15:55:21.019] [Server thread/INFO] [net.minecraft.server.MinecraftServer/]: Bhota joined the game
[15Aug2026 15:55:21.124] [Render thread/INFO] [net.minecraft.client.gui.NewChatGui/]: [CHAT] Bhota left the game
[15Aug2026 15:55:21.124] [Render thread/INFO] [net.minecraft.client.gui.NewChatGui/]: [CHAT] Bhota joined the game
[15Aug2026 15:55:21.175] [Server thread/INFO] [net.minecraft.server.MinecraftServer/]: <Bhota> Bot online. Mention me and tell me what you want, or use !help.
[15Aug2026 15:55:26.345] [User Authenticator #67/WARN] [net.minecraft.network.login.ServerLoginNetHandler/]: Failed to verify username but will let them in anyway!
[15Aug2026 15:55:26.490] [Server thread/INFO] [net.minecraft.network.play.ServerPlayNetHandler/]: Bhota lost connection: You logged in from another location
[15Aug2026 15:55:26.490] [Server thread/INFO] [net.minecraft.server.MinecraftServer/]: Bhota left the game
[15Aug2026 15:55:26.501] [Server thread/INFO] [net.minecraftforge.common.AdvancementLoadFix/]: Using new advancement loading for net.minecraft.advancements.PlayerAdvancements@7cb0fb98
[15Aug2026 15:55:26.510] [Render thread/INFO] [net.minecraft.client.gui.NewChatGui/]: [CHAT] Bhota left the game
[15Aug2026 15:55:26.520] [Server thread/WARN] [net.minecraft.network.NetworkManager/]: handleDisconnection() called twice
[15Aug2026 15:55:26.522] [Server thread/INFO] [net.minecraft.server.management.PlayerList/]: Bhota[/192.168.29.156:54796] logged in with entity id 759 at (-14.5, 4.0, -75.5)
[15Aug2026 15:55:26.533] [Server thread/INFO] [net.minecraft.server.MinecraftServer/]: Bhota joined the game
[15Aug2026 15:55:26.648] [Render thread/INFO] [net.minecraft.client.gui.NewChatGui/]: [CHAT] Bhota joined the game
[15Aug2026 15:55:26.712] [Server thread/INFO] [net.minecraft.server.MinecraftServer/]: <Bhota> Bot online. Mention me and tell me what you want, or use !help.
[15Aug2026 15:55:31.978] [User Authenticator #68/WARN] [net.minecraft.network.login.ServerLoginNetHandler/]: Failed to verify username but will let them in anyway!
[15Aug2026 15:55:32.109] [Server thread/INFO] [net.minecraft.network.play.ServerPlayNetHandler/]: Bhota lost connection: You logged in from another location
[15Aug2026 15:55:32.109] [Server thread/INFO] [net.minecraft.server.MinecraftServer/]: Bhota left the game
[15Aug2026 15:55:32.117] [Server thread/INFO] [net.minecraft.server.management.PlayerList/]: Bhota[/192.168.29.156:54797] logged in with entity id 768 at (-14.5, 4.0, -75.5)
[15Aug2026 15:55:32.121] [Server thread/INFO] [net.minecraft.server.MinecraftServer/]: Bhota joined the game
[15Aug2026 15:55:32.198] [Render thread/INFO] [net.minecraft.client.gui.NewChatGui/]: [CHAT] Bhota left the game
[15Aug2026 15:55:32.199] [Render thread/INFO] [net.minecraft.client.gui.NewChatGui/]: [CHAT] Bhota joined the game
[15Aug2026 15:55:32.356] [Server thread/INFO] [net.minecraft.server.MinecraftServer/]: <Bhota> Bot online. Mention me and tell me what you want, or use !help.
[15Aug2026 15:55:37.486] [User Authenticator #69/WARN] [net.minecraft.network.login.ServerLoginNetHandler/]: Failed to verify username but will let them in anyway!
[15Aug2026 15:55:37.562] [Server thread/INFO] [net.minecraftforge.common.AdvancementLoadFix/]: Using new advancement loading for net.minecraft.advancements.PlayerAdvancements@17aa0a6c
[15Aug2026 15:55:37.608] [Server thread/INFO] [net.minecraft.network.play.ServerPlayNetHandler/]: Bhota lost connection: You logged in from another location
[15Aug2026 15:55:37.608] [Server thread/INFO] [net.minecraft.server.MinecraftServer/]: Bhota left the game
[15Aug2026 15:55:37.616] [Server thread/INFO] [net.minecraft.server.management.PlayerList/]: Bhota[/192.168.29.156:54799] logged in with entity id 777 at (-14.5, 4.0, -75.5)
[15Aug2026 15:55:37.620] [Server thread/INFO] [net.minecraft.server.MinecraftServer/]: Bhota joined the game
[15Aug2026 15:55:37.714] [Render thread/INFO] [net.minecraft.client.gui.NewChatGui/]: [CHAT] Bhota left the game
[15Aug2026 15:55:37.715] [Render thread/INFO] [net.minecraft.client.gui.NewChatGui/]: [CHAT] Bhota joined the game
[15Aug2026 15:55:37.767] [Server thread/INFO] [net.minecraft.server.MinecraftServer/]: <Bhota> Bot online. Mention me and tell me what you want, or use !help.
[15Aug2026 15:55:42.907] [User Authenticator #70/WARN] [net.minecraft.network.login.ServerLoginNetHandler/]: Failed to verify username but will let them in anyway!
[15Aug2026 15:55:43.009] [Server thread/INFO] [net.minecraft.network.play.ServerPlayNetHandler/]: Bhota lost connection: You logged in from another location
[15Aug2026 15:55:43.009] [Server thread/INFO] [net.minecraft.server.MinecraftServer/]: Bhota left the game
[15Aug2026 15:55:43.027] [Server thread/INFO] [net.minecraftforge.common.AdvancementLoadFix/]: Using new advancement loading for net.minecraft.advancements.PlayerAdvancements@694587a1
[15Aug2026 15:55:43.042] [Render thread/INFO] [net.minecraft.client.gui.NewChatGui/]: [CHAT] Bhota left the game
[15Aug2026 15:55:43.081] [Server thread/WARN] [net.minecraft.network.NetworkManager/]: handleDisconnection() called twice
[15Aug2026 15:55:43.103] [Server thread/INFO] [net.minecraft.server.management.PlayerList/]: Bhota[/192.168.29.156:54802] logged in with entity id 783 at (-14.5, 4.0, -75.5)
[15Aug2026 15:55:43.133] [Server thread/INFO] [net.minecraft.server.MinecraftServer/]: Bhota joined the game
[15Aug2026 15:55:43.224] [Render thread/INFO] [net.minecraft.client.gui.NewChatGui/]: [CHAT] Bhota joined the game
[15Aug2026 15:55:43.423] [Server thread/INFO] [net.minecraft.server.MinecraftServer/]: <Bhota> Bot online. Mention me and tell me what you want, or use !help.
[15Aug2026 15:55:48.432] [User Authenticator #71/WARN] [net.minecraft.network.login.ServerLoginNetHandler/]: Failed to verify username but will let them in anyway!
[15Aug2026 15:55:48.554] [Server thread/INFO] [net.minecraft.network.play.ServerPlayNetHandler/]: Bhota lost connection: You logged in from another location
[15Aug2026 15:55:48.554] [Server thread/INFO] [net.minecraft.server.MinecraftServer/]: Bhota left the game
[15Aug2026 15:55:48.561] [Server thread/INFO] [net.minecraft.server.management.PlayerList/]: Bhota[/192.168.29.156:54803] logged in with entity id 798 at (-14.5, 4.0, -75.5)
[15Aug2026 15:55:48.565] [Server thread/INFO] [net.minecraft.server.MinecraftServer/]: Bhota joined the game
[15Aug2026 15:55:48.674] [Render thread/INFO] [net.minecraft.client.gui.NewChatGui/]: [CHAT] Bhota left the game
[15Aug2026 15:55:48.674] [Render thread/INFO] [net.minecraft.client.gui.NewChatGui/]: [CHAT] Bhota joined the game
[15Aug2026 15:55:48.747] [Server thread/INFO] [net.minecraft.server.MinecraftServer/]: <Bhota> Bot online. Mention me and tell me what you want, or use !help.
[15Aug2026 15:55:53.831] [User Authenticator #72/WARN] [net.minecraft.network.login.ServerLoginNetHandler/]: Failed to verify username but will let them in anyway!
[15Aug2026 15:55:53.907] [Server thread/INFO] [net.minecraft.network.play.ServerPlayNetHandler/]: Bhota lost connection: You logged in from another location
[15Aug2026 15:55:53.908] [Server thread/INFO] [net.minecraft.server.MinecraftServer/]: Bhota left the game
[15Aug2026 15:55:53.914] [Server thread/INFO] [net.minecraftforge.common.AdvancementLoadFix/]: Using new advancement loading for net.minecraft.advancements.PlayerAdvancements@7cac3207
[15Aug2026 15:55:53.922] [Render thread/INFO] [net.minecraft.client.gui.NewChatGui/]: [CHAT] Bhota left the game
[15Aug2026 15:55:53.951] [Server thread/WARN] [net.minecraft.network.NetworkManager/]: handleDisconnection() called twice
[15Aug2026 15:55:53.954] [Server thread/INFO] [net.minecraft.server.management.PlayerList/]: Bhota[/192.168.29.156:54804] logged in with entity id 806 at (-14.5, 3.0, -75.5)
[15Aug2026 15:55:53.961] [Server thread/INFO] [net.minecraft.server.MinecraftServer/]: Bhota joined the game
[15Aug2026 15:55:54.013] [Render thread/INFO] [net.minecraft.client.gui.NewChatGui/]: [CHAT] Bhota joined the game
[15Aug2026 15:55:54.132] [Server thread/INFO] [net.minecraft.server.MinecraftServer/]: <Bhota> Bot online. Mention me and tell me what you want, or use !help.
[15Aug2026 15:55:59.284] [User Authenticator #73/WARN] [net.minecraft.network.login.ServerLoginNetHandler/]: Failed to verify username but will let them in anyway!
[15Aug2026 15:55:59.404] [Server thread/INFO] [net.minecraft.network.play.ServerPlayNetHandler/]: Bhota lost connection: You logged in from another location
[15Aug2026 15:55:59.405] [Server thread/INFO] [net.minecraft.server.MinecraftServer/]: Bhota left the game
[15Aug2026 15:55:59.412] [Server thread/INFO] [net.minecraft.server.management.PlayerList/]: Bhota[/192.168.29.156:54805] logged in with entity id 817 at (-14.5, 3.0, -75.5)
[15Aug2026 15:55:59.418] [Server thread/INFO] [net.minecraft.server.MinecraftServer/]: Bhota joined the game
[15Aug2026 15:55:59.508] [Render thread/INFO] [net.minecraft.client.gui.NewChatGui/]: [CHAT] Bhota left the game
[15Aug2026 15:55:59.509] [Render thread/INFO] [net.minecraft.client.gui.NewChatGui/]: [CHAT] Bhota joined the game
[15Aug2026 15:55:59.553] [Server thread/INFO] [net.minecraft.server.MinecraftServer/]: <Bhota> Bot online. Mention me and tell me what you want, or use !help.
[15Aug2026 15:56:00.317] [Server thread/INFO] [net.minecraft.server.MinecraftServer/]: <Bhota> > startFight(target="skeleton")
[15Aug2026 15:56:04.688] [User Authenticator #74/WARN] [net.minecraft.network.login.ServerLoginNetHandler/]: Failed to verify username but will let them in anyway!
[15Aug2026 15:56:04.762] [Server thread/INFO] [net.minecraftforge.common.AdvancementLoadFix/]: Using new advancement loading for net.minecraft.advancements.PlayerAdvancements@1e32f57d
[15Aug2026 15:56:04.799] [Server thread/INFO] [net.minecraft.network.play.ServerPlayNetHandler/]: Bhota lost connection: You logged in from another location
[15Aug2026 15:56:04.799] [Server thread/INFO] [net.minecraft.server.MinecraftServer/]: Bhota left the game
[15Aug2026 15:56:04.807] [Server thread/INFO] [net.minecraft.server.management.PlayerList/]: Bhota[/192.168.29.156:54806] logged in with entity id 904 at (-4.488308060317818, 4.0, -86.89910503783861)
[15Aug2026 15:56:04.813] [Server thread/INFO] [net.minecraft.server.MinecraftServer/]: Bhota joined the game
[15Aug2026 15:56:04.849] [Render thread/INFO] [net.minecraft.client.gui.NewChatGui/]: [CHAT] Bhota left the game
[15Aug2026 15:56:04.849] [Render thread/INFO] [net.minecraft.client.gui.NewChatGui/]: [CHAT] Bhota joined the game
[15Aug2026 15:56:05.013] [Server thread/INFO] [net.minecraft.server.MinecraftServer/]: <Bhota> Bot online. Mention me and tell me what you want, or use !help.
[15Aug2026 15:56:05.213] [Server thread/INFO] [net.minecraft.server.MinecraftServer/]: <Bhota> > retreatFrom(source="creeper")
[15Aug2026 15:56:10.139] [User Authenticator #75/WARN] [net.minecraft.network.login.ServerLoginNetHandler/]: Failed to verify username but will let them in anyway!
[15Aug2026 15:56:10.207] [Server thread/INFO] [net.minecraft.network.play.ServerPlayNetHandler/]: Bhota lost connection: You logged in from another location
[15Aug2026 15:56:10.207] [Server thread/INFO] [net.minecraft.server.MinecraftServer/]: Bhota left the game
[15Aug2026 15:56:10.217] [Server thread/INFO] [net.minecraftforge.common.AdvancementLoadFix/]: Using new advancement loading for net.minecraft.advancements.PlayerAdvancements@3726bd94
[15Aug2026 15:56:10.224] [Render thread/INFO] [net.minecraft.client.gui.NewChatGui/]: [CHAT] Bhota left the game
[15Aug2026 15:56:10.252] [Server thread/WARN] [net.minecraft.network.NetworkManager/]: handleDisconnection() called twice
[15Aug2026 15:56:10.294] [Server thread/INFO] [net.minecraft.server.management.PlayerList/]: Bhota[/192.168.29.156:54807] logged in with entity id 958 at (-15.128368899178305, 4.0, -80.20491427742793)
[15Aug2026 15:56:10.369] [Server thread/INFO] [net.minecraft.server.MinecraftServer/]: Bhota joined the game
[15Aug2026 15:56:10.557] [Server thread/INFO] [net.minecraft.server.MinecraftServer/]: <Bhota> Bot online. Mention me and tell me what you want, or use !help.
[15Aug2026 15:56:10.618] [Render thread/INFO] [net.minecraft.client.gui.NewChatGui/]: [CHAT] Bhota joined the game
[15Aug2026 15:56:10.723] [Server thread/INFO] [net.minecraft.server.MinecraftServer/]: <Bhota> > retreatFrom(source="low_health")
[15Aug2026 15:56:15.577] [User Authenticator #76/WARN] [net.minecraft.network.login.ServerLoginNetHandler/]: Failed to verify username but will let them in anyway!
[15Aug2026 15:56:15.703] [Server thread/INFO] [net.minecraft.network.play.ServerPlayNetHandler/]: Bhota lost connection: You logged in from another location
[15Aug2026 15:56:15.703] [Server thread/INFO] [net.minecraft.server.MinecraftServer/]: Bhota left the game
[15Aug2026 15:56:15.712] [Server thread/INFO] [net.minecraft.server.management.PlayerList/]: Bhota[/192.168.29.156:54808] logged in with entity id 974 at (-24.5, 4.0, -76.39013333073912)
[15Aug2026 15:56:15.718] [Server thread/INFO] [net.minecraft.server.MinecraftServer/]: Bhota joined the game
[15Aug2026 15:56:15.822] [Render thread/INFO] [net.minecraft.client.gui.NewChatGui/]: [CHAT] Bhota left the game
[15Aug2026 15:56:15.823] [Render thread/INFO] [net.minecraft.client.gui.NewChatGui/]: [CHAT] Bhota joined the game
[15Aug2026 15:56:15.881] [Server thread/INFO] [net.minecraft.server.MinecraftServer/]: <Bhota> Bot online. Mention me and tell me what you want, or use !help.
[15Aug2026 15:56:15.973] [Server thread/INFO] [net.minecraft.server.MinecraftServer/]: <Bhota> > retreatFrom(source="low_health")
[15Aug2026 15:56:20.953] [User Authenticator #77/WARN] [net.minecraft.network.login.ServerLoginNetHandler/]: Failed to verify username but will let them in anyway!
[15Aug2026 15:56:21.057] [Server thread/INFO] [net.minecraftforge.common.AdvancementLoadFix/]: Using new advancement loading for net.minecraft.advancements.PlayerAdvancements@329d424f
[15Aug2026 15:56:21.102] [Server thread/INFO] [net.minecraft.network.play.ServerPlayNetHandler/]: Bhota lost connection: You logged in from another location
[15Aug2026 15:56:21.102] [Server thread/INFO] [net.minecraft.server.MinecraftServer/]: Bhota left the game
[15Aug2026 15:56:21.110] [Server thread/INFO] [net.minecraft.server.management.PlayerList/]: Bhota[/192.168.29.156:54809] logged in with entity id 983 at (-35.34982935353678, 4.121296840539189, -74.59618011469054)
[15Aug2026 15:56:21.144] [Server thread/INFO] [net.minecraft.server.MinecraftServer/]: Bhota joined the game
[15Aug2026 15:56:21.260] [Render thread/INFO] [net.minecraft.client.gui.NewChatGui/]: [CHAT] Bhota left the game
[15Aug2026 15:56:21.265] [Render thread/INFO] [net.minecraft.client.gui.NewChatGui/]: [CHAT] Bhota joined the game
[15Aug2026 15:56:21.281] [Server thread/INFO] [net.minecraft.server.MinecraftServer/]: <Bhota> Bot online. Mention me and tell me what you want, or use !help.
[15Aug2026 15:56:21.364] [Server thread/INFO] [net.minecraft.server.MinecraftServer/]: <Bhota> > retreatFrom(source="low_health")
[15Aug2026 15:56:25.733] [Server thread/INFO] [net.minecraft.server.MinecraftServer/]: <Bhota> > startFight(target="spider")
[15Aug2026 15:56:25.783] [Server thread/INFO] [net.minecraft.server.MinecraftServer/]: <Bhota> > retreatFrom(source="low_health")
[15Aug2026 15:56:26.369] [User Authenticator #78/WARN] [net.minecraft.network.login.ServerLoginNetHandler/]: Failed to verify username but will let them in anyway!
[15Aug2026 15:56:26.480] [Server thread/INFO] [net.minecraftforge.common.AdvancementLoadFix/]: Using new advancement loading for net.minecraft.advancements.PlayerAdvancements@5799c6cd
[15Aug2026 15:56:26.501] [Server thread/INFO] [net.minecraft.network.play.ServerPlayNetHandler/]: Bhota lost connection: You logged in from another location
[15Aug2026 15:56:26.501] [Server thread/INFO] [net.minecraft.server.MinecraftServer/]: Bhota left the game
[15Aug2026 15:56:26.510] [Render thread/INFO] [net.minecraft.client.gui.NewChatGui/]: [CHAT] Bhota left the game
[15Aug2026 15:56:26.511] [Server thread/INFO] [net.minecraft.server.management.PlayerList/]: Bhota[/192.168.29.156:54810] logged in with entity id 993 at (-44.042753099856974, 4.7531999805212015, -71.50105915864741)
[15Aug2026 15:56:26.515] [Server thread/INFO] [net.minecraft.server.MinecraftServer/]: Bhota joined the game
[15Aug2026 15:56:26.605] [Render thread/INFO] [net.minecraft.client.gui.NewChatGui/]: [CHAT] Bhota joined the game
[15Aug2026 15:56:26.681] [Server thread/INFO] [net.minecraft.server.MinecraftServer/]: <Bhota> Bot online. Mention me and tell me what you want, or use !help.
[15Aug2026 15:56:26.818] [Server thread/INFO] [net.minecraft.server.MinecraftServer/]: <Bhota> > retreatFrom(source="low_health")
[15Aug2026 15:56:30.414] [Server thread/INFO] [net.minecraft.server.MinecraftServer/]: Bhota was slain by Zombie
[15Aug2026 15:56:30.484] [Render thread/INFO] [net.minecraft.client.gui.NewChatGui/]: [CHAT] Bhota was slain by Zombie
[15Aug2026 15:56:30.521] [Server thread/INFO] [net.minecraft.server.MinecraftServer/]: <Bhota> > onDeath()
[15Aug2026 15:56:30.525] [Server thread/INFO] [net.minecraftforge.common.AdvancementLoadFix/]: Using new advancement loading for net.minecraft.advancements.PlayerAdvancements@6ea91f46
[15Aug2026 15:56:30.713] [Server thread/INFO] [net.minecraft.server.MinecraftServer/]: <Bhota> > endFlee()
[15Aug2026 15:56:31.798] [User Authenticator #79/WARN] [net.minecraft.network.login.ServerLoginNetHandler/]: Failed to verify username but will let them in anyway!
[15Aug2026 15:56:31.901] [Server thread/INFO] [net.minecraft.network.play.ServerPlayNetHandler/]: Bhota lost connection: You logged in from another location
[15Aug2026 15:56:31.901] [Server thread/INFO] [net.minecraft.server.MinecraftServer/]: Bhota left the game
[15Aug2026 15:56:31.909] [Server thread/INFO] [net.minecraft.server.management.PlayerList/]: Bhota[/192.168.29.156:54811] logged in with entity id 1033 at (-42.5, 4.0, -56.5)
[15Aug2026 15:56:31.916] [Server thread/INFO] [net.minecraft.server.MinecraftServer/]: Bhota joined the game
[15Aug2026 15:56:32.049] [Render thread/INFO] [net.minecraft.client.gui.NewChatGui/]: [CHAT] Bhota left the game
[15Aug2026 15:56:32.049] [Render thread/INFO] [net.minecraft.client.gui.NewChatGui/]: [CHAT] Bhota joined the game
[15Aug2026 15:56:32.068] [Server thread/INFO] [net.minecraft.server.MinecraftServer/]: <Bhota> Bot online. Mention me and tell me what you want, or use !help.
[15Aug2026 15:56:35.765] [Server thread/INFO] [net.minecraft.server.MinecraftServer/]: <Bhota> > retreatFrom(source="unarmed_vs_zombie")
[15Aug2026 15:56:37.155] [User Authenticator #80/WARN] [net.minecraft.network.login.ServerLoginNetHandler/]: Failed to verify username but will let them in anyway!
[15Aug2026 15:56:37.204] [Server thread/INFO] [net.minecraftforge.common.AdvancementLoadFix/]: Using new advancement loading for net.minecraft.advancements.PlayerAdvancements@1f081a2a
[15Aug2026 15:56:37.254] [Server thread/INFO] [net.minecraft.network.play.ServerPlayNetHandler/]: Bhota lost connection: You logged in from another location
[15Aug2026 15:56:37.254] [Server thread/INFO] [net.minecraft.server.MinecraftServer/]: Bhota left the game
[15Aug2026 15:56:37.262] [Server thread/INFO] [net.minecraft.server.management.PlayerList/]: Bhota[/192.168.29.156:54812] logged in with entity id 1070 at (-39.62165495147919, 4.7531999805212015, -52.62329321869866)
[15Aug2026 15:56:37.268] [Server thread/INFO] [net.minecraft.server.MinecraftServer/]: Bhota joined the game
[15Aug2026 15:56:37.358] [Render thread/INFO] [net.minecraft.client.gui.NewChatGui/]: [CHAT] Bhota left the game
[15Aug2026 15:56:37.359] [Render thread/INFO] [net.minecraft.client.gui.NewChatGui/]: [CHAT] Bhota joined the game
[15Aug2026 15:56:37.411] [Server thread/INFO] [net.minecraft.server.MinecraftServer/]: <Bhota> Bot online. Mention me and tell me what you want, or use !help.
[15Aug2026 15:56:38.968] [Server thread/INFO] [net.minecraft.server.MinecraftServer/]: <Bhota> > retreatFrom(source="unarmed_vs_zombie")
[15Aug2026 15:56:42.592] [User Authenticator #81/WARN] [net.minecraft.network.login.ServerLoginNetHandler/]: Failed to verify username but will let them in anyway!
[15Aug2026 15:56:42.664] [Server thread/INFO] [net.minecraft.network.play.ServerPlayNetHandler/]: Bhota lost connection: You logged in from another location
[15Aug2026 15:56:42.664] [Server thread/INFO] [net.minecraft.server.MinecraftServer/]: Bhota left the game
[15Aug2026 15:56:42.670] [Server thread/INFO] [net.minecraftforge.common.AdvancementLoadFix/]: Using new advancement loading for net.minecraft.advancements.PlayerAdvancements@4ac2ac27
[15Aug2026 15:56:42.690] [Render thread/INFO] [net.minecraft.client.gui.NewChatGui/]: [CHAT] Bhota left the game
[15Aug2026 15:56:42.698] [Server thread/WARN] [net.minecraft.network.NetworkManager/]: handleDisconnection() called twice
[15Aug2026 15:56:42.701] [Server thread/INFO] [net.minecraft.server.management.PlayerList/]: Bhota[/192.168.29.156:54813] logged in with entity id 1097 at (-34.5, 4.121296840539189, -43.5)
[15Aug2026 15:56:42.767] [Server thread/INFO] [net.minecraft.server.MinecraftServer/]: Bhota joined the game
[15Aug2026 15:56:42.880] [Render thread/INFO] [net.minecraft.client.gui.NewChatGui/]: [CHAT] Bhota joined the game
[15Aug2026 15:56:42.907] [Server thread/INFO] [net.minecraft.server.MinecraftServer/]: <Bhota> Bot online. Mention me and tell me what you want, or use !help.
[15Aug2026 15:56:44.810] [Server thread/INFO] [net.minecraft.server.MinecraftServer/]: <Bhota> > retreatFrom(source="unarmed_vs_zombie")
[15Aug2026 15:56:47.285] [Server thread/INFO] [net.minecraft.server.MinecraftServer/]: <Bhota> > endFlee()
[15Aug2026 15:56:47.989] [User Authenticator #82/WARN] [net.minecraft.network.login.ServerLoginNetHandler/]: Failed to verify username but will let them in anyway!
[15Aug2026 15:56:48.055] [Server thread/INFO] [net.minecraft.network.play.ServerPlayNetHandler/]: Bhota lost connection: Disconnected
[15Aug2026 15:56:48.056] [Server thread/INFO] [net.minecraft.server.MinecraftServer/]: Bhota left the game
[15Aug2026 15:56:48.066] [Server thread/INFO] [net.minecraftforge.common.AdvancementLoadFix/]: Using new advancement loading for net.minecraft.advancements.PlayerAdvancements@31d3b1f3
[15Aug2026 15:56:48.078] [Render thread/INFO] [net.minecraft.client.gui.NewChatGui/]: [CHAT] Bhota left the game
[15Aug2026 15:56:48.103] [Server thread/WARN] [net.minecraft.network.NetworkManager/]: handleDisconnection() called twice
[15Aug2026 15:56:48.106] [Server thread/INFO] [net.minecraft.server.management.PlayerList/]: Bhota[/192.168.29.156:54814] logged in with entity id 1123 at (-31.49677944112688, 4.0, -31.492714117786214)
[15Aug2026 15:56:48.115] [Server thread/INFO] [net.minecraft.server.MinecraftServer/]: Bhota joined the game
[15Aug2026 15:56:48.205] [Render thread/INFO] [net.minecraft.client.gui.NewChatGui/]: [CHAT] Bhota joined the game
[15Aug2026 15:56:48.313] [Server thread/INFO] [net.minecraft.server.MinecraftServer/]: <Bhota> Bot online. Mention me and tell me what you want, or use !help.
[15Aug2026 15:56:50.418] [Server thread/INFO] [net.minecraft.server.MinecraftServer/]: <Bhota> > retreatFrom(source="creeper")
[15Aug2026 15:56:50.792] [Server thread/INFO] [net.minecraft.server.MinecraftServer/]: <Bhota> > endFlee()
[15Aug2026 15:56:53.567] [User Authenticator #83/WARN] [net.minecraft.network.login.ServerLoginNetHandler/]: Failed to verify username but will let them in anyway!
[15Aug2026 15:56:53.650] [Server thread/INFO] [net.minecraft.network.play.ServerPlayNetHandler/]: Bhota lost connection: You logged in from another location
[15Aug2026 15:56:53.650] [Server thread/INFO] [net.minecraft.server.MinecraftServer/]: Bhota left the game
[15Aug2026 15:56:53.657] [Server thread/INFO] [net.minecraftforge.common.AdvancementLoadFix/]: Using new advancement loading for net.minecraft.advancements.PlayerAdvancements@33f50eed
[15Aug2026 15:56:53.664] [Render thread/INFO] [net.minecraft.client.gui.NewChatGui/]: [CHAT] Bhota left the game
[15Aug2026 15:56:53.700] [Server thread/WARN] [net.minecraft.network.NetworkManager/]: handleDisconnection() called twice
[15Aug2026 15:56:53.701] [Server thread/INFO] [net.minecraft.server.management.PlayerList/]: Bhota[/192.168.29.156:54815] logged in with entity id 1138 at (-35.54752495078543, 4.0, -22.658616997207055)
[15Aug2026 15:56:53.714] [Server thread/INFO] [net.minecraft.server.MinecraftServer/]: Bhota joined the game
[15Aug2026 15:56:53.805] [Render thread/INFO] [net.minecraft.client.gui.NewChatGui/]: [CHAT] Bhota joined the game
[15Aug2026 15:56:53.860] [Server thread/INFO] [net.minecraft.server.MinecraftServer/]: <Bhota> Bot online. Mention me and tell me what you want, or use !help.
[15Aug2026 15:56:54.376] [Server thread/INFO] [net.minecraft.server.MinecraftServer/]: <Bhota> > retreatFrom(source="unarmed_vs_skeleton")
[15Aug2026 15:56:54.762] [Server thread/INFO] [net.minecraft.server.MinecraftServer/]: <Bhota> > endFlee()
[15Aug2026 15:56:54.951] [Server thread/INFO] [net.minecraft.server.MinecraftServer/]: <Bhota> > retreatFrom(source="creeper")
[15Aug2026 15:56:55.454] [Server thread/INFO] [net.minecraft.server.MinecraftServer/]: <Bhota> > endFlee()
[15Aug2026 15:56:55.512] [Server thread/INFO] [net.minecraft.server.MinecraftServer/]: <Bhota> > retreatFrom(source="unarmed_vs_skeleton")
[15Aug2026 15:56:58.853] [Server thread/INFO] [net.minecraft.server.MinecraftServer/]: <Bhota> > endFlee()
[15Aug2026 15:56:58.910] [Server thread/INFO] [net.minecraft.server.MinecraftServer/]: <Bhota> > retreatFrom(source="unarmed_vs_zombie")
[15Aug2026 15:56:58.910] [Server thread/INFO] [net.minecraft.server.MinecraftServer/]: <Bhota> > endFlee()
[15Aug2026 15:56:59.029] [User Authenticator #84/WARN] [net.minecraft.network.login.ServerLoginNetHandler/]: Failed to verify username but will let them in anyway!
[15Aug2026 15:56:59.056] [Server thread/INFO] [net.minecraft.server.MinecraftServer/]: <Bhota> > retreatFrom(source="unarmed_vs_zombie")
[15Aug2026 15:56:59.073] [Server thread/INFO] [net.minecraft.network.play.ServerPlayNetHandler/]: Bhota lost connection: You logged in from another location
[15Aug2026 15:56:59.073] [Server thread/INFO] [net.minecraft.server.MinecraftServer/]: Bhota left the game
[15Aug2026 15:56:59.089] [Server thread/INFO] [net.minecraftforge.common.AdvancementLoadFix/]: Using new advancement loading for net.minecraft.advancements.PlayerAdvancements@42b67d03
[15Aug2026 15:56:59.099] [Server thread/WARN] [net.minecraft.network.NetworkManager/]: handleDisconnection() called twice
[15Aug2026 15:56:59.101] [Server thread/INFO] [net.minecraft.server.management.PlayerList/]: Bhota[/192.168.29.156:54816] logged in with entity id 1155 at (-25.196028043887768, 4.0, -25.07739818720896)
[15Aug2026 15:56:59.127] [Server thread/INFO] [net.minecraft.server.MinecraftServer/]: Bhota joined the game
[15Aug2026 15:56:59.265] [Render thread/INFO] [net.minecraft.client.gui.NewChatGui/]: [CHAT] Bhota left the game
[15Aug2026 15:56:59.268] [Render thread/INFO] [net.minecraft.client.gui.NewChatGui/]: [CHAT] Bhota joined the game
[15Aug2026 15:56:59.538] [Server thread/INFO] [net.minecraft.server.MinecraftServer/]: <Bhota> Bot online. Mention me and tell me what you want, or use !help.
[15Aug2026 15:56:59.609] [Server thread/INFO] [net.minecraft.server.MinecraftServer/]: <Bhota> > retreatFrom(source="unarmed_vs_zombie")
[15Aug2026 15:57:00.776] [Server thread/INFO] [net.minecraft.server.MinecraftServer/]: <Bhota> > endFlee()
[15Aug2026 15:57:00.843] [Server thread/INFO] [net.minecraft.server.MinecraftServer/]: <Bhota> > retreatFrom(source="unarmed_vs_slime")
[15Aug2026 15:57:02.664] [Server thread/INFO] [net.minecraft.server.MinecraftServer/]: <Bhota> > endFlee()
[15Aug2026 15:57:02.750] [Server thread/INFO] [net.minecraft.server.MinecraftServer/]: <Bhota> > retreatFrom(source="unarmed_vs_zombie")
[15Aug2026 15:57:04.656] [User Authenticator #85/WARN] [net.minecraft.network.login.ServerLoginNetHandler/]: Failed to verify username but will let them in anyway!
[15Aug2026 15:57:04.803] [Server thread/INFO] [net.minecraft.network.play.ServerPlayNetHandler/]: Bhota lost connection: You logged in from another location
[15Aug2026 15:57:04.803] [Server thread/INFO] [net.minecraft.server.MinecraftServer/]: Bhota left the game
[15Aug2026 15:57:04.811] [Server thread/INFO] [net.minecraft.server.management.PlayerList/]: Bhota[/192.168.29.156:54817] logged in with entity id 1171 at (-19.57007295676264, 4.0, -23.568416553748136)
[15Aug2026 15:57:04.821] [Server thread/INFO] [net.minecraft.server.MinecraftServer/]: Bhota joined the game
[15Aug2026 15:57:04.916] [Render thread/INFO] [net.minecraft.client.gui.NewChatGui/]: [CHAT] Bhota left the game
[15Aug2026 15:57:04.917] [Render thread/INFO] [net.minecraft.client.gui.NewChatGui/]: [CHAT] Bhota joined the game
[15Aug2026 15:57:04.986] [Server thread/INFO] [net.minecraft.server.MinecraftServer/]: <Bhota> Bot online. Mention me and tell me what you want, or use !help.
[15Aug2026 15:57:05.062] [Server thread/INFO] [net.minecraft.server.MinecraftServer/]: <Bhota> > retreatFrom(source="unarmed_vs_zombie")
[15Aug2026 15:57:08.356] [Server thread/INFO] [net.minecraft.server.MinecraftServer/]: <Bhota> > endFlee()
[15Aug2026 15:57:08.494] [Server thread/INFO] [net.minecraft.server.MinecraftServer/]: <Bhota> > retreatFrom(source="unarmed_vs_zombie")
[15Aug2026 15:57:09.011] [Server thread/INFO] [net.minecraft.server.MinecraftServer/]: <Dev> !auto on
[15Aug2026 15:57:09.013] [Render thread/INFO] [net.minecraft.client.gui.NewChatGui/]: [CHAT] <Dev> !auto on
[15Aug2026 15:57:09.013] [Server thread/INFO] [net.minecraft.server.MinecraftServer/]: <Bhota> I don't take orders from you.
[15Aug2026 15:57:10.125] [User Authenticator #86/WARN] [net.minecraft.network.login.ServerLoginNetHandler/]: Failed to verify username but will let them in anyway!
[15Aug2026 15:57:10.211] [Server thread/INFO] [net.minecraftforge.common.AdvancementLoadFix/]: Using new advancement loading for net.minecraft.advancements.PlayerAdvancements@48a2dd10
[15Aug2026 15:57:10.251] [Server thread/INFO] [net.minecraft.network.play.ServerPlayNetHandler/]: Bhota lost connection: You logged in from another location
[15Aug2026 15:57:10.251] [Server thread/INFO] [net.minecraft.server.MinecraftServer/]: Bhota left the game
[15Aug2026 15:57:10.260] [Server thread/INFO] [net.minecraft.server.management.PlayerList/]: Bhota[/192.168.29.156:54818] logged in with entity id 1280 at (-7.042797092211727, 4.0, -16.53630738019982)
[15Aug2026 15:57:10.271] [Server thread/INFO] [net.minecraft.server.MinecraftServer/]: Bhota joined the game
[15Aug2026 15:57:10.361] [Render thread/INFO] [net.minecraft.client.gui.NewChatGui/]: [CHAT] Bhota left the game
[15Aug2026 15:57:10.362] [Render thread/INFO] [net.minecraft.client.gui.NewChatGui/]: [CHAT] Bhota joined the game
[15Aug2026 15:57:10.401] [Server thread/INFO] [net.minecraft.server.MinecraftServer/]: <Bhota> Bot online. Mention me and tell me what you want, or use !help.
[15Aug2026 15:57:10.477] [Server thread/INFO] [net.minecraft.server.MinecraftServer/]: <Bhota> > retreatFrom(source="unarmed_vs_zombie")
[15Aug2026 15:57:10.826] [Server thread/INFO] [net.minecraft.server.MinecraftServer/]: <Bhota> > endFlee()
[15Aug2026 15:57:10.911] [Server thread/INFO] [net.minecraft.server.MinecraftServer/]: <Bhota> > retreatFrom(source="unarmed_vs_zombie")
[15Aug2026 15:57:15.574] [User Authenticator #87/WARN] [net.minecraft.network.login.ServerLoginNetHandler/]: Failed to verify username but will let them in anyway!
[15Aug2026 15:57:15.674] [Server thread/INFO] [net.minecraftforge.common.AdvancementLoadFix/]: Using new advancement loading for net.minecraft.advancements.PlayerAdvancements@1854c2a9
[15Aug2026 15:57:15.703] [Server thread/INFO] [net.minecraft.network.play.ServerPlayNetHandler/]: Bhota lost connection: You logged in from another location
[15Aug2026 15:57:15.703] [Server thread/INFO] [net.minecraft.server.MinecraftServer/]: Bhota left the game
[15Aug2026 15:57:15.711] [Server thread/INFO] [net.minecraft.server.management.PlayerList/]: Bhota[/192.168.29.156:54819] logged in with entity id 1303 at (4.376031327154721, 4.0, -12.507909037514372)
[15Aug2026 15:57:15.723] [Server thread/INFO] [net.minecraft.server.MinecraftServer/]: Bhota joined the game
[15Aug2026 15:57:15.811] [Render thread/INFO] [net.minecraft.client.gui.NewChatGui/]: [CHAT] Bhota left the game
[15Aug2026 15:57:15.811] [Render thread/INFO] [net.minecraft.client.gui.NewChatGui/]: [CHAT] Bhota joined the game
[15Aug2026 15:57:15.861] [Server thread/INFO] [net.minecraft.server.MinecraftServer/]: <Bhota> Bot online. Mention me and tell me what you want, or use !help.
[15Aug2026 15:57:15.934] [Server thread/INFO] [net.minecraft.server.MinecraftServer/]: <Bhota> > retreatFrom(source="unarmed_vs_zombie")
[15Aug2026 15:57:21.012] [User Authenticator #88/WARN] [net.minecraft.network.login.ServerLoginNetHandler/]: Failed to verify username but will let them in anyway!
[15Aug2026 15:57:21.103] [Server thread/INFO] [net.minecraftforge.common.AdvancementLoadFix/]: Using new advancement loading for net.minecraft.advancements.PlayerAdvancements@7ad75ef1
[15Aug2026 15:57:21.161] [Server thread/INFO] [net.minecraft.network.play.ServerPlayNetHandler/]: Bhota lost connection: You logged in from another location
[15Aug2026 15:57:21.162] [Server thread/INFO] [net.minecraft.server.MinecraftServer/]: Bhota left the game
[15Aug2026 15:57:21.168] [Server thread/INFO] [net.minecraft.server.management.PlayerList/]: Bhota[/192.168.29.156:54820] logged in with entity id 1324 at (13.562739751111579, 5.001335979112147, -9.500052168001385)
[15Aug2026 15:57:21.185] [Server thread/INFO] [net.minecraft.server.MinecraftServer/]: Bhota joined the game
[15Aug2026 15:57:21.374] [Render thread/INFO] [net.minecraft.client.gui.NewChatGui/]: [CHAT] Bhota left the game
[15Aug2026 15:57:21.375] [Render thread/INFO] [net.minecraft.client.gui.NewChatGui/]: [CHAT] Bhota joined the game
[15Aug2026 15:57:21.533] [Server thread/INFO] [net.minecraft.server.MinecraftServer/]: <Bhota> Bot online. Mention me and tell me what you want, or use !help.
[15Aug2026 15:57:21.610] [Server thread/INFO] [net.minecraft.server.MinecraftServer/]: <Bhota> > retreatFrom(source="unarmed_vs_zombie")
[15Aug2026 15:57:24.810] [Server thread/INFO] [net.minecraft.server.MinecraftServer/]: <Bhota> > endFlee()
[15Aug2026 15:57:25.734] [Server thread/INFO] [net.minecraft.server.MinecraftServer/]: <Bhota> > retreatFrom(source="unarmed_vs_zombie")
[15Aug2026 15:57:26.550] [User Authenticator #89/WARN] [net.minecraft.network.login.ServerLoginNetHandler/]: Failed to verify username but will let them in anyway!
[15Aug2026 15:57:26.606] [Server thread/INFO] [net.minecraftforge.common.AdvancementLoadFix/]: Using new advancement loading for net.minecraft.advancements.PlayerAdvancements@73064f2f
[15Aug2026 15:57:26.654] [Server thread/INFO] [net.minecraft.network.play.ServerPlayNetHandler/]: Bhota lost connection: You logged in from another location
[15Aug2026 15:57:26.654] [Server thread/INFO] [net.minecraft.server.MinecraftServer/]: Bhota left the game
[15Aug2026 15:57:26.662] [Server thread/INFO] [net.minecraft.server.management.PlayerList/]: Bhota[/192.168.29.156:54821] logged in with entity id 1350 at (26.657189912951203, 4.0, -4.360018811604514)
[15Aug2026 15:57:26.675] [Server thread/INFO] [net.minecraft.server.MinecraftServer/]: Bhota joined the game
[15Aug2026 15:57:26.754] [Render thread/INFO] [net.minecraft.client.gui.NewChatGui/]: [CHAT] Bhota left the game
[15Aug2026 15:57:26.755] [Render thread/INFO] [net.minecraft.client.gui.NewChatGui/]: [CHAT] Bhota joined the game
[15Aug2026 15:57:26.785] [Server thread/INFO] [net.minecraft.server.MinecraftServer/]: <Bhota> Bot online. Mention me and tell me what you want, or use !help.
[15Aug2026 15:57:28.734] [Server thread/INFO] [net.minecraft.server.MinecraftServer/]: <Bhota> > retreatFrom(source="unarmed_vs_skeleton")
[15Aug2026 15:57:32.020] [User Authenticator #90/WARN] [net.minecraft.network.login.ServerLoginNetHandler/]: Failed to verify username but will let them in anyway!
[15Aug2026 15:57:32.109] [Server thread/INFO] [net.minecraftforge.common.AdvancementLoadFix/]: Using new advancement loading for net.minecraft.advancements.PlayerAdvancements@4f839f8c
[15Aug2026 15:57:32.153] [Server thread/INFO] [net.minecraft.network.play.ServerPlayNetHandler/]: Bhota lost connection: You logged in from another location
[15Aug2026 15:57:32.153] [Server thread/INFO] [net.minecraft.server.MinecraftServer/]: Bhota left the game
[15Aug2026 15:57:32.162] [Server thread/INFO] [net.minecraft.server.management.PlayerList/]: Bhota[/192.168.29.156:54822] logged in with entity id 1360 at (35.30133776681301, 5.166109260938214, -1.389399210863031)
[15Aug2026 15:57:32.167] [Server thread/INFO] [net.minecraft.server.MinecraftServer/]: Bhota joined the game
[15Aug2026 15:57:32.252] [Render thread/INFO] [net.minecraft.client.gui.NewChatGui/]: [CHAT] Bhota left the game
[15Aug2026 15:57:32.252] [Render thread/INFO] [net.minecraft.client.gui.NewChatGui/]: [CHAT] Bhota joined the game
[15Aug2026 15:57:32.410] [Server thread/INFO] [net.minecraft.server.MinecraftServer/]: <Bhota> Bot online. Mention me and tell me what you want, or use !help.
[15Aug2026 15:57:33.608] [Server thread/INFO] [net.minecraft.server.MinecraftServer/]: <Bhota> > retreatFrom(source="unarmed_vs_skeleton")
[15Aug2026 15:57:37.106] [Server thread/INFO] [net.minecraft.server.MinecraftServer/]: Bhota was blown up by Creeper
[15Aug2026 15:57:37.150] [Render thread/INFO] [net.minecraft.client.gui.NewChatGui/]: [CHAT] Bhota was blown up by Creeper
[15Aug2026 15:57:37.165] [Server thread/INFO] [net.minecraft.server.MinecraftServer/]: <Bhota> > onDeath()
[15Aug2026 15:57:37.170] [Server thread/INFO] [net.minecraftforge.common.AdvancementLoadFix/]: Using new advancement loading for net.minecraft.advancements.PlayerAdvancements@4fba93a0
[15Aug2026 15:57:37.271] [Server thread/INFO] [net.minecraft.server.MinecraftServer/]: <Bhota> > endFlee()
[15Aug2026 15:57:37.412] [Server thread/INFO] [net.minecraft.server.MinecraftServer/]: Dev has made the advancement [Monster Hunter]
[15Aug2026 15:57:37.432] [Render thread/INFO] [net.minecraft.client.gui.NewChatGui/]: [CHAT] Dev has made the advancement [Monster Hunter]
[15Aug2026 15:57:37.461] [Render thread/INFO] [net.minecraft.advancements.AdvancementList/]: Loaded 20 advancements
[15Aug2026 15:57:37.604] [User Authenticator #91/WARN] [net.minecraft.network.login.ServerLoginNetHandler/]: Failed to verify username but will let them in anyway!
[15Aug2026 15:57:37.652] [Server thread/INFO] [net.minecraft.network.play.ServerPlayNetHandler/]: Bhota lost connection: You logged in from another location
[15Aug2026 15:57:37.653] [Server thread/INFO] [net.minecraft.server.MinecraftServer/]: Bhota left the game
[15Aug2026 15:57:37.661] [Server thread/INFO] [net.minecraftforge.common.AdvancementLoadFix/]: Using new advancement loading for net.minecraft.advancements.PlayerAdvancements@61e46c00
[15Aug2026 15:57:37.668] [Render thread/INFO] [net.minecraft.client.gui.NewChatGui/]: [CHAT] Bhota left the game
[15Aug2026 15:57:37.704] [Server thread/WARN] [net.minecraft.network.NetworkManager/]: handleDisconnection() called twice
[15Aug2026 15:57:37.706] [Server thread/INFO] [net.minecraft.server.management.PlayerList/]: Bhota[/192.168.29.156:54824] logged in with entity id 1389 at (-47.5, 4.0, -50.5)
[15Aug2026 15:57:37.710] [Server thread/INFO] [net.minecraft.server.MinecraftServer/]: Bhota joined the game
[15Aug2026 15:57:37.712] [Server thread/WARN] [net.minecraft.world.TrackedEntity/]: Fetching packet for removed entity ExperienceOrbEntity['Experience Orb'/1381, l='ServerLevel[New World]', x=-25.00, y=4.00, z=-30.57]
[15Aug2026 15:57:37.796] [Render thread/INFO] [net.minecraft.client.gui.NewChatGui/]: [CHAT] Bhota joined the game
[15Aug2026 15:57:37.951] [Server thread/INFO] [net.minecraft.server.MinecraftServer/]: <Bhota> Bot online. Mention me and tell me what you want, or use !help.
[15Aug2026 15:57:37.996] [Render thread/INFO] [net.minecraft.advancements.AdvancementList/]: Loaded 22 advancements
[15Aug2026 15:57:42.964] [User Authenticator #92/WARN] [net.minecraft.network.login.ServerLoginNetHandler/]: Failed to verify username but will let them in anyway!
[15Aug2026 15:57:43.053] [Server thread/INFO] [net.minecraft.network.play.ServerPlayNetHandler/]: Bhota lost connection: You logged in from another location
[15Aug2026 15:57:43.053] [Server thread/INFO] [net.minecraft.server.MinecraftServer/]: Bhota left the game
[15Aug2026 15:57:43.062] [Server thread/INFO] [net.minecraftforge.common.AdvancementLoadFix/]: Using new advancement loading for net.minecraft.advancements.PlayerAdvancements@439c3999
[15Aug2026 15:57:43.077] [Render thread/INFO] [net.minecraft.client.gui.NewChatGui/]: [CHAT] Bhota left the game
[15Aug2026 15:57:43.101] [Server thread/WARN] [net.minecraft.network.NetworkManager/]: handleDisconnection() called twice
[15Aug2026 15:57:43.103] [Server thread/INFO] [net.minecraft.server.management.PlayerList/]: Bhota[/192.168.29.156:54827] logged in with entity id 1412 at (-47.5, 4.0, -50.5)
[15Aug2026 15:57:43.111] [Server thread/INFO] [net.minecraft.server.MinecraftServer/]: Bhota joined the game
[15Aug2026 15:57:43.188] [Render thread/INFO] [net.minecraft.client.gui.NewChatGui/]: [CHAT] Bhota joined the game
[15Aug2026 15:57:43.275] [Server thread/INFO] [net.minecraft.server.MinecraftServer/]: <Bhota> Bot online. Mention me and tell me what you want, or use !help.
[15Aug2026 15:57:48.385] [User Authenticator #93/WARN] [net.minecraft.network.login.ServerLoginNetHandler/]: Failed to verify username but will let them in anyway!
[15Aug2026 15:57:48.454] [Server thread/INFO] [net.minecraft.network.play.ServerPlayNetHandler/]: Bhota lost connection: You logged in from another location
[15Aug2026 15:57:48.456] [Server thread/INFO] [net.minecraft.server.MinecraftServer/]: Bhota left the game
[15Aug2026 15:57:48.465] [Server thread/INFO] [net.minecraftforge.common.AdvancementLoadFix/]: Using new advancement loading for net.minecraft.advancements.PlayerAdvancements@6ca8dcbf
[15Aug2026 15:57:48.494] [Render thread/INFO] [net.minecraft.client.gui.NewChatGui/]: [CHAT] Bhota left the game
[15Aug2026 15:57:48.503] [Server thread/WARN] [net.minecraft.network.NetworkManager/]: handleDisconnection() called twice
[15Aug2026 15:57:48.504] [Server thread/INFO] [net.minecraft.server.management.PlayerList/]: Bhota[/192.168.29.156:54828] logged in with entity id 1429 at (-47.5, 4.0, -50.5)
[15Aug2026 15:57:48.533] [Server thread/INFO] [net.minecraft.server.MinecraftServer/]: Bhota joined the game
[15Aug2026 15:57:48.589] [Render thread/INFO] [net.minecraft.client.gui.NewChatGui/]: [CHAT] Bhota joined the game
[15Aug2026 15:57:48.709] [Server thread/INFO] [net.minecraft.server.MinecraftServer/]: <Bhota> Bot online. Mention me and tell me what you want, or use !help.
[15Aug2026 15:57:53.814] [User Authenticator #94/WARN] [net.minecraft.network.login.ServerLoginNetHandler/]: Failed to verify username but will let them in anyway!
[15Aug2026 15:57:53.913] [Server thread/INFO] [net.minecraft.network.play.ServerPlayNetHandler/]: Bhota lost connection: You logged in from another location
[15Aug2026 15:57:53.913] [Server thread/INFO] [net.minecraft.server.MinecraftServer/]: Bhota left the game
[15Aug2026 15:57:53.922] [Server thread/INFO] [net.minecraftforge.common.AdvancementLoadFix/]: Using new advancement loading for net.minecraft.advancements.PlayerAdvancements@1910cf45
[15Aug2026 15:57:53.927] [Render thread/INFO] [net.minecraft.client.gui.NewChatGui/]: [CHAT] Bhota left the game
[15Aug2026 15:57:53.947] [Server thread/WARN] [net.minecraft.network.NetworkManager/]: handleDisconnection() called twice
[15Aug2026 15:57:53.949] [Server thread/INFO] [net.minecraft.server.management.PlayerList/]: Bhota[/192.168.29.156:54829] logged in with entity id 1450 at (-47.5, 4.0, -50.5)
[15Aug2026 15:57:53.952] [Server thread/INFO] [net.minecraft.server.MinecraftServer/]: Bhota joined the game
[15Aug2026 15:57:54.034] [Render thread/INFO] [net.minecraft.client.gui.NewChatGui/]: [CHAT] Bhota joined the game
[15Aug2026 15:57:54.078] [Server thread/INFO] [net.minecraft.server.MinecraftServer/]: <Bhota> Bot online. Mention me and tell me what you want, or use !help.
[15Aug2026 15:57:59.264] [User Authenticator #95/WARN] [net.minecraft.network.login.ServerLoginNetHandler/]: Failed to verify username but will let them in anyway!
[15Aug2026 15:57:59.356] [Server thread/INFO] [net.minecraft.network.play.ServerPlayNetHandler/]: Bhota lost connection: Disconnected
[15Aug2026 15:57:59.356] [Server thread/INFO] [net.minecraft.server.MinecraftServer/]: Bhota left the game
[15Aug2026 15:57:59.364] [Server thread/INFO] [net.minecraftforge.common.AdvancementLoadFix/]: Using new advancement loading for net.minecraft.advancements.PlayerAdvancements@27f7aa5b
[15Aug2026 15:57:59.372] [Render thread/INFO] [net.minecraft.client.gui.NewChatGui/]: [CHAT] Bhota left the game
[15Aug2026 15:57:59.399] [Server thread/WARN] [net.minecraft.network.NetworkManager/]: handleDisconnection() called twice
[15Aug2026 15:57:59.401] [Server thread/INFO] [net.minecraft.server.management.PlayerList/]: Bhota[/192.168.29.156:54830] logged in with entity id 1454 at (-47.5, 4.0, -50.5)
[15Aug2026 15:57:59.404] [Server thread/INFO] [net.minecraft.server.MinecraftServer/]: Bhota joined the game
[15Aug2026 15:57:59.480] [Render thread/INFO] [net.minecraft.client.gui.NewChatGui/]: [CHAT] Bhota joined the game
[15Aug2026 15:57:59.581] [Server thread/INFO] [net.minecraft.server.MinecraftServer/]: <Bhota> Bot online. Mention me and tell me what you want, or use !help.
[15Aug2026 15:58:00.166] [Server thread/INFO] [net.minecraft.server.MinecraftServer/]: <Dev> mine me some wood botie
[15Aug2026 15:58:00.196] [Render thread/INFO] [net.minecraft.client.gui.NewChatGui/]: [CHAT] <Dev> mine me some wood botie
[15Aug2026 15:58:04.680] [Server thread/INFO] [net.minecraft.server.MinecraftServer/]: <Dev> mine me some wood bhota
[15Aug2026 15:58:04.706] [User Authenticator #96/WARN] [net.minecraft.network.login.ServerLoginNetHandler/]: Failed to verify username but will let them in anyway!
[15Aug2026 15:58:04.730] [Server thread/INFO] [net.minecraft.server.MinecraftServer/]: <Bhota> I only take instructions from my master.
[15Aug2026 15:58:04.732] [Render thread/INFO] [net.minecraft.client.gui.NewChatGui/]: [CHAT] <Dev> mine me some wood bhota
[15Aug2026 15:58:04.752] [Server thread/INFO] [net.minecraft.network.play.ServerPlayNetHandler/]: Bhota lost connection: You logged in from another location
[15Aug2026 15:58:04.752] [Server thread/INFO] [net.minecraft.server.MinecraftServer/]: Bhota left the game
[15Aug2026 15:58:04.764] [Server thread/INFO] [net.minecraftforge.common.AdvancementLoadFix/]: Using new advancement loading for net.minecraft.advancements.PlayerAdvancements@600e1f18
[15Aug2026 15:58:04.777] [Render thread/INFO] [net.minecraft.client.gui.NewChatGui/]: [CHAT] Bhota left the game
[15Aug2026 15:58:04.804] [Server thread/WARN] [net.minecraft.network.NetworkManager/]: handleDisconnection() called twice
[15Aug2026 15:58:04.806] [Server thread/INFO] [net.minecraft.server.management.PlayerList/]: Bhota[/192.168.29.156:54831] logged in with entity id 1464 at (-47.5, 4.0, -50.5)
[15Aug2026 15:58:04.818] [Server thread/INFO] [net.minecraft.server.MinecraftServer/]: Bhota joined the game
[15Aug2026 15:58:04.996] [Render thread/INFO] [net.minecraft.client.gui.NewChatGui/]: [CHAT] Bhota joined the game
[15Aug2026 15:58:05.061] [Server thread/INFO] [net.minecraft.server.MinecraftServer/]: <Bhota> Bot online. Mention me and tell me what you want, or use !help.
[15Aug2026 15:58:08.387] [Server thread/INFO] [net.minecraft.server.MinecraftServer/]: <Bhota> > retreatFrom(source="player_attack:Dev")
[15Aug2026 15:58:08.753] [Server thread/INFO] [net.minecraft.server.MinecraftServer/]: <Bhota> > endFlee()
[15Aug2026 15:58:10.116] [User Authenticator #97/WARN] [net.minecraft.network.login.ServerLoginNetHandler/]: Failed to verify username but will let them in anyway!
[15Aug2026 15:58:10.208] [Server thread/INFO] [net.minecraft.network.play.ServerPlayNetHandler/]: Bhota lost connection: You logged in from another location
[15Aug2026 15:58:10.208] [Server thread/INFO] [net.minecraft.server.MinecraftServer/]: Bhota left the game
[15Aug2026 15:58:10.216] [Server thread/INFO] [net.minecraftforge.common.AdvancementLoadFix/]: Using new advancement loading for net.minecraft.advancements.PlayerAdvancements@1eea61a6
[15Aug2026 15:58:10.222] [Render thread/INFO] [net.minecraft.client.gui.NewChatGui/]: [CHAT] Bhota left the game
[15Aug2026 15:58:10.247] [Server thread/WARN] [net.minecraft.network.NetworkManager/]: handleDisconnection() called twice
[15Aug2026 15:58:10.250] [Server thread/INFO] [net.minecraft.server.management.PlayerList/]: Bhota[/192.168.29.156:54832] logged in with entity id 1484 at (-49.49805189180502, 4.0, -60.354127029833094)
[15Aug2026 15:58:10.275] [Server thread/INFO] [net.minecraft.server.MinecraftServer/]: Bhota joined the game
[15Aug2026 15:58:10.367] [Render thread/INFO] [net.minecraft.client.gui.NewChatGui/]: [CHAT] Bhota joined the game
[15Aug2026 15:58:10.450] [Server thread/INFO] [net.minecraft.server.MinecraftServer/]: <Bhota> Bot online. Mention me and tell me what you want, or use !help.
[15Aug2026 15:58:13.633] [Server thread/INFO] [net.minecraft.server.MinecraftServer/]: <Bhota> > retreatFrom(source="player_attack:Dev")
[15Aug2026 15:58:15.522] [User Authenticator #98/WARN] [net.minecraft.network.login.ServerLoginNetHandler/]: Failed to verify username but will let them in anyway!
[15Aug2026 15:58:15.645] [Server thread/INFO] [net.minecraft.network.play.ServerPlayNetHandler/]: Bhota lost connection: You logged in from another location
[15Aug2026 15:58:15.645] [Server thread/INFO] [net.minecraft.server.MinecraftServer/]: Bhota left the game
[15Aug2026 15:58:15.652] [Server thread/INFO] [net.minecraft.server.management.PlayerList/]: Bhota[/192.168.29.156:54833] logged in with entity id 1501 at (-54.113108173021836, 4.0, -53.93709873090357)
[15Aug2026 15:58:15.659] [Server thread/INFO] [net.minecraft.server.MinecraftServer/]: Bhota joined the game
[15Aug2026 15:58:15.709] [Render thread/INFO] [net.minecraft.client.gui.NewChatGui/]: [CHAT] Bhota left the game
[15Aug2026 15:58:15.709] [Render thread/INFO] [net.minecraft.client.gui.NewChatGui/]: [CHAT] Bhota joined the game
[15Aug2026 15:58:15.869] [Server thread/INFO] [net.minecraft.server.MinecraftServer/]: <Bhota> Bot online. Mention me and tell me what you want, or use !help.
[15Aug2026 15:58:19.030] [Server thread/INFO] [net.minecraft.server.MinecraftServer/]: <Bhota> > retreatFrom(source="player_attack:Dev")
[15Aug2026 15:58:20.263] [Server thread/INFO] [net.minecraft.server.MinecraftServer/]: <Bhota> > endFlee()
[15Aug2026 15:58:20.904] [User Authenticator #99/WARN] [net.minecraft.network.login.ServerLoginNetHandler/]: Failed to verify username but will let them in anyway!
[15Aug2026 15:58:21.003] [Server thread/INFO] [net.minecraft.network.play.ServerPlayNetHandler/]: Bhota lost connection: You logged in from another location
[15Aug2026 15:58:21.003] [Server thread/INFO] [net.minecraft.server.MinecraftServer/]: Bhota left the game
[15Aug2026 15:58:21.010] [Server thread/INFO] [net.minecraftforge.common.AdvancementLoadFix/]: Using new advancement loading for net.minecraft.advancements.PlayerAdvancements@65ee7ea6
[15Aug2026 15:58:21.017] [Render thread/INFO] [net.minecraft.client.gui.NewChatGui/]: [CHAT] Bhota left the game
[15Aug2026 15:58:21.048] [Server thread/WARN] [net.minecraft.network.NetworkManager/]: handleDisconnection() called twice
[15Aug2026 15:58:21.050] [Server thread/INFO] [net.minecraft.server.management.PlayerList/]: Bhota[/192.168.29.156:54834] logged in with entity id 1518 at (-54.50007649686791, 4.0, -61.39458350986498)
[15Aug2026 15:58:21.055] [Server thread/INFO] [net.minecraft.server.MinecraftServer/]: Bhota joined the game
[15Aug2026 15:58:21.159] [Render thread/INFO] [net.minecraft.client.gui.NewChatGui/]: [CHAT] Bhota joined the game
[15Aug2026 15:58:21.210] [Server thread/INFO] [net.minecraft.server.MinecraftServer/]: <Bhota> Bot online. Mention me and tell me what you want, or use !help.
[15Aug2026 15:58:25.453] [Server thread/INFO] [net.minecraft.server.MinecraftServer/]: <Bhota> > retreatFrom(source="creeper")
[15Aug2026 15:58:26.349] [User Authenticator #100/WARN] [net.minecraft.network.login.ServerLoginNetHandler/]: Failed to verify username but will let them in anyway!
[15Aug2026 15:58:26.455] [Server thread/INFO] [net.minecraft.network.play.ServerPlayNetHandler/]: Bhota lost connection: You logged in from another location
[15Aug2026 15:58:26.455] [Server thread/INFO] [net.minecraft.server.MinecraftServer/]: Bhota left the game
[15Aug2026 15:58:26.463] [Server thread/INFO] [net.minecraft.server.management.PlayerList/]: Bhota[/192.168.29.156:54835] logged in with entity id 1531 at (-51.86404894791989, 4.495200877005911, -57.8872085168702)
[15Aug2026 15:58:26.493] [Server thread/INFO] [net.minecraft.server.MinecraftServer/]: Bhota joined the game
[15Aug2026 15:58:26.587] [Render thread/INFO] [net.minecraft.client.gui.NewChatGui/]: [CHAT] Bhota left the game
[15Aug2026 15:58:26.589] [Render thread/INFO] [net.minecraft.client.gui.NewChatGui/]: [CHAT] Bhota joined the game
[15Aug2026 15:58:26.667] [Server thread/INFO] [net.minecraft.server.MinecraftServer/]: <Bhota> Bot online. Mention me and tell me what you want, or use !help.
[15Aug2026 15:58:27.794] [Server thread/INFO] [net.minecraft.server.MinecraftServer/]: <Bhota> > startFight(target="spider")
[15Aug2026 15:58:29.715] [Server thread/INFO] [net.minecraft.server.MinecraftServer/]: Bhota was blown up by Creeper
[15Aug2026 15:58:29.735] [Render thread/INFO] [net.minecraft.client.gui.NewChatGui/]: [CHAT] Bhota was blown up by Creeper
[15Aug2026 15:58:29.806] [Server thread/INFO] [net.minecraft.server.MinecraftServer/]: <Bhota> > retreatFrom(source="unarmed_vs_spider")
[15Aug2026 15:58:29.824] [Server thread/INFO] [net.minecraft.server.MinecraftServer/]: <Bhota> > onDeath()
[15Aug2026 15:58:29.827] [Server thread/INFO] [net.minecraftforge.common.AdvancementLoadFix/]: Using new advancement loading for net.minecraft.advancements.PlayerAdvancements@64d38f41
[15Aug2026 15:58:29.912] [Server thread/INFO] [net.minecraft.server.MinecraftServer/]: <Bhota> > endFlee()
[15Aug2026 15:58:31.732] [User Authenticator #101/WARN] [net.minecraft.network.login.ServerLoginNetHandler/]: Failed to verify username but will let them in anyway!
[15Aug2026 15:58:31.805] [Server thread/INFO] [net.minecraft.network.play.ServerPlayNetHandler/]: Bhota lost connection: You logged in from another location
[15Aug2026 15:58:31.806] [Server thread/INFO] [net.minecraft.server.MinecraftServer/]: Bhota left the game
[15Aug2026 15:58:31.814] [Server thread/INFO] [net.minecraftforge.common.AdvancementLoadFix/]: Using new advancement loading for net.minecraft.advancements.PlayerAdvancements@941b103
[15Aug2026 15:58:31.825] [Render thread/INFO] [net.minecraft.client.gui.NewChatGui/]: [CHAT] Bhota left the game
[15Aug2026 15:58:31.849] [Server thread/WARN] [net.minecraft.network.NetworkManager/]: handleDisconnection() called twice
[15Aug2026 15:58:31.851] [Server thread/INFO] [net.minecraft.server.management.PlayerList/]: Bhota[/192.168.29.156:54836] logged in with entity id 1568 at (-51.5, 4.0, -43.5)
[15Aug2026 15:58:31.856] [Server thread/INFO] [net.minecraft.server.MinecraftServer/]: Bhota joined the game
[15Aug2026 15:58:31.934] [Render thread/INFO] [net.minecraft.client.gui.NewChatGui/]: [CHAT] Bhota joined the game
[15Aug2026 15:58:32.001] [Server thread/INFO] [net.minecraft.server.MinecraftServer/]: <Bhota> Bot online. Mention me and tell me what you want, or use !help.
[15Aug2026 15:58:37.132] [User Authenticator #102/WARN] [net.minecraft.network.login.ServerLoginNetHandler/]: Failed to verify username but will let them in anyway!
[15Aug2026 15:58:37.209] [Server thread/INFO] [net.minecraft.network.play.ServerPlayNetHandler/]: Bhota lost connection: You logged in from another location
[15Aug2026 15:58:37.209] [Server thread/INFO] [net.minecraft.server.MinecraftServer/]: Bhota left the game
[15Aug2026 15:58:37.218] [Server thread/INFO] [net.minecraftforge.common.AdvancementLoadFix/]: Using new advancement loading for net.minecraft.advancements.PlayerAdvancements@6a7f1cea
[15Aug2026 15:58:37.232] [Render thread/INFO] [net.minecraft.client.gui.NewChatGui/]: [CHAT] Bhota left the game
[15Aug2026 15:58:37.251] [Server thread/WARN] [net.minecraft.network.NetworkManager/]: handleDisconnection() called twice
[15Aug2026 15:58:37.253] [Server thread/INFO] [net.minecraft.server.management.PlayerList/]: Bhota[/192.168.29.156:54837] logged in with entity id 1606 at (-51.5, 4.0, -43.5)
[15Aug2026 15:58:37.261] [Server thread/INFO] [net.minecraft.server.MinecraftServer/]: Bhota joined the game
[15Aug2026 15:58:37.358] [Render thread/INFO] [net.minecraft.client.gui.NewChatGui/]: [CHAT] Bhota joined the game
[15Aug2026 15:58:37.415] [Server thread/INFO] [net.minecraft.server.MinecraftServer/]: <Bhota> Bot online. Mention me and tell me what you want, or use !help.
[15Aug2026 15:58:42.522] [User Authenticator #103/WARN] [net.minecraft.network.login.ServerLoginNetHandler/]: Failed to verify username but will let them in anyway!
[15Aug2026 15:58:42.602] [Server thread/INFO] [net.minecraft.network.play.ServerPlayNetHandler/]: Bhota lost connection: Disconnected
[15Aug2026 15:58:42.602] [Server thread/INFO] [net.minecraft.server.MinecraftServer/]: Bhota left the game
[15Aug2026 15:58:42.614] [Server thread/INFO] [net.minecraftforge.common.AdvancementLoadFix/]: Using new advancement loading for net.minecraft.advancements.PlayerAdvancements@7f6a9aad
[15Aug2026 15:58:42.627] [Render thread/INFO] [net.minecraft.client.gui.NewChatGui/]: [CHAT] Bhota left the game
[15Aug2026 15:58:42.653] [Server thread/WARN] [net.minecraft.network.NetworkManager/]: handleDisconnection() called twice
[15Aug2026 15:58:42.655] [Server thread/INFO] [net.minecraft.server.management.PlayerList/]: Bhota[/192.168.29.156:54838] logged in with entity id 1640 at (-51.5, 4.0, -43.5)
[15Aug2026 15:58:42.668] [Server thread/INFO] [net.minecraft.server.MinecraftServer/]: Bhota joined the game
[15Aug2026 15:58:42.767] [Render thread/INFO] [net.minecraft.client.gui.NewChatGui/]: [CHAT] Bhota joined the game
[15Aug2026 15:58:42.815] [Server thread/INFO] [net.minecraft.server.MinecraftServer/]: <Bhota> Bot online. Mention me and tell me what you want, or use !help.
[15Aug2026 15:58:47.993] [User Authenticator #104/WARN] [net.minecraft.network.login.ServerLoginNetHandler/]: Failed to verify username but will let them in anyway!
[15Aug2026 15:58:48.056] [Server thread/INFO] [net.minecraft.network.play.ServerPlayNetHandler/]: Bhota lost connection: You logged in from another location
[15Aug2026 15:58:48.056] [Server thread/INFO] [net.minecraft.server.MinecraftServer/]: Bhota left the game
[15Aug2026 15:58:48.066] [Server thread/INFO] [net.minecraftforge.common.AdvancementLoadFix/]: Using new advancement loading for net.minecraft.advancements.PlayerAdvancements@694a4b20
[15Aug2026 15:58:48.069] [Render thread/INFO] [net.minecraft.client.gui.NewChatGui/]: [CHAT] Bhota left the game
[15Aug2026 15:58:48.104] [Server thread/WARN] [net.minecraft.network.NetworkManager/]: handleDisconnection() called twice
[15Aug2026 15:58:48.106] [Server thread/INFO] [net.minecraft.server.management.PlayerList/]: Bhota[/192.168.29.156:54839] logged in with entity id 1676 at (-51.5, 4.0, -43.5)
[15Aug2026 15:58:48.114] [Server thread/INFO] [net.minecraft.server.MinecraftServer/]: Bhota joined the game
[15Aug2026 15:58:48.196] [Render thread/INFO] [net.minecraft.client.gui.NewChatGui/]: [CHAT] Bhota joined the game
[15Aug2026 15:58:48.253] [Server thread/INFO] [net.minecraft.server.MinecraftServer/]: <Bhota> Bot online. Mention me and tell me what you want, or use !help.
[15Aug2026 15:58:53.422] [User Authenticator #105/WARN] [net.minecraft.network.login.ServerLoginNetHandler/]: Failed to verify username but will let them in anyway!
[15Aug2026 15:58:53.551] [Server thread/INFO] [net.minecraft.network.play.ServerPlayNetHandler/]: Bhota lost connection: You logged in from another location
[15Aug2026 15:58:53.551] [Server thread/INFO] [net.minecraft.server.MinecraftServer/]: Bhota left the game
[15Aug2026 15:58:53.561] [Render thread/INFO] [net.minecraft.client.gui.NewChatGui/]: [CHAT] Bhota left the game
[15Aug2026 15:58:53.565] [Server thread/INFO] [net.minecraft.server.management.PlayerList/]: Bhota[/192.168.29.156:54840] logged in with entity id 1690 at (-51.5, 4.0, -43.5)
[15Aug2026 15:58:53.569] [Server thread/INFO] [net.minecraft.server.MinecraftServer/]: Bhota joined the game
[15Aug2026 15:58:53.661] [Render thread/INFO] [net.minecraft.client.gui.NewChatGui/]: [CHAT] Bhota joined the game
[15Aug2026 15:58:53.717] [Server thread/INFO] [net.minecraft.server.MinecraftServer/]: <Bhota> Bot online. Mention me and tell me what you want, or use !help.
[15Aug2026 15:58:58.868] [User Authenticator #106/WARN] [net.minecraft.network.login.ServerLoginNetHandler/]: Failed to verify username but will let them in anyway!
[15Aug2026 15:58:58.949] [Server thread/INFO] [net.minecraft.network.play.ServerPlayNetHandler/]: Bhota lost connection: Disconnected
[15Aug2026 15:58:58.950] [Server thread/INFO] [net.minecraft.server.MinecraftServer/]: Bhota left the game
[15Aug2026 15:58:58.960] [Server thread/INFO] [net.minecraftforge.common.AdvancementLoadFix/]: Using new advancement loading for net.minecraft.advancements.PlayerAdvancements@6ae6fcf8
[15Aug2026 15:58:58.974] [Render thread/INFO] [net.minecraft.client.gui.NewChatGui/]: [CHAT] Bhota left the game
[15Aug2026 15:58:58.999] [Server thread/WARN] [net.minecraft.network.NetworkManager/]: handleDisconnection() called twice
[15Aug2026 15:58:59.001] [Server thread/INFO] [net.minecraft.server.management.PlayerList/]: Bhota[/192.168.29.156:54842] logged in with entity id 1700 at (-51.5, 4.0, -43.5)
[15Aug2026 15:58:59.010] [Server thread/INFO] [net.minecraft.server.MinecraftServer/]: Bhota joined the game
[15Aug2026 15:58:59.109] [Render thread/INFO] [net.minecraft.client.gui.NewChatGui/]: [CHAT] Bhota joined the game
[15Aug2026 15:58:59.132] [Server thread/INFO] [net.minecraft.server.MinecraftServer/]: <Bhota> Bot online. Mention me and tell me what you want, or use !help.
[15Aug2026 15:59:03.227] [Server thread/INFO] [net.minecraft.server.MinecraftServer/]: <Bhota> > retreatFrom(source="player_attack:Dev")
[15Aug2026 15:59:03.598] [Server thread/INFO] [net.minecraft.server.MinecraftServer/]: <Bhota> > endFlee()
[15Aug2026 15:59:04.338] [User Authenticator #107/WARN] [net.minecraft.network.login.ServerLoginNetHandler/]: Failed to verify username but will let them in anyway!
[15Aug2026 15:59:04.449] [Server thread/INFO] [net.minecraft.network.play.ServerPlayNetHandler/]: Bhota lost connection: You logged in from another location
[15Aug2026 15:59:04.450] [Server thread/INFO] [net.minecraft.server.MinecraftServer/]: Bhota left the game
[15Aug2026 15:59:04.457] [Server thread/INFO] [net.minecraft.server.management.PlayerList/]: Bhota[/192.168.29.156:54843] logged in with entity id 1723 at (-54.55522528221389, 4.0, -49.555421423487935)
[15Aug2026 15:59:04.470] [Server thread/INFO] [net.minecraft.server.MinecraftServer/]: Bhota joined the game
[15Aug2026 15:59:04.548] [Render thread/INFO] [net.minecraft.client.gui.NewChatGui/]: [CHAT] Bhota left the game
[15Aug2026 15:59:04.548] [Render thread/INFO] [net.minecraft.client.gui.NewChatGui/]: [CHAT] Bhota joined the game
[15Aug2026 15:59:04.617] [Server thread/INFO] [net.minecraft.server.MinecraftServer/]: <Bhota> Bot online. Mention me and tell me what you want, or use !help.
[15Aug2026 15:59:09.706] [User Authenticator #108/WARN] [net.minecraft.network.login.ServerLoginNetHandler/]: Failed to verify username but will let them in anyway!
[15Aug2026 15:59:09.808] [Server thread/INFO] [net.minecraftforge.common.AdvancementLoadFix/]: Using new advancement loading for net.minecraft.advancements.PlayerAdvancements@3cac43a1
[15Aug2026 15:59:09.853] [Server thread/INFO] [net.minecraft.network.play.ServerPlayNetHandler/]: Bhota lost connection: You logged in from another location
[15Aug2026 15:59:09.853] [Server thread/INFO] [net.minecraft.server.MinecraftServer/]: Bhota left the game
[15Aug2026 15:59:09.861] [Server thread/INFO] [net.minecraft.server.management.PlayerList/]: Bhota[/192.168.29.156:54844] logged in with entity id 1735 at (-54.55522528221389, 4.0, -49.555421423487935)
[15Aug2026 15:59:09.865] [Server thread/INFO] [net.minecraft.server.MinecraftServer/]: Bhota joined the game
[15Aug2026 15:59:09.932] [Render thread/INFO] [net.minecraft.client.gui.NewChatGui/]: [CHAT] Bhota left the game
[15Aug2026 15:59:09.932] [Render thread/INFO] [net.minecraft.client.gui.NewChatGui/]: [CHAT] Bhota joined the game
[15Aug2026 15:59:10.006] [Server thread/INFO] [net.minecraft.server.MinecraftServer/]: <Bhota> Bot online. Mention me and tell me what you want, or use !help.
[15Aug2026 15:59:13.300] [Server thread/INFO] [net.minecraft.server.MinecraftServer/]: <Bhota> > retreatFrom(source="player_attack:Dev")
[15Aug2026 15:59:15.157] [User Authenticator #109/WARN] [net.minecraft.network.login.ServerLoginNetHandler/]: Failed to verify username but will let them in anyway!
[15Aug2026 15:59:15.203] [Server thread/INFO] [net.minecraftforge.common.AdvancementLoadFix/]: Using new advancement loading for net.minecraft.advancements.PlayerAdvancements@3a5d41ff
[15Aug2026 15:59:15.284] [Server thread/INFO] [net.minecraft.network.play.ServerPlayNetHandler/]: Bhota lost connection: You logged in from another location
[15Aug2026 15:59:15.285] [Server thread/INFO] [net.minecraft.server.MinecraftServer/]: Bhota left the game
[15Aug2026 15:59:15.291] [Render thread/INFO] [net.minecraft.client.gui.NewChatGui/]: [CHAT] Bhota left the game
[15Aug2026 15:59:15.321] [Server thread/INFO] [net.minecraft.server.management.PlayerList/]: Bhota[/192.168.29.156:54845] logged in with entity id 1751 at (-50.089152113168325, 4.495200877005911, -52.91401087906575)
[15Aug2026 15:59:15.325] [Server thread/INFO] [net.minecraft.server.MinecraftServer/]: Bhota joined the game
[15Aug2026 15:59:15.435] [Render thread/INFO] [net.minecraft.client.gui.NewChatGui/]: [CHAT] Bhota joined the game
[15Aug2026 15:59:15.520] [Server thread/INFO] [net.minecraft.server.MinecraftServer/]: <Bhota> Bot online. Mention me and tell me what you want, or use !help.
[15Aug2026 15:59:20.601] [User Authenticator #110/WARN] [net.minecraft.network.login.ServerLoginNetHandler/]: Failed to verify username but will let them in anyway!
[15Aug2026 15:59:20.651] [Server thread/INFO] [net.minecraft.network.play.ServerPlayNetHandler/]: Bhota lost connection: You logged in from another location
[15Aug2026 15:59:20.651] [Server thread/INFO] [net.minecraft.server.MinecraftServer/]: Bhota left the game
[15Aug2026 15:59:20.657] [Server thread/INFO] [net.minecraftforge.common.AdvancementLoadFix/]: Using new advancement loading for net.minecraft.advancements.PlayerAdvancements@353a6ae
[15Aug2026 15:59:20.672] [Render thread/INFO] [net.minecraft.client.gui.NewChatGui/]: [CHAT] Bhota left the game
[15Aug2026 15:59:20.703] [Server thread/WARN] [net.minecraft.network.NetworkManager/]: handleDisconnection() called twice
[15Aug2026 15:59:20.705] [Server thread/INFO] [net.minecraft.server.management.PlayerList/]: Bhota[/192.168.29.156:54846] logged in with entity id 1769 at (-50.089152113168325, 4.0, -52.91401087906575)
[15Aug2026 15:59:20.717] [Server thread/INFO] [net.minecraft.server.MinecraftServer/]: Bhota joined the game
[15Aug2026 15:59:20.783] [Render thread/INFO] [net.minecraft.client.gui.NewChatGui/]: [CHAT] Bhota joined the game
[15Aug2026 15:59:20.852] [Server thread/INFO] [net.minecraft.server.MinecraftServer/]: <Bhota> Bot online. Mention me and tell me what you want, or use !help.
[15Aug2026 15:59:21.901] [Server thread/INFO] [net.minecraft.server.MinecraftServer/]: <Dev> hi botie
[15Aug2026 15:59:21.916] [Render thread/INFO] [net.minecraft.client.gui.NewChatGui/]: [CHAT] <Dev> hi botie
[15Aug2026 15:59:24.984] [Server thread/INFO] [net.minecraft.server.MinecraftServer/]: Bhota was slain by Dev
[15Aug2026 15:59:25.002] [Render thread/INFO] [net.minecraft.client.gui.NewChatGui/]: [CHAT] Bhota was slain by Dev
[15Aug2026 15:59:25.073] [Server thread/INFO] [net.minecraft.server.MinecraftServer/]: <Bhota> > retreatFrom(source="player_attack:Dev")
[15Aug2026 15:59:25.073] [Server thread/INFO] [net.minecraft.server.MinecraftServer/]: <Bhota> > onDeath()
[15Aug2026 15:59:25.160] [Server thread/INFO] [net.minecraft.server.MinecraftServer/]: <Bhota> > endFlee()
[15Aug2026 15:59:26.000] [User Authenticator #111/WARN] [net.minecraft.network.login.ServerLoginNetHandler/]: Failed to verify username but will let them in anyway!
[15Aug2026 15:59:26.054] [Server thread/INFO] [net.minecraft.network.play.ServerPlayNetHandler/]: Bhota lost connection: You logged in from another location
[15Aug2026 15:59:26.054] [Server thread/INFO] [net.minecraft.server.MinecraftServer/]: Bhota left the game
[15Aug2026 15:59:26.066] [Render thread/INFO] [net.minecraft.client.gui.NewChatGui/]: [CHAT] Bhota left the game
[15Aug2026 15:59:26.101] [Server thread/INFO] [net.minecraftforge.common.AdvancementLoadFix/]: Using new advancement loading for net.minecraft.advancements.PlayerAdvancements@3a7aab20
[15Aug2026 15:59:26.123] [Server thread/WARN] [net.minecraft.network.NetworkManager/]: handleDisconnection() called twice
[15Aug2026 15:59:26.124] [Server thread/INFO] [net.minecraft.server.management.PlayerList/]: Bhota[/192.168.29.156:54847] logged in with entity id 1795 at (-50.5, 4.0, -37.5)
[15Aug2026 15:59:26.128] [Server thread/INFO] [net.minecraft.server.MinecraftServer/]: Bhota joined the game
[15Aug2026 15:59:26.213] [Render thread/INFO] [net.minecraft.client.gui.NewChatGui/]: [CHAT] Bhota joined the game
[15Aug2026 15:59:26.354] [Server thread/INFO] [net.minecraft.server.MinecraftServer/]: <Bhota> Bot online. Mention me and tell me what you want, or use !help.
[15Aug2026 15:59:27.661] [Render thread/INFO] [net.minecraft.advancements.AdvancementList/]: Loaded 23 advancements
[15Aug2026 15:59:31.759] [User Authenticator #112/WARN] [net.minecraft.network.login.ServerLoginNetHandler/]: Failed to verify username but will let them in anyway!
[15Aug2026 15:59:31.903] [Server thread/INFO] [net.minecraft.network.play.ServerPlayNetHandler/]: Bhota lost connection: You logged in from another location
[15Aug2026 15:59:31.903] [Server thread/INFO] [net.minecraft.server.MinecraftServer/]: Bhota left the game
[15Aug2026 15:59:31.910] [Server thread/INFO] [net.minecraft.server.management.PlayerList/]: Bhota[/192.168.29.156:54848] logged in with entity id 1835 at (-50.5, 4.0, -37.5)
[15Aug2026 15:59:31.917] [Server thread/INFO] [net.minecraft.server.MinecraftServer/]: Bhota joined the game
[15Aug2026 15:59:32.002] [Render thread/INFO] [net.minecraft.client.gui.NewChatGui/]: [CHAT] Bhota left the game
[15Aug2026 15:59:32.002] [Render thread/INFO] [net.minecraft.client.gui.NewChatGui/]: [CHAT] Bhota joined the game
[15Aug2026 15:59:32.034] [Server thread/INFO] [net.minecraft.server.MinecraftServer/]: <Bhota> Bot online. Mention me and tell me what you want, or use !help.
[15Aug2026 15:59:37.189] [User Authenticator #113/WARN] [net.minecraft.network.login.ServerLoginNetHandler/]: Failed to verify username but will let them in anyway!
[15Aug2026 15:59:37.251] [Server thread/INFO] [net.minecraft.network.play.ServerPlayNetHandler/]: Bhota lost connection: You logged in from another location
[15Aug2026 15:59:37.252] [Server thread/INFO] [net.minecraft.server.MinecraftServer/]: Bhota left the game
[15Aug2026 15:59:37.259] [Server thread/INFO] [net.minecraftforge.common.AdvancementLoadFix/]: Using new advancement loading for net.minecraft.advancements.PlayerAdvancements@61935148
[15Aug2026 15:59:37.268] [Render thread/INFO] [net.minecraft.client.gui.NewChatGui/]: [CHAT] Bhota left the game
[15Aug2026 15:59:37.300] [Server thread/WARN] [net.minecraft.network.NetworkManager/]: handleDisconnection() called twice
[15Aug2026 15:59:37.305] [Server thread/INFO] [net.minecraft.server.management.PlayerList/]: Bhota[/192.168.29.156:54849] logged in with entity id 1976 at (-50.5, 4.0, -37.5)
[15Aug2026 15:59:37.310] [Server thread/INFO] [net.minecraft.server.MinecraftServer/]: Bhota joined the game
[15Aug2026 15:59:37.382] [Render thread/INFO] [net.minecraft.client.gui.NewChatGui/]: [CHAT] Bhota joined the game
[15Aug2026 15:59:37.470] [Server thread/INFO] [net.minecraft.server.MinecraftServer/]: <Bhota> Bot online. Mention me and tell me what you want, or use !help.
[15Aug2026 15:59:42.605] [User Authenticator #114/WARN] [net.minecraft.network.login.ServerLoginNetHandler/]: Failed to verify username but will let them in anyway!
[15Aug2026 15:59:42.753] [Server thread/INFO] [net.minecraft.network.play.ServerPlayNetHandler/]: Bhota lost connection: You logged in from another location
[15Aug2026 15:59:42.753] [Server thread/INFO] [net.minecraft.server.MinecraftServer/]: Bhota left the game
[15Aug2026 15:59:42.759] [Render thread/INFO] [net.minecraft.client.gui.NewChatGui/]: [CHAT] Bhota left the game
[15Aug2026 15:59:42.763] [Server thread/INFO] [net.minecraft.server.management.PlayerList/]: Bhota[/192.168.29.156:54850] logged in with entity id 1996 at (-50.5, 4.0, -37.5)
[15Aug2026 15:59:42.773] [Server thread/INFO] [net.minecraft.server.MinecraftServer/]: Bhota joined the game
[15Aug2026 15:59:42.842] [Render thread/INFO] [net.minecraft.client.gui.NewChatGui/]: [CHAT] Bhota joined the game
[15Aug2026 15:59:42.958] [Server thread/INFO] [net.minecraft.server.MinecraftServer/]: <Bhota> Bot online. Mention me and tell me what you want, or use !help.
[15Aug2026 15:59:48.049] [User Authenticator #115/WARN] [net.minecraft.network.login.ServerLoginNetHandler/]: Failed to verify username but will let them in anyway!
[15Aug2026 15:59:48.103] [Server thread/INFO] [net.minecraftforge.common.AdvancementLoadFix/]: Using new advancement loading for net.minecraft.advancements.PlayerAdvancements@2dbe0d5
[15Aug2026 15:59:48.169] [Server thread/INFO] [net.minecraft.network.play.ServerPlayNetHandler/]: Bhota lost connection: You logged in from another location
[15Aug2026 15:59:48.169] [Server thread/INFO] [net.minecraft.server.MinecraftServer/]: Bhota left the game
[15Aug2026 15:59:48.180] [Server thread/INFO] [net.minecraft.server.management.PlayerList/]: Bhota[/192.168.29.156:54851] logged in with entity id 2010 at (-50.5, 4.0, -37.5)
[15Aug2026 15:59:48.183] [Server thread/INFO] [net.minecraft.server.MinecraftServer/]: Bhota joined the game
[15Aug2026 15:59:48.284] [Render thread/INFO] [net.minecraft.client.gui.NewChatGui/]: [CHAT] Bhota left the game
[15Aug2026 15:59:48.284] [Render thread/INFO] [net.minecraft.client.gui.NewChatGui/]: [CHAT] Bhota joined the game
[15Aug2026 15:59:48.361] [Server thread/INFO] [net.minecraft.server.MinecraftServer/]: <Bhota> Bot online. Mention me and tell me what you want, or use !help.
[15Aug2026 15:59:53.447] [User Authenticator #116/WARN] [net.minecraft.network.login.ServerLoginNetHandler/]: Failed to verify username but will let them in anyway!
[15Aug2026 15:59:53.500] [Server thread/INFO] [net.minecraftforge.common.AdvancementLoadFix/]: Using new advancement loading for net.minecraft.advancements.PlayerAdvancements@4ad2d80
[15Aug2026 15:59:53.551] [Server thread/INFO] [net.minecraft.network.play.ServerPlayNetHandler/]: Bhota lost connection: You logged in from another location
[15Aug2026 15:59:53.551] [Server thread/INFO] [net.minecraft.server.MinecraftServer/]: Bhota left the game
[15Aug2026 15:59:53.559] [Server thread/INFO] [net.minecraft.server.management.PlayerList/]: Bhota[/192.168.29.156:54852] logged in with entity id 2017 at (-50.5, 4.0, -37.5)
[15Aug2026 15:59:53.571] [Server thread/INFO] [net.minecraft.server.MinecraftServer/]: Bhota joined the game
[15Aug2026 15:59:53.671] [Render thread/INFO] [net.minecraft.client.gui.NewChatGui/]: [CHAT] Bhota left the game
[15Aug2026 15:59:53.671] [Render thread/INFO] [net.minecraft.client.gui.NewChatGui/]: [CHAT] Bhota joined the game
[15Aug2026 15:59:53.716] [Server thread/INFO] [net.minecraft.server.MinecraftServer/]: <Bhota> Bot online. Mention me and tell me what you want, or use !help.
[15Aug2026 15:59:54.482] [Server thread/INFO] [net.minecraft.server.MinecraftServer/]: [Dev: Set Bhota's game mode to Creative Mode]
[15Aug2026 15:59:54.483] [Render thread/INFO] [net.minecraft.client.gui.NewChatGui/]: [CHAT] Set Bhota's game mode to Creative Mode
[15Aug2026 15:59:56.360] [Server thread/INFO] [net.minecraft.server.MinecraftServer/]: <Bhota> oow bots_Prats_eow tate :lotaflop: wotap: : mBooda
[15Aug2026 15:59:58.862] [User Authenticator #117/WARN] [net.minecraft.network.login.ServerLoginNetHandler/]: Failed to verify username but will let them in anyway!
[15Aug2026 15:59:58.957] [Server thread/INFO] [net.minecraftforge.common.AdvancementLoadFix/]: Using new advancement loading for net.minecraft.advancements.PlayerAdvancements@3026368d
[15Aug2026 15:59:59.004] [Server thread/INFO] [net.minecraft.network.play.ServerPlayNetHandler/]: Bhota lost connection: You logged in from another location
[15Aug2026 15:59:59.004] [Server thread/INFO] [net.minecraft.server.MinecraftServer/]: Bhota left the game
[15Aug2026 15:59:59.006] [Render thread/INFO] [net.minecraft.client.gui.NewChatGui/]: [CHAT] Bhota left the game
[15Aug2026 15:59:59.049] [Server thread/INFO] [net.minecraft.server.management.PlayerList/]: Bhota[/192.168.29.156:54853] logged in with entity id 2026 at (-50.5, 4.0, -37.5)
[15Aug2026 15:59:59.052] [Server thread/INFO] [net.minecraft.server.MinecraftServer/]: Bhota joined the game
[15Aug2026 15:59:59.161] [Render thread/INFO] [net.minecraft.client.gui.NewChatGui/]: [CHAT] Bhota joined the game
[15Aug2026 15:59:59.182] [Server thread/INFO] [net.minecraft.server.MinecraftServer/]: <Bhota> Bot online. Mention me and tell me what you want, or use !help.
[15Aug2026 16:00:04.363] [User Authenticator #118/WARN] [net.minecraft.network.login.ServerLoginNetHandler/]: Failed to verify username but will let them in anyway!
[15Aug2026 16:00:04.449] [Server thread/INFO] [net.minecraftforge.common.AdvancementLoadFix/]: Using new advancement loading for net.minecraft.advancements.PlayerAdvancements@42b77e6a
[15Aug2026 16:00:04.501] [Server thread/INFO] [net.minecraft.network.play.ServerPlayNetHandler/]: Bhota lost connection: You logged in from another location
[15Aug2026 16:00:04.501] [Server thread/INFO] [net.minecraft.server.MinecraftServer/]: Bhota left the game
[15Aug2026 16:00:04.509] [Render thread/INFO] [net.minecraft.client.gui.NewChatGui/]: [CHAT] Bhota left the game
[15Aug2026 16:00:04.515] [Server thread/INFO] [net.minecraft.server.management.PlayerList/]: Bhota[/192.168.29.156:54854] logged in with entity id 2039 at (-50.5, 4.0, -37.5)
[15Aug2026 16:00:04.525] [Server thread/INFO] [net.minecraft.server.MinecraftServer/]: Bhota joined the game
[15Aug2026 16:00:04.636] [Render thread/INFO] [net.minecraft.client.gui.NewChatGui/]: [CHAT] Bhota joined the game
[15Aug2026 16:00:04.675] [Server thread/INFO] [net.minecraft.server.MinecraftServer/]: <Bhota> Bot online. Mention me and tell me what you want, or use !help.
[15Aug2026 16:00:09.782] [User Authenticator #119/WARN] [net.minecraft.network.login.ServerLoginNetHandler/]: Failed to verify username but will let them in anyway!
[15Aug2026 16:00:09.856] [Server thread/INFO] [net.minecraft.network.play.ServerPlayNetHandler/]: Bhota lost connection: You logged in from another location
[15Aug2026 16:00:09.856] [Server thread/INFO] [net.minecraft.server.MinecraftServer/]: Bhota left the game
[15Aug2026 16:00:09.863] [Render thread/INFO] [net.minecraft.client.gui.NewChatGui/]: [CHAT] Bhota left the game
[15Aug2026 16:00:09.921] [Server thread/INFO] [net.minecraftforge.common.AdvancementLoadFix/]: Using new advancement loading for net.minecraft.advancements.PlayerAdvancements@19a149f3
[15Aug2026 16:00:09.934] [Server thread/WARN] [net.minecraft.network.NetworkManager/]: handleDisconnection() called twice
[15Aug2026 16:00:09.939] [Server thread/INFO] [net.minecraft.server.management.PlayerList/]: Bhota[/192.168.29.156:54856] logged in with entity id 2054 at (-50.5, 4.0, -37.5)
[15Aug2026 16:00:09.963] [Server thread/INFO] [net.minecraft.server.MinecraftServer/]: Bhota joined the game
[15Aug2026 16:00:09.993] [Render thread/INFO] [net.minecraft.client.gui.NewChatGui/]: [CHAT] Bhota joined the game
[15Aug2026 16:00:10.176] [Server thread/INFO] [net.minecraft.server.MinecraftServer/]: <Bhota> Bot online. Mention me and tell me what you want, or use !help.
[15Aug2026 16:00:11.258] [Server thread/INFO] [net.minecraft.server.MinecraftServer/]: <Dev> bhota build me a stone wall 10 4
[15Aug2026 16:00:11.259] [Render thread/INFO] [net.minecraft.client.gui.NewChatGui/]: [CHAT] <Dev> bhota build me a stone wall 10 4
[15Aug2026 16:00:11.356] [Server thread/INFO] [net.minecraft.server.MinecraftServer/]: <Bhota> I only take instructions from my master.
[15Aug2026 16:00:15.199] [User Authenticator #120/WARN] [net.minecraft.network.login.ServerLoginNetHandler/]: Failed to verify username but will let them in anyway!
[15Aug2026 16:00:15.298] [Server thread/INFO] [net.minecraft.network.play.ServerPlayNetHandler/]: Bhota lost connection: You logged in from another location
[15Aug2026 16:00:15.299] [Server thread/INFO] [net.minecraft.server.MinecraftServer/]: Bhota left the game
[15Aug2026 16:00:15.310] [Server thread/INFO] [net.minecraft.server.management.PlayerList/]: Bhota[/192.168.29.156:54858] logged in with entity id 2070 at (-50.5, 4.0, -37.5)
[15Aug2026 16:00:15.311] [Render thread/INFO] [net.minecraft.client.gui.NewChatGui/]: [CHAT] Bhota left the game
[15Aug2026 16:00:15.318] [Server thread/INFO] [net.minecraft.server.MinecraftServer/]: Bhota joined the game
[15Aug2026 16:00:15.350] [Render thread/INFO] [net.minecraft.client.gui.NewChatGui/]: [CHAT] Bhota joined the game
[15Aug2026 16:00:15.459] [Server thread/INFO] [net.minecraft.server.MinecraftServer/]: <Bhota> Bot online. Mention me and tell me what you want, or use !help.
[15Aug2026 16:00:20.634] [User Authenticator #121/WARN] [net.minecraft.network.login.ServerLoginNetHandler/]: Failed to verify username but will let them in anyway!
[15Aug2026 16:00:20.704] [Server thread/INFO] [net.minecraftforge.common.AdvancementLoadFix/]: Using new advancement loading for net.minecraft.advancements.PlayerAdvancements@e98fe8b
[15Aug2026 16:00:20.754] [Server thread/INFO] [net.minecraft.network.play.ServerPlayNetHandler/]: Bhota lost connection: You logged in from another location
[15Aug2026 16:00:20.755] [Server thread/INFO] [net.minecraft.server.MinecraftServer/]: Bhota left the game
[15Aug2026 16:00:20.766] [Server thread/INFO] [net.minecraft.server.management.PlayerList/]: Bhota[/192.168.29.156:54859] logged in with entity id 2088 at (-50.5, 4.0, -37.5)
[15Aug2026 16:00:20.770] [Server thread/INFO] [net.minecraft.server.MinecraftServer/]: Bhota joined the game
[15Aug2026 16:00:20.836] [Render thread/INFO] [net.minecraft.client.gui.NewChatGui/]: [CHAT] Bhota left the game
[15Aug2026 16:00:20.836] [Render thread/INFO] [net.minecraft.client.gui.NewChatGui/]: [CHAT] Bhota joined the game
[15Aug2026 16:00:20.883] [Server thread/INFO] [net.minecraft.server.MinecraftServer/]: <Bhota> Bot online. Mention me and tell me what you want, or use !help.
[15Aug2026 16:00:26.122] [User Authenticator #122/WARN] [net.minecraft.network.login.ServerLoginNetHandler/]: Failed to verify username but will let them in anyway!
[15Aug2026 16:00:26.205] [Server thread/INFO] [net.minecraftforge.common.AdvancementLoadFix/]: Using new advancement loading for net.minecraft.advancements.PlayerAdvancements@5b2f08d6
[15Aug2026 16:00:26.250] [Server thread/INFO] [net.minecraft.network.play.ServerPlayNetHandler/]: Bhota lost connection: You logged in from another location
[15Aug2026 16:00:26.250] [Server thread/INFO] [net.minecraft.server.MinecraftServer/]: Bhota left the game
[15Aug2026 16:00:26.261] [Render thread/INFO] [net.minecraft.client.gui.NewChatGui/]: [CHAT] Bhota left the game
[15Aug2026 16:00:26.265] [Server thread/INFO] [net.minecraft.server.management.PlayerList/]: Bhota[/192.168.29.156:54860] logged in with entity id 2103 at (-50.5, 4.0, -37.5)
[15Aug2026 16:00:26.280] [Server thread/INFO] [net.minecraft.server.MinecraftServer/]: Bhota joined the game
[15Aug2026 16:00:26.360] [Render thread/INFO] [net.minecraft.client.gui.NewChatGui/]: [CHAT] Bhota joined the game
[15Aug2026 16:00:26.425] [Server thread/INFO] [net.minecraft.server.MinecraftServer/]: <Bhota> Bot online. Mention me and tell me what you want, or use !help.
[15Aug2026 16:00:31.581] [User Authenticator #123/WARN] [net.minecraft.network.login.ServerLoginNetHandler/]: Failed to verify username but will let them in anyway!
[15Aug2026 16:00:31.683] [Server thread/INFO] [net.minecraft.network.play.ServerPlayNetHandler/]: Bhota lost connection: You logged in from another location
[15Aug2026 16:00:31.683] [Server thread/INFO] [net.minecraft.server.MinecraftServer/]: Bhota left the game
[15Aug2026 16:00:31.690] [Server thread/INFO] [net.minecraftforge.common.AdvancementLoadFix/]: Using new advancement loading for net.minecraft.advancements.PlayerAdvancements@689aec4c
[15Aug2026 16:00:31.700] [Server thread/WARN] [net.minecraft.network.NetworkManager/]: handleDisconnection() called twice
[15Aug2026 16:00:31.701] [Server thread/INFO] [net.minecraft.server.management.PlayerList/]: Bhota[/192.168.29.156:54861] logged in with entity id 2113 at (-50.5, 4.0, -37.5)
[15Aug2026 16:00:31.707] [Server thread/INFO] [net.minecraft.server.MinecraftServer/]: Bhota joined the game
[15Aug2026 16:00:31.831] [Render thread/INFO] [net.minecraft.client.gui.NewChatGui/]: [CHAT] Bhota left the game
[15Aug2026 16:00:31.832] [Render thread/INFO] [net.minecraft.client.gui.NewChatGui/]: [CHAT] Bhota joined the game
[15Aug2026 16:00:32.229] [Server thread/INFO] [net.minecraft.server.MinecraftServer/]: <Bhota> Bot online. Mention me and tell me what you want, or use !help.
[15Aug2026 16:00:37.191] [User Authenticator #124/WARN] [net.minecraft.network.login.ServerLoginNetHandler/]: Failed to verify username but will let them in anyway!
[15Aug2026 16:00:37.316] [Server thread/INFO] [net.minecraft.network.play.ServerPlayNetHandler/]: Bhota lost connection: You logged in from another location
[15Aug2026 16:00:37.316] [Server thread/INFO] [net.minecraft.server.MinecraftServer/]: Bhota left the game
[15Aug2026 16:00:37.358] [Server thread/INFO] [net.minecraft.server.management.PlayerList/]: Bhota[/192.168.29.156:54862] logged in with entity id 2123 at (-50.5, 4.0, -37.5)
[15Aug2026 16:00:37.390] [Server thread/INFO] [net.minecraft.server.MinecraftServer/]: Bhota joined the game
[15Aug2026 16:00:37.482] [Render thread/INFO] [net.minecraft.client.gui.NewChatGui/]: [CHAT] Bhota left the game
[15Aug2026 16:00:37.483] [Render thread/INFO] [net.minecraft.client.gui.NewChatGui/]: [CHAT] Bhota joined the game
[15Aug2026 16:00:37.756] [Server thread/INFO] [net.minecraft.server.MinecraftServer/]: <Bhota> Bot online. Mention me and tell me what you want, or use !help.
[15Aug2026 16:00:42.744] [User Authenticator #125/WARN] [net.minecraft.network.login.ServerLoginNetHandler/]: Failed to verify username but will let them in anyway!
[15Aug2026 16:00:42.813] [Server thread/INFO] [net.minecraftforge.common.AdvancementLoadFix/]: Using new advancement loading for net.minecraft.advancements.PlayerAdvancements@60613b22
[15Aug2026 16:00:42.884] [Server thread/INFO] [net.minecraft.network.play.ServerPlayNetHandler/]: Bhota lost connection: You logged in from another location
[15Aug2026 16:00:42.885] [Server thread/INFO] [net.minecraft.server.MinecraftServer/]: Bhota left the game
[15Aug2026 16:00:42.894] [Server thread/INFO] [net.minecraft.server.management.PlayerList/]: Bhota[/192.168.29.156:54864] logged in with entity id 2130 at (-50.5, 4.0, -37.5)
[15Aug2026 16:00:42.901] [Server thread/INFO] [net.minecraft.server.MinecraftServer/]: Bhota joined the game
[15Aug2026 16:00:43.083] [Render thread/INFO] [net.minecraft.client.gui.NewChatGui/]: [CHAT] Bhota left the game
[15Aug2026 16:00:43.083] [Render thread/INFO] [net.minecraft.client.gui.NewChatGui/]: [CHAT] Bhota joined the game
[15Aug2026 16:00:43.445] [Server thread/INFO] [net.minecraft.server.MinecraftServer/]: <Bhota> Bot online. Mention me and tell me what you want, or use !help.
[15Aug2026 16:00:48.273] [User Authenticator #126/WARN] [net.minecraft.network.login.ServerLoginNetHandler/]: Failed to verify username but will let them in anyway!
[15Aug2026 16:00:48.384] [Server thread/INFO] [net.minecraft.network.play.ServerPlayNetHandler/]: Bhota lost connection: Disconnected
[15Aug2026 16:00:48.384] [Server thread/INFO] [net.minecraft.server.MinecraftServer/]: Bhota left the game
[15Aug2026 16:00:48.391] [Server thread/INFO] [net.minecraftforge.common.AdvancementLoadFix/]: Using new advancement loading for net.minecraft.advancements.PlayerAdvancements@711485b7
[15Aug2026 16:00:48.400] [Server thread/WARN] [net.minecraft.network.NetworkManager/]: handleDisconnection() called twice
[15Aug2026 16:00:48.404] [Server thread/INFO] [net.minecraft.server.management.PlayerList/]: Bhota[/192.168.29.156:54865] logged in with entity id 2141 at (-50.5, 4.0, -37.5)
[15Aug2026 16:00:48.473] [Server thread/INFO] [net.minecraft.server.MinecraftServer/]: Bhota joined the game
[15Aug2026 16:00:48.630] [Render thread/INFO] [net.minecraft.client.gui.NewChatGui/]: [CHAT] Bhota left the game
[15Aug2026 16:00:48.636] [Render thread/INFO] [net.minecraft.client.gui.NewChatGui/]: [CHAT] Bhota joined the game
[15Aug2026 16:00:48.902] [Server thread/INFO] [net.minecraft.server.MinecraftServer/]: <Bhota> Bot online. Mention me and tell me what you want, or use !help.
[15Aug2026 16:00:54.045] [User Authenticator #127/WARN] [net.minecraft.network.login.ServerLoginNetHandler/]: Failed to verify username but will let them in anyway!
[15Aug2026 16:00:54.174] [Server thread/INFO] [net.minecraft.network.play.ServerPlayNetHandler/]: Bhota lost connection: You logged in from another location
[15Aug2026 16:00:54.174] [Server thread/INFO] [net.minecraft.server.MinecraftServer/]: Bhota left the game
[15Aug2026 16:00:54.181] [Server thread/INFO] [net.minecraft.server.management.PlayerList/]: Bhota[/192.168.29.156:54866] logged in with entity id 2152 at (-50.5, 4.0, -37.5)
[15Aug2026 16:00:54.191] [Server thread/INFO] [net.minecraft.server.MinecraftServer/]: Bhota joined the game
[15Aug2026 16:00:54.275] [Render thread/INFO] [net.minecraft.client.gui.NewChatGui/]: [CHAT] Bhota left the game
[15Aug2026 16:00:54.275] [Render thread/INFO] [net.minecraft.client.gui.NewChatGui/]: [CHAT] Bhota joined the game
[15Aug2026 16:00:54.426] [Server thread/INFO] [net.minecraft.server.MinecraftServer/]: <Bhota> Bot online. Mention me and tell me what you want, or use !help.
[15Aug2026 16:00:59.668] [User Authenticator #128/WARN] [net.minecraft.network.login.ServerLoginNetHandler/]: Failed to verify username but will let them in anyway!
[15Aug2026 16:00:59.779] [Server thread/INFO] [net.minecraft.network.play.ServerPlayNetHandler/]: Bhota lost connection: You logged in from another location
[15Aug2026 16:00:59.779] [Server thread/INFO] [net.minecraft.server.MinecraftServer/]: Bhota left the game
[15Aug2026 16:00:59.784] [Server thread/INFO] [net.minecraftforge.common.AdvancementLoadFix/]: Using new advancement loading for net.minecraft.advancements.PlayerAdvancements@150c957e
[15Aug2026 16:00:59.798] [Render thread/INFO] [net.minecraft.client.gui.NewChatGui/]: [CHAT] Bhota left the game
[15Aug2026 16:00:59.808] [Server thread/WARN] [net.minecraft.network.NetworkManager/]: handleDisconnection() called twice
[15Aug2026 16:00:59.810] [Server thread/INFO] [net.minecraft.server.management.PlayerList/]: Bhota[/192.168.29.156:54867] logged in with entity id 2166 at (-50.5, 4.0, -37.5)
[15Aug2026 16:00:59.831] [Server thread/INFO] [net.minecraft.server.MinecraftServer/]: Bhota joined the game
[15Aug2026 16:00:59.973] [Render thread/INFO] [net.minecraft.client.gui.NewChatGui/]: [CHAT] Bhota joined the game
[15Aug2026 16:01:00.330] [Server thread/INFO] [net.minecraft.server.MinecraftServer/]: <Bhota> Bot online. Mention me and tell me what you want, or use !help.
[15Aug2026 16:01:05.517] [User Authenticator #129/WARN] [net.minecraft.network.login.ServerLoginNetHandler/]: Failed to verify username but will let them in anyway!
[15Aug2026 16:01:05.634] [Server thread/INFO] [net.minecraft.network.play.ServerPlayNetHandler/]: Bhota lost connection: You logged in from another location
[15Aug2026 16:01:05.634] [Server thread/INFO] [net.minecraft.server.MinecraftServer/]: Bhota left the game
[15Aug2026 16:01:05.642] [Server thread/INFO] [net.minecraftforge.common.AdvancementLoadFix/]: Using new advancement loading for net.minecraft.advancements.PlayerAdvancements@68039bd
[15Aug2026 16:01:05.650] [Server thread/WARN] [net.minecraft.network.NetworkManager/]: handleDisconnection() called twice
[15Aug2026 16:01:05.651] [Server thread/INFO] [net.minecraft.server.management.PlayerList/]: Bhota[/192.168.29.156:54870] logged in with entity id 2172 at (-50.5, 4.0, -37.5)
[15Aug2026 16:01:05.654] [Server thread/INFO] [net.minecraft.server.MinecraftServer/]: Bhota joined the game
[15Aug2026 16:01:05.720] [Render thread/INFO] [net.minecraft.client.gui.NewChatGui/]: [CHAT] Bhota left the game
[15Aug2026 16:01:05.735] [Render thread/INFO] [net.minecraft.client.gui.NewChatGui/]: [CHAT] Bhota joined the game
[15Aug2026 16:01:06.119] [Server thread/INFO] [net.minecraft.server.MinecraftServer/]: <Bhota> Bot online. Mention me and tell me what you want, or use !help.
[15Aug2026 16:01:11.208] [User Authenticator #130/WARN] [net.minecraft.network.login.ServerLoginNetHandler/]: Failed to verify username but will let them in anyway!
[15Aug2026 16:01:11.258] [Server thread/INFO] [net.minecraft.network.play.ServerPlayNetHandler/]: Bhota lost connection: You logged in from another location
[15Aug2026 16:01:11.258] [Server thread/INFO] [net.minecraft.server.MinecraftServer/]: Bhota left the game
[15Aug2026 16:01:11.267] [Server thread/INFO] [net.minecraftforge.common.AdvancementLoadFix/]: Using new advancement loading for net.minecraft.advancements.PlayerAdvancements@8133736
[15Aug2026 16:01:11.353] [Render thread/INFO] [net.minecraft.client.gui.NewChatGui/]: [CHAT] Bhota left the game
[15Aug2026 16:01:11.404] [Server thread/WARN] [net.minecraft.network.NetworkManager/]: handleDisconnection() called twice
[15Aug2026 16:01:11.442] [Server thread/INFO] [net.minecraft.server.management.PlayerList/]: Bhota[/192.168.29.156:54881] logged in with entity id 2184 at (-50.5, 4.0, -37.5)
[15Aug2026 16:01:11.468] [Server thread/INFO] [net.minecraft.server.MinecraftServer/]: Bhota joined the game
[15Aug2026 16:01:11.482] [Render thread/INFO] [net.minecraft.client.gui.NewChatGui/]: [CHAT] Bhota joined the game
[15Aug2026 16:01:11.671] [Server thread/INFO] [net.minecraft.server.MinecraftServer/]: <Bhota> Bot online. Mention me and tell me what you want, or use !help.
[15Aug2026 16:01:16.854] [User Authenticator #131/WARN] [net.minecraft.network.login.ServerLoginNetHandler/]: Failed to verify username but will let them in anyway!
[15Aug2026 16:01:16.946] [Server thread/INFO] [net.minecraft.network.play.ServerPlayNetHandler/]: Bhota lost connection: You logged in from another location
[15Aug2026 16:01:16.947] [Server thread/INFO] [net.minecraft.server.MinecraftServer/]: Bhota left the game
[15Aug2026 16:01:16.955] [Server thread/INFO] [net.minecraft.server.management.PlayerList/]: Bhota[/192.168.29.156:54882] logged in with entity id 2195 at (-50.5, 4.0, -37.5)
[15Aug2026 16:01:16.981] [Server thread/INFO] [net.minecraft.server.MinecraftServer/]: Bhota joined the game
[15Aug2026 16:01:17.183] [Render thread/INFO] [net.minecraft.client.gui.NewChatGui/]: [CHAT] Bhota left the game
[15Aug2026 16:01:17.183] [Render thread/INFO] [net.minecraft.client.gui.NewChatGui/]: [CHAT] Bhota joined the game
[15Aug2026 16:01:17.484] [Server thread/INFO] [net.minecraft.server.MinecraftServer/]: <Bhota> Bot online. Mention me and tell me what you want, or use !help.
[15Aug2026 16:01:22.559] [User Authenticator #132/WARN] [net.minecraft.network.login.ServerLoginNetHandler/]: Failed to verify username but will let them in anyway!
[15Aug2026 16:01:22.604] [Server thread/INFO] [net.minecraftforge.common.AdvancementLoadFix/]: Using new advancement loading for net.minecraft.advancements.PlayerAdvancements@572937af
[15Aug2026 16:01:22.661] [Server thread/INFO] [net.minecraft.network.play.ServerPlayNetHandler/]: Bhota lost connection: You logged in from another location
[15Aug2026 16:01:22.661] [Server thread/INFO] [net.minecraft.server.MinecraftServer/]: Bhota left the game
[15Aug2026 16:01:22.669] [Server thread/INFO] [net.minecraft.server.management.PlayerList/]: Bhota[/192.168.29.156:54883] logged in with entity id 2212 at (-50.5, 4.0, -37.5)
[15Aug2026 16:01:22.685] [Server thread/INFO] [net.minecraft.server.MinecraftServer/]: Bhota joined the game
[15Aug2026 16:01:22.892] [Render thread/INFO] [net.minecraft.client.gui.NewChatGui/]: [CHAT] Bhota left the game
[15Aug2026 16:01:22.893] [Render thread/INFO] [net.minecraft.client.gui.NewChatGui/]: [CHAT] Bhota joined the game
[15Aug2026 16:01:23.238] [Server thread/INFO] [net.minecraft.server.MinecraftServer/]: <Bhota> Bot online. Mention me and tell me what you want, or use !help.
[15Aug2026 16:01:24.475] [Server thread/INFO] [net.minecraft.network.play.ServerPlayNetHandler/]: Dev lost connection: Disconnected
[15Aug2026 16:01:24.476] [Server thread/INFO] [net.minecraft.server.MinecraftServer/]: Dev left the game
[15Aug2026 16:01:24.488] [Server thread/INFO] [net.minecraft.network.play.ServerPlayNetHandler/]: Stopping singleplayer server as player logged out
[15Aug2026 16:01:24.534] [Server thread/INFO] [net.minecraft.server.MinecraftServer/]: Stopping server
[15Aug2026 16:01:24.535] [Server thread/INFO] [net.minecraft.server.MinecraftServer/]: Saving players
[15Aug2026 16:01:24.535] [Server thread/INFO] [net.minecraft.server.MinecraftServer/]: Saving worlds
[15Aug2026 16:01:24.535] [Server thread/INFO] [net.minecraft.server.MinecraftServer/]: Saving chunks for level 'ServerLevel[New World]'/minecraft:overworld
[15Aug2026 16:01:25.343] [Server thread/INFO] [net.minecraft.world.server.ChunkManager/]: ThreadedAnvilChunkStorage (New World): All chunks are saved
[15Aug2026 16:01:25.344] [Server thread/INFO] [net.minecraft.server.MinecraftServer/]: Saving chunks for level 'ServerLevel[New World]'/minecraft:the_nether
[15Aug2026 16:01:25.353] [Server thread/INFO] [net.minecraft.world.server.ChunkManager/]: ThreadedAnvilChunkStorage (DIM-1): All chunks are saved
[15Aug2026 16:01:25.353] [Server thread/INFO] [net.minecraft.server.MinecraftServer/]: Saving chunks for level 'ServerLevel[New World]'/minecraft:the_end
[15Aug2026 16:01:25.363] [Server thread/INFO] [net.minecraft.world.server.ChunkManager/]: ThreadedAnvilChunkStorage (DIM1): All chunks are saved
[15Aug2026 16:01:25.395] [Server thread/INFO] [net.minecraft.world.server.ChunkManager/]: ThreadedAnvilChunkStorage (New World): All chunks are saved
[15Aug2026 16:01:25.523] [Server thread/INFO] [net.minecraft.world.server.ChunkManager/]: ThreadedAnvilChunkStorage (DIM-1): All chunks are saved
[15Aug2026 16:01:25.525] [Server thread/INFO] [net.minecraft.world.server.ChunkManager/]: ThreadedAnvilChunkStorage (DIM1): All chunks are saved
[15Aug2026 16:02:38.027] [Render thread/WARN] [net.minecraft.command.Commands/]: Ambiguity between arguments [teleport, destination] and [teleport, targets] with inputs: [Player, 0123, @e, dd12be42-52a9-4a91-a8a1-11c01849e498]
[15Aug2026 16:02:38.029] [Render thread/WARN] [net.minecraft.command.Commands/]: Ambiguity between arguments [teleport, location] and [teleport, destination] with inputs: [0.1 -0.5 .9, 0 0 0]
[15Aug2026 16:02:38.030] [Render thread/WARN] [net.minecraft.command.Commands/]: Ambiguity between arguments [teleport, location] and [teleport, targets] with inputs: [0.1 -0.5 .9, 0 0 0]
[15Aug2026 16:02:38.031] [Render thread/WARN] [net.minecraft.command.Commands/]: Ambiguity between arguments [teleport, targets] and [teleport, destination] with inputs: [Player, 0123, dd12be42-52a9-4a91-a8a1-11c01849e498]
[15Aug2026 16:02:38.032] [Render thread/WARN] [net.minecraft.command.Commands/]: Ambiguity between arguments [teleport, targets, location] and [teleport, targets, destination] with inputs: [0.1 -0.5 .9, 0 0 0]
[15Aug2026 16:02:38.033] [Render thread/INFO] [net.minecraft.resources.SimpleReloadableResourceManager/]: Reloading ResourceManager: Default, forge-1.16.5-36.2.42_mapped_official_1.16.5.jar, main
[15Aug2026 16:02:42.004] [Render thread/INFO] [net.minecraft.item.crafting.RecipeManager/]: Loaded 7 recipes
[15Aug2026 16:02:43.257] [Render thread/INFO] [net.minecraft.advancements.AdvancementList/]: Loaded 927 advancements
[15Aug2026 16:02:43.320] [Render thread/INFO] [net.minecraftforge.registries.GameData/REGISTRIES]: Injecting existing registry data into this CLIENT instance
[15Aug2026 16:02:44.415] [Render thread/WARN] [net.minecraft.command.Commands/]: Ambiguity between arguments [teleport, destination] and [teleport, targets] with inputs: [Player, 0123, @e, dd12be42-52a9-4a91-a8a1-11c01849e498]
[15Aug2026 16:02:44.418] [Render thread/WARN] [net.minecraft.command.Commands/]: Ambiguity between arguments [teleport, location] and [teleport, destination] with inputs: [0.1 -0.5 .9, 0 0 0]
[15Aug2026 16:02:44.420] [Render thread/WARN] [net.minecraft.command.Commands/]: Ambiguity between arguments [teleport, location] and [teleport, targets] with inputs: [0.1 -0.5 .9, 0 0 0]
[15Aug2026 16:02:44.421] [Render thread/WARN] [net.minecraft.command.Commands/]: Ambiguity between arguments [teleport, targets] and [teleport, destination] with inputs: [Player, 0123, dd12be42-52a9-4a91-a8a1-11c01849e498]
[15Aug2026 16:02:44.423] [Render thread/WARN] [net.minecraft.command.Commands/]: Ambiguity between arguments [teleport, targets, location] and [teleport, targets, destination] with inputs: [0.1 -0.5 .9, 0 0 0]
[15Aug2026 16:02:44.423] [Render thread/INFO] [net.minecraft.resources.SimpleReloadableResourceManager/]: Reloading ResourceManager: Default, forge-1.16.5-36.2.42_mapped_official_1.16.5.jar, main
[15Aug2026 16:02:47.959] [Render thread/INFO] [net.minecraft.item.crafting.RecipeManager/]: Loaded 7 recipes
[15Aug2026 16:02:49.324] [Render thread/INFO] [net.minecraft.advancements.AdvancementList/]: Loaded 927 advancements
[15Aug2026 16:02:49.382] [Render thread/INFO] [net.minecraftforge.registries.GameData/REGISTRIES]: Injecting existing registry data into this CLIENT instance
[15Aug2026 16:02:50.989] [Render thread/INFO] [com.mojang.authlib.yggdrasil.YggdrasilAuthenticationService/]: Environment: authHost='https://authserver.mojang.com', accountsHost='https://api.mojang.com', sessionHost='https://sessionserver.mojang.com', servicesHost='https://api.minecraftservices.com', name='PROD'
[15Aug2026 16:02:50.993] [Server thread/INFO] [net.minecraft.server.integrated.IntegratedServer/]: Starting integrated minecraft server version 1.16.5
[15Aug2026 16:02:50.993] [Server thread/INFO] [net.minecraft.server.MinecraftServer/]: Generating keypair
[15Aug2026 16:02:51.150] [Server thread/INFO] [net.minecraft.server.MinecraftServer/]: Preparing start region for dimension minecraft:overworld
[15Aug2026 16:02:51.915] [Render thread/INFO] [net.minecraft.world.chunk.listener.LoggingChunkStatusListener/]: Preparing spawn area: 0%
[15Aug2026 16:02:51.915] [Render thread/INFO] [net.minecraft.world.chunk.listener.LoggingChunkStatusListener/]: Preparing spawn area: 0%
[15Aug2026 16:02:52.673] [Render thread/INFO] [net.minecraft.world.chunk.listener.LoggingChunkStatusListener/]: Preparing spawn area: 91%
[15Aug2026 16:02:52.913] [Render thread/INFO] [net.minecraft.world.chunk.listener.LoggingChunkStatusListener/]: Preparing spawn area: 91%
[15Aug2026 16:02:53.286] [Render thread/INFO] [net.minecraft.world.chunk.listener.LoggingChunkStatusListener/]: Preparing spawn area: 97%
[15Aug2026 16:02:53.705] [Server thread/INFO] [net.minecraft.server.integrated.IntegratedServer/]: Changing view distance to 2, from 10
[15Aug2026 16:02:53.742] [Render thread/INFO] [net.minecraft.world.chunk.listener.LoggingChunkStatusListener/]: Time elapsed: 2523 ms
[15Aug2026 16:02:53.862] [Netty Local Client IO #1/INFO] [net.minecraftforge.fml.network.NetworkHooks/]: Connected to a modded server.
[15Aug2026 16:02:53.866] [Server thread/INFO] [net.minecraftforge.common.AdvancementLoadFix/]: Using new advancement loading for net.minecraft.advancements.PlayerAdvancements@12fbc721
[15Aug2026 16:02:53.883] [Server thread/INFO] [net.minecraft.server.management.PlayerList/]: Dev[local:E:387cf3f9] logged in with entity id 2330 at (-50.03112608746252, 4.0, -36.871815086581336)
[15Aug2026 16:02:53.888] [Server thread/INFO] [net.minecraft.server.MinecraftServer/]: Dev joined the game
[15Aug2026 16:02:54.214] [Render thread/INFO] [net.minecraft.advancements.AdvancementList/]: Loaded 23 advancements
[15Aug2026 16:02:54.243] [Server thread/INFO] [net.minecraft.server.integrated.IntegratedServer/]: Saving and pausing game...
[15Aug2026 16:02:54.249] [Server thread/INFO] [net.minecraft.server.MinecraftServer/]: Saving chunks for level 'ServerLevel[New World]'/minecraft:overworld
[15Aug2026 16:02:54.358] [Server thread/INFO] [net.minecraft.server.MinecraftServer/]: Saving chunks for level 'ServerLevel[New World]'/minecraft:the_nether
[15Aug2026 16:02:54.388] [Server thread/INFO] [net.minecraft.server.MinecraftServer/]: Saving chunks for level 'ServerLevel[New World]'/minecraft:the_end
[15Aug2026 16:03:01.593] [Server thread/INFO] [net.minecraft.server.integrated.IntegratedServer/]: Saving and pausing game...
[15Aug2026 16:03:01.598] [Server thread/INFO] [net.minecraft.server.MinecraftServer/]: Saving chunks for level 'ServerLevel[New World]'/minecraft:overworld
[15Aug2026 16:03:01.638] [Server thread/INFO] [net.minecraft.server.MinecraftServer/]: Saving chunks for level 'ServerLevel[New World]'/minecraft:the_nether
[15Aug2026 16:03:01.639] [Server thread/INFO] [net.minecraft.server.MinecraftServer/]: Saving chunks for level 'ServerLevel[New World]'/minecraft:the_end
[15Aug2026 16:03:07.363] [Server thread/INFO] [net.minecraft.server.integrated.IntegratedServer/]: Saving and pausing game...
[15Aug2026 16:03:07.371] [Server thread/INFO] [net.minecraft.server.MinecraftServer/]: Saving chunks for level 'ServerLevel[New World]'/minecraft:overworld
[15Aug2026 16:03:07.385] [Server thread/INFO] [net.minecraft.server.MinecraftServer/]: Saving chunks for level 'ServerLevel[New World]'/minecraft:the_nether
[15Aug2026 16:03:07.386] [Server thread/INFO] [net.minecraft.server.MinecraftServer/]: Saving chunks for level 'ServerLevel[New World]'/minecraft:the_end
[15Aug2026 16:03:16.849] [Render thread/INFO] [net.minecraft.network.NetworkSystem/]: Using default channel type
[15Aug2026 16:03:16.851] [Render thread/INFO] [net.minecraft.server.integrated.IntegratedServer/]: Started serving on 54917
[15Aug2026 16:03:16.856] [Render thread/INFO] [net.minecraft.client.gui.NewChatGui/]: [CHAT] Local game hosted on port 54917
[15Aug2026 16:04:55.244] [User Authenticator #133/WARN] [net.minecraft.network.login.ServerLoginNetHandler/]: Failed to verify username but will let them in anyway!
[15Aug2026 16:04:55.255] [Server thread/INFO] [net.minecraftforge.common.AdvancementLoadFix/]: Using new advancement loading for net.minecraft.advancements.PlayerAdvancements@56959b32
[15Aug2026 16:04:55.261] [Server thread/INFO] [net.minecraft.server.management.PlayerList/]: Bhota[/192.168.29.156:54960] logged in with entity id 2408 at (-50.5, 4.0, -37.5)
[15Aug2026 16:04:55.278] [Server thread/INFO] [net.minecraft.server.MinecraftServer/]: Bhota joined the game
[15Aug2026 16:04:55.428] [Render thread/INFO] [net.minecraft.client.gui.NewChatGui/]: [CHAT] Bhota joined the game
[15Aug2026 16:04:56.268] [Server thread/INFO] [net.minecraft.server.MinecraftServer/]: <Bhota> Bot online. Mention me and tell me what you want, or use !help.
[15Aug2026 16:05:07.769] [Server thread/INFO] [net.minecraft.server.MinecraftServer/]: <Dev> bhota mine me some wood
[15Aug2026 16:05:07.848] [Server thread/INFO] [net.minecraft.server.MinecraftServer/]: <Bhota> > mine(block="oak_log", count=3, specified=false)
[15Aug2026 16:05:07.849] [Render thread/INFO] [net.minecraft.client.gui.NewChatGui/]: [CHAT] <Dev> bhota mine me some wood
[15Aug2026 16:05:19.596] [Server thread/INFO] [net.minecraft.server.MinecraftServer/]: <Bhota> Mining stopped: Took to long to decide path to goal!
[15Aug2026 16:05:25.557] [Server thread/INFO] [net.minecraft.server.MinecraftServer/]: <Dev> bhota learn hindi
[15Aug2026 16:05:25.789] [Render thread/INFO] [net.minecraft.client.gui.NewChatGui/]: [CHAT] <Dev> bhota learn hindi
[15Aug2026 16:05:26.587] [Server thread/INFO] [net.minecraft.server.MinecraftServer/]: <Bhota> erousenne a seactinghace bot can it sting that loc
[15Aug2026 16:05:46.085] [Server thread/INFO] [net.minecraft.server.MinecraftServer/]: <Dev> bhota
[15Aug2026 16:05:46.095] [Render thread/INFO] [net.minecraft.client.gui.NewChatGui/]: [CHAT] <Dev> bhota
[15Aug2026 16:05:46.854] [Server thread/INFO] [net.minecraft.server.MinecraftServer/]: <Bhota> an bot shoulde that contion resss emat not should
[15Aug2026 16:05:50.387] [Server thread/INFO] [net.minecraft.server.MinecraftServer/]: <Bhota> > lookAround()
[15Aug2026 16:05:52.936] [Server thread/INFO] [net.minecraft.server.MinecraftServer/]: <Dev> bhota hello
[15Aug2026 16:05:53.099] [Render thread/INFO] [net.minecraft.client.gui.NewChatGui/]: [CHAT] <Dev> bhota hello
[15Aug2026 16:05:53.695] [Server thread/INFO] [net.minecraft.server.MinecraftServer/]: <Bhota> bot thale prrovering bot th bilde bentece can blo
[15Aug2026 16:06:05.270] [Server thread/INFO] [net.minecraft.server.MinecraftServer/]: <Dev> bhota talk to me
[15Aug2026 16:06:05.279] [Render thread/INFO] [net.minecraft.client.gui.NewChatGui/]: [CHAT] <Dev> bhota talk to me
[15Aug2026 16:06:05.973] [Server thread/INFO] [net.minecraft.server.MinecraftServer/]: <Bhota> , muns the cat hace anin s pecons amine bot the bo
[15Aug2026 16:06:08.402] [Server thread/INFO] [net.minecraft.server.MinecraftServer/]: <Bhota> > lookAround()
[15Aug2026 16:06:14.113] [Server thread/INFO] [net.minecraft.server.MinecraftServer/]: <Dev> bhota mere sath bolo
[15Aug2026 16:06:14.115] [Render thread/INFO] [net.minecraft.client.gui.NewChatGui/]: [CHAT] <Dev> bhota mere sath bolo
[15Aug2026 16:06:15.231] [Server thread/INFO] [net.minecraft.server.MinecraftServer/]: <Bhota> , bute tra the mon ita nare bote a conativen meca
[15Aug2026 16:06:24.426] [Server thread/INFO] [net.minecraft.server.MinecraftServer/]: <Dev> bhota tum nalle ho kya
[15Aug2026 16:06:24.439] [Render thread/INFO] [net.minecraft.client.gui.NewChatGui/]: [CHAT] <Dev> bhota tum nalle ho kya
[15Aug2026 16:06:25.694] [Server thread/INFO] [net.minecraft.server.MinecraftServer/]: <Bhota> whavain be bot sequir inghte bunld singht, bota
[15Aug2026 16:06:29.797] [Server thread/INFO] [net.minecraft.server.MinecraftServer/]: <Dev> mere sath aao
[15Aug2026 16:06:29.810] [Render thread/INFO] [net.minecraft.client.gui.NewChatGui/]: [CHAT] <Dev> mere sath aao
[15Aug2026 16:06:35.900] [Server thread/INFO] [net.minecraft.server.MinecraftServer/]: <Dev> follow me bhota
[15Aug2026 16:06:35.922] [Render thread/INFO] [net.minecraft.client.gui.NewChatGui/]: [CHAT] <Dev> follow me bhota
[15Aug2026 16:06:36.063] [Server thread/INFO] [net.minecraft.server.MinecraftServer/]: <Bhota> > follow(target="Dev")
[15Aug2026 16:06:49.739] [Server thread/INFO] [net.minecraft.server.MinecraftServer/]: <Dev> mere sath mat aao bhota
[15Aug2026 16:06:49.744] [Render thread/INFO] [net.minecraft.client.gui.NewChatGui/]: [CHAT] <Dev> mere sath mat aao bhota
[15Aug2026 16:06:50.887] [Server thread/INFO] [net.minecraft.server.MinecraftServer/]: <Bhota> bhot jon bota nvalocks.
[15Aug2026 16:06:57.657] [Server thread/INFO] [net.minecraft.server.MinecraftServer/]: <Dev> stop bhota
[15Aug2026 16:06:57.668] [Render thread/INFO] [net.minecraft.client.gui.NewChatGui/]: [CHAT] <Dev> stop bhota
[15Aug2026 16:06:57.669] [Server thread/INFO] [net.minecraft.server.MinecraftServer/]: <Bhota> > stop()
[15Aug2026 16:07:02.482] [Server thread/INFO] [net.minecraft.server.MinecraftServer/]: <Bhota> > lookAround()
[15Aug2026 16:07:06.471] [Server thread/INFO] [net.minecraft.server.MinecraftServer/]: <Dev> bhota mujhe follow kro
[15Aug2026 16:07:06.482] [Render thread/INFO] [net.minecraft.client.gui.NewChatGui/]: [CHAT] <Dev> bhota mujhe follow kro
[15Aug2026 16:07:06.666] [Server thread/INFO] [net.minecraft.server.MinecraftServer/]: <Bhota> > follow(target="Dev")
[15Aug2026 16:07:24.177] [Server thread/INFO] [net.minecraft.server.MinecraftServer/]: <Dev> bhota stop
[15Aug2026 16:07:24.189] [Render thread/INFO] [net.minecraft.client.gui.NewChatGui/]: [CHAT] <Dev> bhota stop
[15Aug2026 16:07:24.197] [Server thread/INFO] [net.minecraft.server.MinecraftServer/]: <Bhota> > stop()
[15Aug2026 16:07:34.478] [Server thread/INFO] [net.minecraft.server.MinecraftServer/]: <Dev> bhota mere saath chlo
[15Aug2026 16:07:34.652] [Render thread/INFO] [net.minecraft.client.gui.NewChatGui/]: [CHAT] <Dev> bhota mere saath chlo
[15Aug2026 16:07:38.374] [Server thread/INFO] [net.minecraft.server.MinecraftServer/]: <Dev> bhota mujhe follow kro
[15Aug2026 16:07:38.386] [Render thread/INFO] [net.minecraft.client.gui.NewChatGui/]: [CHAT] <Dev> bhota mujhe follow kro
[15Aug2026 16:07:38.607] [Server thread/INFO] [net.minecraft.server.MinecraftServer/]: <Bhota> > follow(target="Dev")
[15Aug2026 16:08:05.910] [Server thread/INFO] [net.minecraft.server.MinecraftServer/]: <Dev> mine me some stone 100
[15Aug2026 16:08:05.911] [Render thread/INFO] [net.minecraft.client.gui.NewChatGui/]: [CHAT] <Dev> mine me some stone 100
[15Aug2026 16:08:13.427] [Server thread/INFO] [net.minecraft.server.MinecraftServer/]: <Dev> mine me some stone 100 bhota
[15Aug2026 16:08:13.428] [Render thread/INFO] [net.minecraft.client.gui.NewChatGui/]: [CHAT] <Dev> mine me some stone 100 bhota
[15Aug2026 16:08:13.651] [Server thread/INFO] [net.minecraft.server.MinecraftServer/]: <Bhota> No stone found nearby.
[15Aug2026 16:08:26.978] [Server thread/INFO] [net.minecraft.server.MinecraftServer/]: <Dev> mine me some bedrock 100 bhota
[15Aug2026 16:08:26.984] [Render thread/INFO] [net.minecraft.client.gui.NewChatGui/]: [CHAT] <Dev> mine me some bedrock 100 bhota
[15Aug2026 16:08:27.160] [Server thread/INFO] [net.minecraft.server.MinecraftServer/]: <Bhota> > mine(block="bedrock", count=100, specified=true)
[15Aug2026 16:08:29.809] [Server thread/INFO] [net.minecraft.server.MinecraftServer/]: <Bhota> bota: bhot sho,
[15Aug2026 16:08:37.636] [Server thread/INFO] [net.minecraft.server.MinecraftServer/]: <Bhota> Mining stopped: Took to long to decide path to goal!
[15Aug2026 16:08:47.284] [Server thread/INFO] [net.minecraft.server.MinecraftServer/]: <Bhota> an bota thacle bot sho so
[15Aug2026 16:08:50.822] [Server thread/INFO] [net.minecraft.server.MinecraftServer/]: <Bhota> > lookAround()
[15Aug2026 16:09:00.243] [Server thread/INFO] [net.minecraft.server.MinecraftServer/]: <Dev> bhota follow me
[15Aug2026 16:09:00.247] [Render thread/INFO] [net.minecraft.client.gui.NewChatGui/]: [CHAT] <Dev> bhota follow me
[15Aug2026 16:09:00.262] [Server thread/INFO] [net.minecraft.server.MinecraftServer/]: <Bhota> > follow(target="Dev")
[15Aug2026 16:09:12.369] [Server thread/INFO] [net.minecraft.server.MinecraftServer/]: <Dev> !stop
[15Aug2026 16:09:12.371] [Server thread/INFO] [net.minecraft.server.MinecraftServer/]: <Bhota> > stop()
[15Aug2026 16:09:12.450] [Render thread/INFO] [net.minecraft.client.gui.NewChatGui/]: [CHAT] <Dev> !stop
[15Aug2026 16:09:20.045] [Render thread/INFO] [net.minecraft.client.gui.NewChatGui/]: [CHAT] Incomplete (expected 3 coordinates)
[15Aug2026 16:09:20.045] [Render thread/INFO] [net.minecraft.client.gui.NewChatGui/]: [CHAT] /fill -53 3<--[HERE]
[15Aug2026 16:09:22.150] [Render thread/INFO] [net.minecraft.client.gui.NewChatGui/]: [CHAT] Unknown or incomplete command, see below for error
[15Aug2026 16:09:22.150] [Render thread/INFO] [net.minecraft.client.gui.NewChatGui/]: [CHAT] ... -53 3 -30<--[HERE]
[15Aug2026 16:09:33.447] [Server thread/INFO] [net.minecraft.server.MinecraftServer/]: [Dev: Successfully filled 1156 blocks]
[15Aug2026 16:09:33.734] [Render thread/INFO] [net.minecraft.client.gui.NewChatGui/]: [CHAT] Successfully filled 1156 blocks
[15Aug2026 16:09:44.851] [Server thread/INFO] [net.minecraft.server.MinecraftServer/]: <Bhota> > lookAround()
[15Aug2026 16:09:50.222] [Server thread/INFO] [net.minecraft.server.MinecraftServer/]: <Dev> bhota follow me
[15Aug2026 16:09:50.228] [Render thread/INFO] [net.minecraft.client.gui.NewChatGui/]: [CHAT] <Dev> bhota follow me
[15Aug2026 16:09:50.337] [Server thread/INFO] [net.minecraft.server.MinecraftServer/]: <Bhota> > follow(target="Dev")
[15Aug2026 16:09:54.797] [Server thread/INFO] [net.minecraft.server.MinecraftServer/]: <Bhota> > retreatFrom(source="low_health")
[15Aug2026 16:09:55.243] [Server thread/INFO] [net.minecraft.server.MinecraftServer/]: Bhota tried to swim in lava
[15Aug2026 16:09:55.251] [Server thread/INFO] [net.minecraft.server.MinecraftServer/]: <Bhota> > onDeath()
[15Aug2026 16:09:55.373] [Render thread/INFO] [net.minecraft.client.gui.NewChatGui/]: [CHAT] Bhota tried to swim in lava
[15Aug2026 16:09:55.437] [Server thread/INFO] [net.minecraft.server.MinecraftServer/]: <Bhota> > endFlee()
[15Aug2026 16:10:03.361] [Server thread/INFO] [net.minecraft.server.MinecraftServer/]: <Bhota> > retreatFrom(source="low_health")
[15Aug2026 16:10:04.186] [Server thread/INFO] [net.minecraft.server.MinecraftServer/]: Bhota tried to swim in lava
[15Aug2026 16:10:04.221] [Server thread/INFO] [net.minecraft.server.MinecraftServer/]: <Bhota> > onDeath()
[15Aug2026 16:10:04.308] [Render thread/INFO] [net.minecraft.client.gui.NewChatGui/]: [CHAT] Bhota tried to swim in lava
[15Aug2026 16:10:04.394] [Server thread/INFO] [net.minecraft.server.MinecraftServer/]: <Bhota> > endFlee()
[15Aug2026 16:10:14.486] [Server thread/INFO] [net.minecraft.server.MinecraftServer/]: <Dev> bhota follow me
[15Aug2026 16:10:14.488] [Render thread/INFO] [net.minecraft.client.gui.NewChatGui/]: [CHAT] <Dev> bhota follow me
[15Aug2026 16:10:14.490] [Server thread/INFO] [net.minecraft.server.MinecraftServer/]: <Bhota> > follow(target="Dev")
[15Aug2026 16:10:21.217] [Server thread/INFO] [net.minecraft.server.MinecraftServer/]: <Dev> bhota follow me
[15Aug2026 16:10:21.233] [Render thread/INFO] [net.minecraft.client.gui.NewChatGui/]: [CHAT] <Dev> bhota follow me
[15Aug2026 16:10:21.473] [Server thread/INFO] [net.minecraft.server.MinecraftServer/]: <Bhota> > follow(target="Dev")
[15Aug2026 16:10:27.723] [Server thread/INFO] [net.minecraft.server.MinecraftServer/]: <Dev> stop bhota
[15Aug2026 16:10:27.736] [Render thread/INFO] [net.minecraft.client.gui.NewChatGui/]: [CHAT] <Dev> stop bhota
[15Aug2026 16:10:27.742] [Server thread/INFO] [net.minecraft.server.MinecraftServer/]: <Bhota> > stop()
[15Aug2026 16:10:29.143] [Server thread/INFO] [net.minecraft.server.MinecraftServer/]: <Dev> bhota follow me
[15Aug2026 16:10:29.288] [Server thread/INFO] [net.minecraft.server.MinecraftServer/]: <Bhota> > follow(target="Dev")
[15Aug2026 16:10:29.298] [Render thread/INFO] [net.minecraft.client.gui.NewChatGui/]: [CHAT] <Dev> bhota follow me
[15Aug2026 16:10:57.418] [Server thread/INFO] [net.minecraft.server.MinecraftServer/]: <Bhota> the bo thoovaa: bhotinghta s ea
[15Aug2026 16:11:19.882] [Server thread/INFO] [net.minecraft.server.MinecraftServer/]: <Dev> come here bhota
[15Aug2026 16:11:19.992] [Server thread/INFO] [net.minecraft.server.MinecraftServer/]: <Bhota> > come(target="Dev")
[15Aug2026 16:11:19.993] [Server thread/INFO] [net.minecraft.server.MinecraftServer/]: <Bhota> Error: bot.pathfinder.once is not a function
[15Aug2026 16:11:20.001] [Render thread/INFO] [net.minecraft.client.gui.NewChatGui/]: [CHAT] <Dev> come here bhota
[15Aug2026 16:11:29.972] [Server thread/INFO] [net.minecraft.server.MinecraftServer/]: <Dev> bhota follow me
[15Aug2026 16:11:29.974] [Render thread/INFO] [net.minecraft.client.gui.NewChatGui/]: [CHAT] <Dev> bhota follow me
[15Aug2026 16:11:30.230] [Server thread/INFO] [net.minecraft.server.MinecraftServer/]: <Bhota> > follow(target="Dev")
[15Aug2026 16:11:59.365] [Server thread/INFO] [net.minecraft.server.MinecraftServer/]: <Bhota> > retreatFrom(source="player_attack:Dev")
[15Aug2026 16:12:00.025] [Server thread/INFO] [net.minecraft.server.MinecraftServer/]: <Bhota> > endFlee()
[15Aug2026 16:12:01.946] [Server thread/INFO] [net.minecraft.server.MinecraftServer/]: <Bhota> > retreatFrom(source="player_attack:Dev")
[15Aug2026 16:12:02.229] [Server thread/INFO] [net.minecraft.server.MinecraftServer/]: <Bhota> > endFlee()
[15Aug2026 16:12:02.579] [Server thread/INFO] [net.minecraft.server.MinecraftServer/]: <Bhota> > retreatFrom(source="player_attack:Dev")
[15Aug2026 16:12:03.204] [Server thread/INFO] [net.minecraft.server.MinecraftServer/]: <Bhota> > endFlee()
[15Aug2026 16:12:08.317] [Server thread/INFO] [net.minecraft.server.MinecraftServer/]: <Dev> stop bhota
[15Aug2026 16:12:08.320] [Server thread/INFO] [net.minecraft.server.MinecraftServer/]: <Bhota> > stop()
[15Aug2026 16:12:08.378] [Render thread/INFO] [net.minecraft.client.gui.NewChatGui/]: [CHAT] <Dev> stop bhota
[15Aug2026 16:12:09.375] [Server thread/INFO] [net.minecraft.server.MinecraftServer/]: <Bhota> > retreatFrom(source="player_attack:Dev")
[15Aug2026 16:12:10.219] [Server thread/INFO] [net.minecraft.server.MinecraftServer/]: <Bhota> > endFlee()
[15Aug2026 16:12:45.786] [Server thread/INFO] [net.minecraft.server.MinecraftServer/]: <Bhota> > lookAround()
[15Aug2026 16:13:03.266] [Server thread/INFO] [net.minecraft.server.MinecraftServer/]: <Bhota> > retreatFrom(source="player_attack:Dev")
[15Aug2026 16:13:03.307] [Server thread/INFO] [net.minecraft.server.MinecraftServer/]: <Bhota> > endFlee()
[15Aug2026 16:13:03.787] [Server thread/INFO] [net.minecraft.server.MinecraftServer/]: <Bhota> > lookAround()
[15Aug2026 16:13:21.773] [Server thread/INFO] [net.minecraft.server.MinecraftServer/]: <Bhota> > lookAround()
[15Aug2026 16:13:37.207] [Server thread/INFO] [net.minecraft.server.MinecraftServer/]: <Dev> bhota build me stone wall 10 19
[15Aug2026 16:13:37.287] [Render thread/INFO] [net.minecraft.client.gui.NewChatGui/]: [CHAT] <Dev> bhota build me stone wall 10 19
[15Aug2026 16:13:37.402] [Server thread/INFO] [net.minecraft.server.MinecraftServer/]: <Bhota> > build(shape="wall", block="stone", blocks=190)
[15Aug2026 16:14:05.037] [Render thread/INFO] [net.minecraft.advancements.AdvancementList/]: Loaded 24 advancements
[15Aug2026 16:14:09.839] [Server thread/INFO] [net.minecraft.server.MinecraftServer/]: Dev has made the advancement [Hot Stuff]
[15Aug2026 16:14:09.851] [Render thread/INFO] [net.minecraft.client.gui.NewChatGui/]: [CHAT] Dev has made the advancement [Hot Stuff]
[15Aug2026 16:14:09.854] [Render thread/INFO] [net.minecraft.advancements.AdvancementList/]: Loaded 31 advancements
[15Aug2026 16:14:18.469] [Server thread/INFO] [net.minecraft.server.MinecraftServer/]: [Dev: Set Bhota's game mode to Creative Mode]
[15Aug2026 16:14:18.534] [Render thread/INFO] [net.minecraft.client.gui.NewChatGui/]: [CHAT] Set Bhota's game mode to Creative Mode
[15Aug2026 16:14:34.517] [Server thread/WARN] [net.minecraft.server.management.PlayerInteractionManager/]: Mismatch in destroy block pos: BlockPos{x=-40, y=7, z=-22} BlockPos{x=-37, y=7, z=-22}
[15Aug2026 16:14:42.662] [Server thread/WARN] [net.minecraft.server.management.PlayerInteractionManager/]: Mismatch in destroy block pos: BlockPos{x=-40, y=7, z=-22} BlockPos{x=-36, y=9, z=-22}
[15Aug2026 16:15:22.739] [Server thread/INFO] [net.minecraft.server.MinecraftServer/]: <Bhota> Build finished: 66 placed, 124 skipped.
[15Aug2026 16:15:27.968] [Server thread/INFO] [net.minecraft.server.MinecraftServer/]: <Bhota> > lookAround()
[15Aug2026 16:16:05.048] [Server thread/INFO] [net.minecraft.server.MinecraftServer/]: <Dev> bhota build me stone wall 10 19
[15Aug2026 16:16:05.061] [Render thread/INFO] [net.minecraft.client.gui.NewChatGui/]: [CHAT] <Dev> bhota build me stone wall 10 19
[15Aug2026 16:16:05.195] [Server thread/INFO] [net.minecraft.server.MinecraftServer/]: <Bhota> > build(shape="wall", block="stone", blocks=190)
[15Aug2026 16:16:33.921] [Server thread/WARN] [net.minecraft.server.management.PlayerInteractionManager/]: Mismatch in destroy block pos: BlockPos{x=-40, y=7, z=-22} BlockPos{x=-37, y=5, z=-22}
[15Aug2026 16:16:59.271] [Server thread/INFO] [net.minecraft.server.MinecraftServer/]: [Dev: Set the time to 1000]
[15Aug2026 16:16:59.271] [Render thread/INFO] [net.minecraft.client.gui.NewChatGui/]: [CHAT] Set the time to 1000
[15Aug2026 16:17:32.088] [Server thread/INFO] [net.minecraft.server.MinecraftServer/]: [Dev: Set the time to 1000]
[15Aug2026 16:17:32.099] [Render thread/INFO] [net.minecraft.client.gui.NewChatGui/]: [CHAT] Set the time to 1000
[15Aug2026 16:17:35.451] [Server thread/INFO] [net.minecraft.server.MinecraftServer/]: <Dev> bhota build me stone wall 10 19
[15Aug2026 16:17:35.459] [Render thread/INFO] [net.minecraft.client.gui.NewChatGui/]: [CHAT] <Dev> bhota build me stone wall 10 19
[15Aug2026 16:17:35.943] [Server thread/INFO] [net.minecraft.server.MinecraftServer/]: <Bhota> > build(shape="wall", block="stone", blocks=190)
[15Aug2026 16:18:03.811] [Render thread/INFO] [net.minecraft.advancements.AdvancementList/]: Loaded 37 advancements
[15Aug2026 16:19:02.544] [Server thread/INFO] [net.minecraft.server.MinecraftServer/]: <Dev> bhota stop
[15Aug2026 16:19:02.571] [Server thread/INFO] [net.minecraft.server.MinecraftServer/]: <Bhota> > stop()
[15Aug2026 16:19:02.576] [Render thread/INFO] [net.minecraft.client.gui.NewChatGui/]: [CHAT] <Dev> bhota stop
[15Aug2026 16:19:03.670] [Server thread/INFO] [net.minecraft.server.MinecraftServer/]: <Bhota> Build interrupted (36 placed, 30 skipped).
[15Aug2026 16:19:05.965] [Server thread/INFO] [net.minecraft.server.MinecraftServer/]: <Bhota> > lookAround()
[15Aug2026 16:19:06.288] [Server thread/INFO] [net.minecraft.server.MinecraftServer/]: <Bhota> Build interrupted (28 placed, 76 skipped).
[15Aug2026 16:19:11.956] [Server thread/INFO] [net.minecraft.server.MinecraftServer/]: [Dev: Teleported Bhota to Dev]
[15Aug2026 16:19:11.958] [Render thread/INFO] [net.minecraft.client.gui.NewChatGui/]: [CHAT] Teleported Bhota to Dev
[15Aug2026 16:19:11.964] [Server thread/WARN] [net.minecraft.network.play.ServerPlayNetHandler/]: Bhota moved too quickly! 10.871794390499328,-5.0,-12.91497372917901
[15Aug2026 16:19:11.965] [Server thread/WARN] [net.minecraft.network.play.ServerPlayNetHandler/]: Bhota moved too quickly! 10.871794390499328,-5.0,-12.91497372917901
[15Aug2026 16:19:11.967] [Server thread/WARN] [net.minecraft.network.play.ServerPlayNetHandler/]: Bhota moved too quickly! 10.871794390499328,-5.0,-12.91497372917901
[15Aug2026 16:19:27.244] [Server thread/INFO] [net.minecraft.server.MinecraftServer/]: <Dev> follow me
[15Aug2026 16:19:27.378] [Render thread/INFO] [net.minecraft.client.gui.NewChatGui/]: [CHAT] <Dev> follow me
[15Aug2026 16:19:42.217] [Server thread/INFO] [net.minecraft.server.MinecraftServer/]: [Dev: Set own game mode to Survival Mode]
[15Aug2026 16:19:42.303] [Render thread/INFO] [net.minecraft.client.gui.NewChatGui/]: [CHAT] Set own game mode to Survival Mode
[15Aug2026 16:19:46.400] [Server thread/INFO] [net.minecraft.server.MinecraftServer/]: Dev tried to swim in lava
[15Aug2026 16:19:46.453] [Render thread/INFO] [net.minecraft.client.gui.NewChatGui/]: [CHAT] Dev tried to swim in lava
[15Aug2026 16:19:57.457] [Server thread/INFO] [net.minecraft.server.MinecraftServer/]: [Dev: Set own game mode to Creative Mode]
[15Aug2026 16:19:57.458] [Render thread/INFO] [net.minecraft.client.gui.NewChatGui/]: [CHAT] Set own game mode to Creative Mode
[15Aug2026 16:19:59.987] [Server thread/INFO] [net.minecraft.server.MinecraftServer/]: <Bhota> > lookAround()
[15Aug2026 16:20:09.123] [Server thread/INFO] [net.minecraft.server.MinecraftServer/]: [Dev: Set Bhota's game mode to Survival Mode]
[15Aug2026 16:20:09.187] [Render thread/INFO] [net.minecraft.client.gui.NewChatGui/]: [CHAT] Set Bhota's game mode to Survival Mode
[15Aug2026 16:20:15.474] [Server thread/INFO] [net.minecraft.server.MinecraftServer/]: <Dev> follow bhota
[15Aug2026 16:20:15.476] [Render thread/INFO] [net.minecraft.client.gui.NewChatGui/]: [CHAT] <Dev> follow bhota
[15Aug2026 16:20:15.478] [Server thread/INFO] [net.minecraft.server.MinecraftServer/]: <Bhota> > follow(target="Dev")
[15Aug2026 16:21:01.526] [Server thread/INFO] [net.minecraft.server.MinecraftServer/]: <Bhota> the botimen me
[15Aug2026 16:21:11.913] [Server thread/INFO] [net.minecraft.server.MinecraftServer/]: <Bhota> both bullde both bhoth
[15Aug2026 16:21:15.103] [Server thread/INFO] [net.minecraft.server.MinecraftServer/]: <Bhota> > retreatFrom(source="player_attack:Dev")
[15Aug2026 16:21:15.242] [Server thread/INFO] [net.minecraft.server.MinecraftServer/]: <Bhota> > endFlee()
[15Aug2026 16:21:22.238] [Server thread/INFO] [net.minecraft.server.MinecraftServer/]: <Dev> stop bhota
[15Aug2026 16:21:22.247] [Render thread/INFO] [net.minecraft.client.gui.NewChatGui/]: [CHAT] <Dev> stop bhota
[15Aug2026 16:21:22.248] [Server thread/INFO] [net.minecraft.server.MinecraftServer/]: <Bhota> > stop()
[15Aug2026 16:21:30.092] [Server thread/INFO] [net.minecraft.server.MinecraftServer/]: <Bhota> > lookAround()
[15Aug2026 16:21:48.101] [Server thread/INFO] [net.minecraft.server.MinecraftServer/]: <Bhota> > lookAround()
[15Aug2026 16:21:51.271] [Server thread/INFO] [net.minecraft.server.MinecraftServer/]: <Dev> bhota mine me 200 dirt
[15Aug2026 16:21:51.372] [Render thread/INFO] [net.minecraft.client.gui.NewChatGui/]: [CHAT] <Dev> bhota mine me 200 dirt
[15Aug2026 16:21:51.568] [Server thread/INFO] [net.minecraft.server.MinecraftServer/]: <Bhota> > mine(block="dirt", count=200, specified=true)
[15Aug2026 16:22:28.981] [Server thread/INFO] [net.minecraft.server.MinecraftServer/]: [Dev: Applied effect Mining Fatigue to Bhota]
[15Aug2026 16:22:28.988] [Render thread/INFO] [net.minecraft.client.gui.NewChatGui/]: [CHAT] Applied effect Mining Fatigue to Bhota
[15Aug2026 16:22:29.448] [Server thread/INFO] [net.minecraft.server.MinecraftServer/]: <Bhota> sho bllar: ath: both
[15Aug2026 16:22:59.125] [Server thread/INFO] [net.minecraft.server.MinecraftServer/]: <Bhota> Mining stopped: Took to long to decide path to goal!
[15Aug2026 16:23:00.160] [Server thread/INFO] [net.minecraft.server.MinecraftServer/]: <Bhota> > lookAround()
[15Aug2026 16:23:18.196] [Server thread/INFO] [net.minecraft.server.MinecraftServer/]: <Bhota> > lookAround()
[15Aug2026 16:23:36.168] [Server thread/INFO] [net.minecraft.server.MinecraftServer/]: <Bhota> > lookAround()
[15Aug2026 16:23:54.207] [Server thread/INFO] [net.minecraft.server.MinecraftServer/]: <Bhota> > lookAround()
[15Aug2026 16:24:12.200] [Server thread/INFO] [net.minecraft.server.MinecraftServer/]: <Bhota> > lookAround()
[15Aug2026 16:24:30.229] [Server thread/INFO] [net.minecraft.server.MinecraftServer/]: <Bhota> > lookAround()
[15Aug2026 16:24:48.219] [Server thread/INFO] [net.minecraft.server.MinecraftServer/]: <Bhota> > lookAround()
[15Aug2026 16:25:06.225] [Server thread/INFO] [net.minecraft.server.MinecraftServer/]: <Bhota> > lookAround()
[15Aug2026 16:25:24.236] [Server thread/INFO] [net.minecraft.server.MinecraftServer/]: <Bhota> > lookAround()
[15Aug2026 16:25:42.241] [Server thread/INFO] [net.minecraft.server.MinecraftServer/]: <Bhota> > lookAround()
[15Aug2026 16:26:00.260] [Server thread/INFO] [net.minecraft.server.MinecraftServer/]: <Bhota> > lookAround()
[15Aug2026 16:26:12.811] [Server thread/INFO] [net.minecraft.server.MinecraftServer/]: <Dev> bhota mine me 200 dirt
[15Aug2026 16:26:12.825] [Render thread/INFO] [net.minecraft.client.gui.NewChatGui/]: [CHAT] <Dev> bhota mine me 200 dirt
[15Aug2026 16:26:13.058] [Server thread/INFO] [net.minecraft.server.MinecraftServer/]: <Bhota> > mine(block="dirt", count=200, specified=true)
[15Aug2026 16:26:39.860] [Server thread/INFO] [net.minecraft.server.MinecraftServer/]: <Bhota> Mining stopped: Took to long to decide path to goal!
[15Aug2026 16:26:54.399] [Server thread/INFO] [net.minecraft.server.MinecraftServer/]: <Bhota> > lookAround()
[15Aug2026 16:27:12.525] [Server thread/INFO] [net.minecraft.server.MinecraftServer/]: <Bhota> > lookAround()
[15Aug2026 16:27:30.408] [Server thread/INFO] [net.minecraft.server.MinecraftServer/]: <Bhota> > lookAround()
[15Aug2026 16:27:48.443] [Server thread/INFO] [net.minecraft.server.MinecraftServer/]: <Bhota> > lookAround()
[15Aug2026 16:27:53.166] [Server thread/INFO] [net.minecraft.server.MinecraftServer/]: [Dev: Removed 326 items from player Bhota]
[15Aug2026 16:27:53.238] [Render thread/INFO] [net.minecraft.client.gui.NewChatGui/]: [CHAT] Removed 326 items from player Bhota
[15Aug2026 16:28:00.776] [Server thread/INFO] [net.minecraft.server.MinecraftServer/]: <Dev> stop bhota
[15Aug2026 16:28:00.787] [Render thread/INFO] [net.minecraft.client.gui.NewChatGui/]: [CHAT] <Dev> stop bhota
[15Aug2026 16:28:00.862] [Server thread/INFO] [net.minecraft.server.MinecraftServer/]: <Bhota> > stop()
[15Aug2026 16:28:06.451] [Server thread/INFO] [net.minecraft.server.MinecraftServer/]: <Bhota> > lookAround()
[15Aug2026 16:28:08.672] [Server thread/INFO] [net.minecraft.server.MinecraftServer/]: [Dev: Set the time to 1000]
[15Aug2026 16:28:08.672] [Render thread/INFO] [net.minecraft.client.gui.NewChatGui/]: [CHAT] Set the time to 1000
[15Aug2026 16:28:24.451] [Render thread/INFO] [net.minecraft.client.gui.NewChatGui/]: [CHAT] No items were found on player Bhota
[15Aug2026 16:28:24.453] [Server thread/INFO] [net.minecraft.server.MinecraftServer/]: <Bhota> > lookAround()
[15Aug2026 16:28:42.503] [Server thread/INFO] [net.minecraft.server.MinecraftServer/]: <Bhota> > lookAround()
[15Aug2026 16:29:00.536] [Server thread/INFO] [net.minecraft.server.MinecraftServer/]: <Bhota> > lookAround()
[15Aug2026 16:29:18.466] [Server thread/INFO] [net.minecraft.server.MinecraftServer/]: <Bhota> > lookAround()
[15Aug2026 16:29:36.524] [Server thread/INFO] [net.minecraft.server.MinecraftServer/]: <Bhota> > lookAround()
[15Aug2026 16:29:41.150] [Server thread/INFO] [net.minecraft.server.MinecraftServer/]: [Dev: Teleported Bhota to Dev]
[15Aug2026 16:29:41.151] [Render thread/INFO] [net.minecraft.client.gui.NewChatGui/]: [CHAT] Teleported Bhota to Dev
[15Aug2026 16:29:54.543] [Server thread/INFO] [net.minecraft.server.MinecraftServer/]: <Bhota> > lookAround()
[15Aug2026 16:29:55.049] [Server thread/INFO] [net.minecraft.server.MinecraftServer/]: <Dev> bhota follow me
[15Aug2026 16:29:55.057] [Render thread/INFO] [net.minecraft.client.gui.NewChatGui/]: [CHAT] <Dev> bhota follow me
[15Aug2026 16:29:55.294] [Server thread/INFO] [net.minecraft.server.MinecraftServer/]: <Bhota> > follow(target="Dev")
[15Aug2026 16:30:07.491] [Server thread/INFO] [net.minecraft.server.MinecraftServer/]: <Dev> bhota follow me
[15Aug2026 16:30:07.494] [Server thread/INFO] [net.minecraft.server.MinecraftServer/]: <Bhota> > follow(target="Dev")
[15Aug2026 16:30:07.504] [Render thread/INFO] [net.minecraft.client.gui.NewChatGui/]: [CHAT] <Dev> bhota follow me
[15Aug2026 16:30:19.437] [Server thread/INFO] [net.minecraft.server.MinecraftServer/]: <Bhota> bhot se bhat me bhe blow
[15Aug2026 16:31:06.112] [Server thread/INFO] [net.minecraft.server.MinecraftServer/]: <Dev> look at me
[15Aug2026 16:31:06.174] [Render thread/INFO] [net.minecraft.client.gui.NewChatGui/]: [CHAT] <Dev> look at me
[15Aug2026 16:31:19.530] [Server thread/INFO] [net.minecraft.server.MinecraftServer/]: <Bhota> > retreatFrom(source="player_attack:Dev")
[15Aug2026 16:31:20.213] [Server thread/INFO] [net.minecraft.server.MinecraftServer/]: <Bhota> > endFlee()
[15Aug2026 16:31:26.096] [Server thread/INFO] [net.minecraft.server.MinecraftServer/]: <Bhota> > retreatFrom(source="player_attack:Dev")
[15Aug2026 16:31:26.208] [Server thread/INFO] [net.minecraft.server.MinecraftServer/]: <Bhota> > endFlee()
[15Aug2026 16:31:33.941] [Server thread/INFO] [net.minecraft.server.MinecraftServer/]: <Dev> stop bhota
[15Aug2026 16:31:33.944] [Render thread/INFO] [net.minecraft.client.gui.NewChatGui/]: [CHAT] <Dev> stop bhota
[15Aug2026 16:31:34.095] [Server thread/INFO] [net.minecraft.server.MinecraftServer/]: <Bhota> > stop()
[15Aug2026 16:31:40.963] [Server thread/INFO] [net.minecraft.server.MinecraftServer/]: <Bhota> > retreatFrom(source="player_attack:Dev")
[15Aug2026 16:31:41.192] [Server thread/INFO] [net.minecraft.server.MinecraftServer/]: <Bhota> > endFlee()
[15Aug2026 16:31:42.763] [Server thread/INFO] [net.minecraft.server.MinecraftServer/]: <Bhota> > lookAround()
[15Aug2026 16:31:49.534] [Server thread/INFO] [net.minecraft.server.MinecraftServer/]: <Bhota> > retreatFrom(source="player_attack:Dev")
[15Aug2026 16:31:50.203] [Server thread/INFO] [net.minecraft.server.MinecraftServer/]: <Bhota> > endFlee()
[15Aug2026 16:32:00.760] [Server thread/INFO] [net.minecraft.server.MinecraftServer/]: <Bhota> > lookAround()
[15Aug2026 16:32:18.752] [Server thread/INFO] [net.minecraft.server.MinecraftServer/]: <Bhota> > lookAround()
[15Aug2026 16:32:36.795] [Server thread/INFO] [net.minecraft.server.MinecraftServer/]: <Bhota> > lookAround()
[15Aug2026 16:32:54.765] [Server thread/INFO] [net.minecraft.server.MinecraftServer/]: <Bhota> > lookAround()
[15Aug2026 16:33:12.761] [Server thread/INFO] [net.minecraft.server.MinecraftServer/]: <Bhota> > lookAround()
[15Aug2026 16:33:30.760] [Server thread/INFO] [net.minecraft.server.MinecraftServer/]: <Bhota> > lookAround()
[15Aug2026 16:33:34.566] [Server thread/INFO] [net.minecraft.network.play.ServerPlayNetHandler/]: Bhota lost connection: Disconnected
[15Aug2026 16:33:34.568] [Server thread/INFO] [net.minecraft.server.MinecraftServer/]: Bhota left the game
[15Aug2026 16:33:34.600] [Render thread/INFO] [net.minecraft.client.gui.NewChatGui/]: [CHAT] Bhota left the game
[15Aug2026 16:33:36.175] [User Authenticator #134/WARN] [net.minecraft.network.login.ServerLoginNetHandler/]: Failed to verify username but will let them in anyway!
[15Aug2026 16:33:36.278] [Server thread/INFO] [net.minecraftforge.common.AdvancementLoadFix/]: Using new advancement loading for net.minecraft.advancements.PlayerAdvancements@7443c351
[15Aug2026 16:33:36.284] [Server thread/INFO] [net.minecraft.server.management.PlayerList/]: Bhota[/192.168.29.156:55485] logged in with entity id 2906 at (12.311932905830355, 4.0, -39.46256830572548)
[15Aug2026 16:33:36.296] [Server thread/INFO] [net.minecraft.server.MinecraftServer/]: Bhota joined the game
[15Aug2026 16:33:36.463] [Render thread/INFO] [net.minecraft.client.gui.NewChatGui/]: [CHAT] Bhota joined the game
[15Aug2026 16:33:36.622] [Server thread/INFO] [net.minecraft.server.MinecraftServer/]: <Bhota> Bot online. Mention me and tell me what you want, or use !help.
[15Aug2026 16:34:02.033] [Server thread/INFO] [net.minecraft.network.play.ServerPlayNetHandler/]: Bhota lost connection: Disconnected
[15Aug2026 16:34:02.034] [Server thread/INFO] [net.minecraft.server.MinecraftServer/]: Bhota left the game
[15Aug2026 16:34:02.514] [Render thread/INFO] [net.minecraft.client.gui.NewChatGui/]: [CHAT] Bhota left the game
